name,country,subcountry,geonameid
les Escaldes,Andorra,,3040051
Andorra la Vella,Andorra,,3041563
Warīsān,United Arab Emirates,,290503
Umm Suqaym,United Arab Emirates,,290581
Umm Al Quwain City,United Arab Emirates,,290594
Ar Rāshidīyah,United Arab Emirates,,291061
Ras Al Khaimah City,United Arab Emirates,,291074
Zayed City,United Arab Emirates,,291580
Khawr Fakkān,United Arab Emirates,,291696
Kalbā,United Arab Emirates,,291763
Jumayrā,United Arab Emirates,,291775
Dubai,United Arab Emirates,,292223
Dibba Al-Fujairah,United Arab Emirates,,292231
Dibba Al-Hisn,United Arab Emirates,,292239
Dayrah,United Arab Emirates,,292261
Sharjah,United Arab Emirates,,292672
Ar Ruways,United Arab Emirates,,292688
Ḩattā,United Arab Emirates,,292862
Al Fujairah City,United Arab Emirates,,292878
Al Ain City,United Arab Emirates,,292913
Ajman City,United Arab Emirates,,292932
Adh Dhayd,United Arab Emirates,,292953
Abu Dhabi,United Arab Emirates,,292968
Abū Hayl,United Arab Emirates,,292991
As Saţwah,United Arab Emirates,,385024
Al Ḩamīdīyah,United Arab Emirates,,414901
Al Waheda,United Arab Emirates,,6691079
Al Karama,United Arab Emirates,,6691091
The Palm Jumeirah,United Arab Emirates,,6691113
Bur Dubai,United Arab Emirates,,7289825
Khalifah A City,United Arab Emirates,,8057551
Mirdif,United Arab Emirates,,8200824
Hawr al ‘Anz,United Arab Emirates,,8201275
Mankhūl,United Arab Emirates,,8225407
Nāyf,United Arab Emirates,,8226485
Al Murar al Qadīm,United Arab Emirates,,8226590
Al Warqaa,United Arab Emirates,,8469658
International City,United Arab Emirates,,8469668
Dubai Marina,United Arab Emirates,,8469788
Dubai Internet City,United Arab Emirates,,8469811
Al Safa,United Arab Emirates,,8469819
Ar Rumaylah,United Arab Emirates,,8475866
Al Jurf,United Arab Emirates,,8475923
Al Majaz,United Arab Emirates,,8476509
Dubai Festival City,United Arab Emirates,,8541937
Dubai International Financial Centre,United Arab Emirates,,8541977
Dubai Investments Park,United Arab Emirates,,11048853
Jebel Ali,United Arab Emirates,,11524601
Bani Yas City,United Arab Emirates,,12042052
Musaffah,United Arab Emirates,,12042053
Al Shamkhah City,United Arab Emirates,,12047416
Reef Al Fujairah City,United Arab Emirates,,12047417
Al Bada'a,United Arab Emirates,,13118420
Al Muteena,United Arab Emirates,,13118421
Al Mizhar First,United Arab Emirates,,13118422
Dubai Silicon Oasis,United Arab Emirates,,13118424
Al Furjan,United Arab Emirates,,13118431
Business Bay,United Arab Emirates,,13118432
Al Qusais 1,United Arab Emirates,,13118433
Halwan,United Arab Emirates,,13118437
Al Sajaah,United Arab Emirates,,13118438
Lahbab,United Arab Emirates,,13118439
Mohammed Bin Zayed City,United Arab Emirates,,13118447
Zaranj,Afghanistan,,1120985
Bāzār-e Yakāwlang,Afghanistan,,1121381
Taloqan,Afghanistan,,1123004
Shīnḏanḏ,Afghanistan,,1125155
Shibirghān,Afghanistan,,1125444
Shahrak,Afghanistan,,1125896
Sar-e Pul,Afghanistan,,1127110
Sang-e Chārak,Afghanistan,,1127628
Aībak,Afghanistan,,1127768
Rustāq,Afghanistan,,1128265
Qarqīn,Afghanistan,,1129516
Qarāwul,Afghanistan,,1129648
Pul-e Khumrī,Afghanistan,,1130490
Paghmān,Afghanistan,,1131316
Nīlī,Afghanistan,,1131833
Nahrīn,Afghanistan,,1132495
Maymana,Afghanistan,,1133453
Mehtar Lām,Afghanistan,,1133574
Mazār-e Sharīf,Afghanistan,,1133616
Lashkar Gāh,Afghanistan,,1134720
Kushk,Afghanistan,,1135158
Kunduz,Afghanistan,,1135689
Khōst,Afghanistan,,1136469
Khulm,Afghanistan,,1136575
Khāsh,Afghanistan,,1136863
Khān Neshīn,Afghanistan,,1137079
Khanabad,Afghanistan,,1137168
Karukh,Afghanistan,,1137807
Kandahār,Afghanistan,,1138336
Kabul,Afghanistan,,1138958
Jalālābād,Afghanistan,,1139715
Jabal os Saraj,Afghanistan,,1139807
Herāt,Afghanistan,,1140026
Ghormach,Afghanistan,,1141089
Ghazni,Afghanistan,,1141269
Gereshk,Afghanistan,,1141540
Gardez,Afghanistan,,1141857
Fayzabad,Afghanistan,,1142170
Farah,Afghanistan,,1142264
Eslam Qaleh,Afghanistan,,1142404
Charikar,Afghanistan,,1145352
Baraki Barak,Afghanistan,,1147066
Bāmyān,Afghanistan,,1147242
Balkh,Afghanistan,,1147290
Baghlān,Afghanistan,,1147540
Ārt Khwājah,Afghanistan,,1148106
Āsmār,Afghanistan,,1148205
Asadābād,Afghanistan,,1148311
Andkhōy,Afghanistan,,1148658
Bāzārak,Afghanistan,,1429434
Markaz-e Woluswalī-ye Āchīn,Afghanistan,,1469706
Saint John’s,Antigua and Barbuda,,3576022
The Valley,Anguilla,,3573374
Sarandë,Albania,,363243
Pogradec,Albania,,781988
Kukës,Albania,,782661
Korçë,Albania,,782756
Gjirokastër,Albania,,783148
Elbasan,Albania,,783263
Burrel,Albania,,783493
Vlorë,Albania,,3183719
Tirana,Albania,,3183875
Shkodër,Albania,,3184081
Patos Fshat,Albania,,3184517
Patos,Albania,,3184518
Lushnjë,Albania,,3184862
Lezhë,Albania,,3184935
Laç,Albania,,3185012
Krujë,Albania,,3185082
Kavajë,Albania,,3185211
Fier-Çifçi,Albania,,3185670
Fier,Albania,,3185672
Durrës,Albania,,3185728
Berat,Albania,,3186084
Kapan,Armenia,,174875
Goris,Armenia,,174895
Artashat,Armenia,,174979
Ararat,Armenia,,174991
Yerevan,Armenia,,616052
Vagharshapat,Armenia,,616062
Sevan,Armenia,,616250
Masis,Armenia,,616435
Vanadzor,Armenia,,616530
Gavar,Armenia,,616599
Ijevan,Armenia,,616627
Hrazdan,Armenia,,616629
Armavir,Armenia,,616631
Gyumri,Armenia,,616635
Dilijan,Armenia,,616752
Davtashen,Armenia,,616758
Charentsavan,Armenia,,616785
Avan,Armenia,,616864
Ashtarak,Armenia,,616877
Artik,Armenia,,616887
Abovyan,Armenia,,617026
Erebuni,Armenia,,866152
Nor Nork,Armenia,,866153
Ajapnyak,Armenia,,866164
Kanaker-Zeytun,Armenia,,7647071
Malatia-Sebastia,Armenia,,7670934
Kentron,Armenia,,7670941
Shengavit,Armenia,,11111027
Arabkir,Armenia,,13156582
Saurimo,Angola,,145531
Lucapa,Angola,,145724
Dundo,Angola,,145757
Chitato,Angola,,145778
Cassanguidi,Angola,,145872
Lumbala,Angola,,876130
Luau,Angola,,876177
Cazombo,Angola,,876482
Nzagi,Angola,,2236360
Uíge,Angola,,2236568
Tombôco,Angola,,2236716
Soyo,Angola,,2236967
Songo,Angola,,2236991
Sanza Pombo,Angola,,2237128
Ambrizette,Angola,,2239001
Negage,Angola,,2239069
N'dalatando,Angola,,2239076
Mussende,Angola,,2239149
Mbanza Kongo,Angola,,2239520
Maquela do Zombo,Angola,,2239732
Malanje,Angola,,2239862
Lucala,Angola,,2240393
Lubalo,Angola,,2240416
Luanda,Angola,,2240449
Cunda diá Baze,Angola,,2240686
Golungo Alto,Angola,,2240975
Dondo,Angola,,2241371
Dondo,Angola,,2241372
Cuímba,Angola,,2241623
Cuilo,Angola,,2241635
Cuango-Luzamba,Angola,,2241668
Cazombo,Angola,,2241954
Caxito,Angola,,2242001
Cangandala,Angola,,2242584
Camabatela,Angola,,2242885
Cacuso,Angola,,2243127
Cabinda,Angola,,2243271
Buco Zau,Angola,,2243458
Belize,Angola,,2243646
Barra do Dande,Angola,,2243677
Bailundo,Angola,,2243866
Gama,Angola,,2591933
Xangongo,Angola,,3345492
Alto Hama,Angola,,3345495
Virei,Angola,,3345517
Ucuma,Angola,,3345668
Ucu Seles,Angola,,3345669
Tômbua,Angola,,3345790
Sumbe,Angola,,3346015
Quipungo,Angola,,3346497
Quibala,Angola,,3346598
Porto Amboim,Angola,,3346661
Ondjiva,Angola,,3346821
Nharêa,Angola,,3346942
Mossamedes,Angola,,3347019
Mungo,Angola,,3347111
Menongue,Angola,,3347353
Matala,Angola,,3347424
Luquembo,Angola,,3347615
Luena,Angola,,3347719
Lubango,Angola,,3347762
Longonjo,Angola,,3347853
Londuimbali,Angola,,3347880
Lobito,Angola,,3347939
Cuíto,Angola,,3348078
Catchiungo,Angola,,3348094
Huambo,Angola,,3348313
Ganda,Angola,,3348581
Gabela,Angola,,3348613
Dombe Grande,Angola,,3348896
Cuemba,Angola,,3349181
Cubal,Angola,,3349229
Conda,Angola,,3349324
Chitembo,Angola,,3349515
Chinguar,Angola,,3349723
Cela,Angola,,3350123
Catumbela,Angola,,3350246
Catabola,Angola,,3350372
Capunda,Angola,,3350550
Camucuio,Angola,,3350867
Cambundi Catembo,Angola,,3350917
Camacupa,Angola,,3351014
Caluquembe,Angola,,3351023
Calulo,Angola,,3351064
Caála,Angola,,3351500
Bocoio,Angola,,3351599
Benguela,Angola,,3351663
Balombo,Angola,,3351764
Baía Farta,Angola,,3351786
Andulo,Angola,,3351884
Cambundi,Angola,,7745410
Cafunfo,Angola,,7768322
Santa Clara,Angola,,7855993
Quissecula,Angola,,7860624
Cambundi,Angola,,7900710
Zárate,Argentina,,3427213
Colonia Wanda,Argentina,,3427327
Villa Ortúzar,Argentina,,3427387
Villa Ocampo,Argentina,,3427388
Villa Lugano,Argentina,,3427408
Villaguay,Argentina,,3427428
Villa Gesell,Argentina,,3427431
Villa de Mayo,Argentina,,3427453
Tortuguitas,Argentina,,3427687
Tigre,Argentina,,3427761
Tandil,Argentina,,3427833
San Vicente,Argentina,,3428068
Santo Tomé,Argentina,,3428071
Santos Lugares,Argentina,,3428075
Santa Elena,Argentina,,3428359
San Pedro,Argentina,,3428576
San Pedro,Argentina,,3428577
San Luis del Palmar,Argentina,,3428708
San Lorenzo,Argentina,,3428759
San Javier,Argentina,,3428975
San Isidro,Argentina,,3428992
San Antonio de Padua,Argentina,,3429244
Saladas,Argentina,,3429403
Retiro,Argentina,,3429576
Resistencia,Argentina,,3429577
Reconquista,Argentina,,3429594
Quilmes,Argentina,,3429652
Puerto Rico,Argentina,,3429732
Puerto Iguazú,Argentina,,3429777
Puerto Esperanza,Argentina,,3429786
Puerto Eldorado,Argentina,,3429790
Posadas,Argentina,,3429886
Pontevedra,Argentina,,3429902
Pirané,Argentina,,3429949
Pilar,Argentina,,3429980
Paso de los Libres,Argentina,,3430104
Oberá,Argentina,,3430340
Necochea,Argentina,,3430443
Muñiz,Argentina,,3430513
Morón,Argentina,,3430545
Monte Caseros,Argentina,,3430598
Montecarlo,Argentina,,3430601
Merlo,Argentina,,3430697
Mercedes,Argentina,,3430708
Mercedes,Argentina,,3430709
Haedo,Argentina,,3430835
Mar del Plata,Argentina,,3430863
Luján,Argentina,,3430988
Los Polvorines,Argentina,,3431057
La Plata,Argentina,,3432043
La Paz,Argentina,,3432079
Jardín América,Argentina,,3433349
Ituzaingó,Argentina,,3433360
Hurlingham,Argentina,,3433522
Gualeguaychú,Argentina,,3433658
Gualeguay,Argentina,,3433663
Goya,Argentina,,3433715
Gobernador Virasora,Argentina,,3433753
General Pacheco,Argentina,,3433787
General José de San Martín,Argentina,,3433803
Garupá,Argentina,,3433836
Formosa,Argentina,,3433899
Fontana,Argentina,,3433901
Federal,Argentina,,3433956
Esquina,Argentina,,3434095
El Soberbio,Argentina,,3434291
El Palomar,Argentina,,3434509
Don Torcuato,Argentina,,3435010
Dolores,Argentina,,3435038
Curuzú Cuatiá,Argentina,,3435103
Corrientes,Argentina,,3435217
Concordia,Argentina,,3435261
Concepción del Uruguay,Argentina,,3435264
Colegiales,Argentina,,3435356
Chajarí,Argentina,,3435486
Castelar,Argentina,,3435607
Campana,Argentina,,3435810
Buenos Aires,Argentina,,3435910
Boedo,Argentina,,3436003
Berazategui,Argentina,,3436043
Bella Vista,Argentina,,3436061
Belgrano,Argentina,,3436077
Barranqueras,Argentina,,3436124
Barracas,Argentina,,3436134
Balcarce,Argentina,,3436177
Azul,Argentina,,3436199
Avellaneda,Argentina,,3436230
Aristóbulo del Valle,Argentina,,3436287
Zapala,Argentina,,3832132
Yerba Buena,Argentina,,3832260
Villa Regina,Argentina,,3832647
Villa Paula de Sarmiento,Argentina,,3832653
Villa Nueva,Argentina,,3832662
Villa María,Argentina,,3832694
Villa Dolores,Argentina,,3832756
Villa Constitución,Argentina,,3832778
Villa Carlos Paz,Argentina,,3832791
Villa Ángela,Argentina,,3832811
Villa Allende,Argentina,,3832815
Viedma,Argentina,,3832899
Victoria,Argentina,,3832934
Vera,Argentina,,3833027
Venado Tuerto,Argentina,,3833062
Veinticinco de Mayo,Argentina,,3833112
Ushuaia,Argentina,,3833367
Unquillo,Argentina,,3833412
Tres Isletas,Argentina,,3833794
Tres Arroyos,Argentina,,3833859
Trelew,Argentina,,3833883
Termas de Río Hondo,Argentina,,3834502
Tartagal,Argentina,,3834601
Tafí Viejo,Argentina,,3834813
Sunchales,Argentina,,3834971
Santo Tomé,Argentina,,3835793
Santiago del Estero,Argentina,,3835869
Santa Rosa,Argentina,,3835994
Santa Lucía,Argentina,,3836194
Santa Fe,Argentina,,3836277
San Salvador de Jujuy,Argentina,,3836564
San Ramón de la Nueva Orán,Argentina,,3836620
San Rafael,Argentina,,3836669
San Pedro de Jujuy,Argentina,,3836772
San Nicolás de los Arroyos,Argentina,,3836846
San Miguel de Tucumán,Argentina,,3836873
San Martín de los Andes,Argentina,,3836951
San Martín,Argentina,,3836992
San Luis,Argentina,,3837056
San Justo,Argentina,,3837124
San Juan,Argentina,,3837213
San José de Jáchal,Argentina,,3837240
San Jorge,Argentina,,3837441
San Francisco,Argentina,,3837675
Catamarca,Argentina,,3837702
San Antonio Oeste,Argentina,,3837980
Salta,Argentina,,3838233
Rufino,Argentina,,3838506
Rosario,Argentina,,3838583
Río Tercero,Argentina,,3838793
Río Segundo,Argentina,,3838797
Río Grande,Argentina,,3838854
Río Gallegos,Argentina,,3838859
Río Cuarto,Argentina,,3838874
Río Ceballos,Argentina,,3838902
Rawson,Argentina,,3839307
Rafaela,Argentina,,3839479
Quitilipi,Argentina,,3839490
Punta Alta,Argentina,,3839982
Puerto Madryn,Argentina,,3840092
Presidencia Roque Sáenz Peña,Argentina,,3840300
Pocito,Argentina,,3840860
Plottier,Argentina,,3840885
Pergamino,Argentina,,3841490
Pérez,Argentina,,3841500
Paraná,Argentina,,3841956
Palpalá,Argentina,,3842190
Olavarría,Argentina,,3842670
Nueve de Julio,Argentina,,3842881
Neuquén,Argentina,,3843123
Morteros,Argentina,,3843619
Monteros,Argentina,,3843803
Mendoza,Argentina,,3844421
Marcos Juárez,Argentina,,3844899
Machagai,Argentina,,3845330
Lincoln,Argentina,,3846864
Libertador General San Martín,Argentina,,3846915
Las Breñas,Argentina,,3848687
La Rioja,Argentina,,3848950
La Falda,Argentina,,3851331
La Calera,Argentina,,3852374
Laboulaye,Argentina,,3852468
Junín,Argentina,,3853354
Joaquín V. González,Argentina,,3853491
Jesús María,Argentina,,3853510
Granadero Baigorria,Argentina,,3854895
Gobernador Gálvez,Argentina,,3854985
General Villegas,Argentina,,3855041
General Roca,Argentina,,3855065
General Pinedo,Argentina,,3855074
General Pico,Argentina,,3855075
General Mosconi,Argentina,,3855116
Gálvez,Argentina,,3855244
Firmat,Argentina,,3855554
Famaillá,Argentina,,3855666
Esquel,Argentina,,3855974
Esperanza,Argentina,,3856022
Embarcación,Argentina,,3856231
Embalse,Argentina,,3856235
El Bolsón,Argentina,,3858765
Diamante,Argentina,,3859384
Deán Funes,Argentina,,3859512
Cutral-Có,Argentina,,3859552
Cruz del Eje,Argentina,,3859828
Crespo,Argentina,,3859904
Cosquín,Argentina,,3859965
Coronel Suárez,Argentina,,3860164
Coronda,Argentina,,3860217
Córdoba,Argentina,,3860259
Comodoro Rivadavia,Argentina,,3860443
Cipolletti,Argentina,,3861056
Cinco Saltos,Argentina,,3861061
Chivilcoy,Argentina,,3861344
Chimbas,Argentina,,3861416
Chilecito,Argentina,,3861445
Charata,Argentina,,3861678
Chacabuco,Argentina,,3861953
Centenario,Argentina,,3862144
Caucete,Argentina,,3862240
Catriel,Argentina,,3862254
Juan José Castelli,Argentina,,3862320
Casilda,Argentina,,3862351
Carcarañá,Argentina,,3862655
Capitán Bermúdez,Argentina,,3862738
Cañada de Gómez,Argentina,,3862981
Caleta Olivia,Argentina,,3863379
Bell Ville,Argentina,,3864331
Bella Vista,Argentina,,3864375
Bahía Blanca,Argentina,,3865086
Arroyo Seco,Argentina,,3865385
Arroyito,Argentina,,3865424
Arrecifes,Argentina,,3865436
Añatuya,Argentina,,3865840
Alta Gracia,Argentina,,3866163
Allen,Argentina,,3866242
Alderetes,Argentina,,3866367
Albardón,Argentina,,3866425
Aguilares,Argentina,,3866496
Balvanera,Argentina,,6693228
Villa Santa Rita,Argentina,,6693230
Villa Mercedes,Argentina,,7116866
San Miguel,Argentina,,7645166
San Carlos de Bariloche,Argentina,,7647007
Adrogué,Argentina,,10172104
Ingeniero Pablo Nogués,Argentina,,11147723
Villa Sarmiento,Argentina,,11148100
José C. Paz,Argentina,,12076997
Pago Pago,American Samoa,,5881576
Döbling,Austria,,2600996
Wilten,Austria,,2761164
Wiener Neustadt,Austria,,2761353
Vienna,Austria,,2761369
Wetzelsdorf,Austria,,2761436
Wels,Austria,,2761524
Villach,Austria,,2762372
Telfs,Austria,,2763810
Straßgang,Austria,,2764178
Stockerau,Austria,,2764279
Steyr,Austria,,2764359
Simmering,Austria,,2765028
Sankt Pölten,Austria,,2766429
Sankt Peter,Austria,,2766446
Sankt Peter,Austria,,2766447
Sankt Martin,Austria,,2766522
Salzburg,Austria,,2766824
Saalfelden am Steinernen Meer,Austria,,2766922
Pradl,Austria,,2768442
Perchtoldsdorf,Austria,,2769110
Ottakring,Austria,,2769359
Mödling,Austria,,2771335
Meidling,Austria,,2771706
Lustenau,Austria,,2772173
Linz,Austria,,2772400
Klosterneuburg,Austria,,2773913
Klagenfurt am Wörthersee,Austria,,2774326
Innsbruck,Austria,,2775220
Innere Stadt,Austria,,2775260
Penzing,Austria,,2775371
Hötting,Austria,,2775479
Hohenems,Austria,,2775742
Hietzing,Austria,,2776421
Hernals,Austria,,2776488
Graz,Austria,,2778067
Fünfhaus,Austria,,2779139
Floridsdorf,Austria,,2779469
Feldkirch,Austria,,2779674
Essling,Austria,,2779912
Eggenberg,Austria,,2780361
Dornbirn,Austria,,2780741
Bregenz,Austria,,2781503
Baden,Austria,,2782067
Aspern,Austria,,2782315
Amstetten,Austria,,2782555
Favoriten,Austria,,8063098
Donaustadt,Austria,,11903636
Jakomini,Austria,,11903637
Lend,Austria,,11903638
Geidorf,Austria,,11903639
Sankt Leonhard,Austria,,11903640
Andritz,Austria,,11903641
Gries,Austria,,11903642
Währing,Austria,,12196319
Landstraße,Austria,,12214069
Margareten,Austria,,12214070
Mariahilf,Austria,,12214071
Neubau,Austria,,12214072
Josefstadt,Austria,,12214073
Alsergrund,Austria,,12214080
Brigittenau,Austria,,12214081
Scarborough,Australia,,2061840
Rockingham,Australia,,2062338
Perth,Australia,,2063523
Mount Isa,Australia,,2065594
Morphett Vale,Australia,,2065740
Mandurah,Australia,,2067119
Kwinana,Australia,,2068079
Gosnells,Australia,,2070571
Geraldton,Australia,,2070998
Gawler,Australia,,2071059
Darwin,Australia,,2073124
Byford,Australia,,2075230
Busselton,Australia,,2075265
Bunbury,Australia,,2075432
Australind,Australia,,2077454
Alice Springs,Australia,,2077895
Albany,Australia,,2077963
Adelaide,Australia,,2078025
Yarraville,Australia,,2142457
Wollert,Australia,,2143255
Wodonga,Australia,,2143285
Wheelers Hill,Australia,,2143887
Westmead,Australia,,2143973
Werribee,Australia,,2144095
Warwick,Australia,,2144502
Warrnambool,Australia,,2144528
Warragul,Australia,,2144604
Wantirna South,Australia,,2144728
Wangaratta,Australia,,2144764
Wahroonga,Australia,,2145092
Upper Coomera,Australia,,2145461
Tuggeranong Administrative District,Australia,,2145936
Truganina,Australia,,2145990
Traralgon,Australia,,2146108
Townsville,Australia,,2146142
Toowoomba,Australia,,2146268
Thornbury,Australia,,2146793
Thomastown,Australia,,2146827
Templestowe,Australia,,2147140
Tarneit,Australia,,2147357
Taree,Australia,,2147381
Tamworth,Australia,,2147497
Sydney,Australia,,2147714
Surry Hills,Australia,,2147821
Surfers Paradise,Australia,,2147849
Sunbury,Australia,,2147914
Strathfield,Australia,,2148088
Springvale,Australia,,2148591
South Yarra,Australia,,2148876
Southport,Australia,,2148928
Shepparton,Australia,,2149645
Seven Hills,Australia,,2149847
Seaford,Australia,,2149975
Saint Kilda,Australia,,2150660
Saint Ives,Australia,,2150669
Saint Albans,Australia,,2150717
Ryde,Australia,,2150767
Rowville,Australia,,2150894
Rockhampton,Australia,,2151437
Rockdale,Australia,,2151443
Ringwood,Australia,,2151576
Richmond,Australia,,2151649
Reservoir,Australia,,2151716
Quakers Hill,Australia,,2152329
Preston,Australia,,2152558
Port Melbourne,Australia,,2152658
Port Macquarie,Australia,,2152659
Point Cook,Australia,,2152819
Pascoe Vale,Australia,,2153720
Palm Beach,Australia,,2153925
Pakenham,Australia,,2153953
Orange,Australia,,2154219
Officer,Australia,,2154481
North Melbourne,Australia,,2154912
Northcote,Australia,,2155001
Noble Park,Australia,,2155204
Newcastle,Australia,,2155472
Nerang,Australia,,2155542
Narre Warren,Australia,,2155718
Narangba,Australia,,2155787
Mulgrave,Australia,,2156340
Mount Waverley,Australia,,2156492
Mount Martha,Australia,,2156578
Mount Gambier,Australia,,2156643
Mount Eliza,Australia,,2156663
Mount Druitt,Australia,,2156671
Mosman,Australia,,2156813
Mornington,Australia,,2156878
Morayfield,Australia,,2156934
South Morang,Australia,,2156942
Mooroolbark,Australia,,2156977
Moonee Ponds,Australia,,2157056
Mitcham,Australia,,2157410
Miranda,Australia,,2157495
Mill Park,Australia,,2157635
Mildura,Australia,,2157698
Merrylands,Australia,,2157995
Mernda,Australia,,2158051
Melbourne,Australia,,2158177
Mascot,Australia,,2158538
Maryborough,Australia,,2158562
Marrickville,Australia,,2158626
Maroubra,Australia,,2158651
Manly,Australia,,2158867
Maitland,Australia,,2159045
Mackay,Australia,,2159220
Liverpool,Australia,,2159851
Lilydale,Australia,,2160188
Lidcombe,Australia,,2160258
Launceston,Australia,,2160517
Lara,Australia,,2160560
Langwarrin,Australia,,2160582
Lalor,Australia,,2160706
Lakemba,Australia,,2160744
Kogarah,Australia,,2161185
Keysborough,Australia,,2161532
Kew,Australia,,2161540
Kensington,Australia,,2161608
Hornsby,Australia,,2163137
Hobart,Australia,,2163355
Hawthorn South,Australia,,2163776
Hawthorn,Australia,,2163782
Hampton Park,Australia,,2163990
Griffith,Australia,,2164422
Greenvale,Australia,,2164495
Greensborough,Australia,,2164515
Granville,Australia,,2164691
Goulburn,Australia,,2164837
Gold Coast,Australia,,2165087
Glen Waverley,Australia,,2165171
Glenroy,Australia,,2165200
Glen Iris,Australia,,2165290
Glenferrie,Australia,,2165329
Gladstone,Australia,,2165478
Geelong,Australia,,2165798
Frankston East,Australia,,2166143
Frankston,Australia,,2166144
Footscray,Australia,,2166370
Fairfield,Australia,,2166952
Essendon,Australia,,2167208
Epping,Australia,,2167279
Epping,Australia,,2167280
Engadine,Australia,,2167312
Eltham,Australia,,2167445
Eight Mile Plains,Australia,,2167651
Eastwood,Australia,,2167840
Earlwood,Australia,,2167949
Dubbo,Australia,,2168305
Doreen,Australia,,2168537
Doncaster East,Australia,,2168605
Doncaster,Australia,,2168607
Deer Park,Australia,,2169145
Deception Bay,Australia,,2169220
Dandenong,Australia,,2169460
Croydon,Australia,,2169867
Cronulla,Australia,,2169956
Cranbourne,Australia,,2170079
Craigieburn,Australia,,2170089
Corio,Australia,,2170307
Coorparoo,Australia,,2170435
Coogee,Australia,,2170697
Coffs Harbour,Australia,,2171085
Coburg,Australia,,2171168
Clayton,Australia,,2171400
Wollongong,Australia,,2171507
Chatswood,Australia,,2171707
Cessnock,Australia,,2171845
Caulfield North,Australia,,2171945
Castle Hill,Australia,,2172111
Carrum Downs,Australia,,2172191
Carnegie,Australia,,2172264
Carlton,Australia,,2172293
Carlingford,Australia,,2172303
Capalaba,Australia,,2172434
Canberra,Australia,,2172517
Camberwell,Australia,,2172686
Cairns,Australia,,2172797
Caboolture,Australia,,2172832
Burwood,Australia,,2172995
Burnie,Australia,,2173125
Bundaberg,Australia,,2173323
Buderim,Australia,,2173605
Brunswick,Australia,,2173741
Broken Hill,Australia,,2173911
Brisbane,Australia,,2174003
Brighton,Australia,,2174039
Boronia,Australia,,2174580
Blacktown,Australia,,2175411
Bexley,Australia,,2175974
Berwick,Australia,,2176031
Bentleigh East,Australia,,2176122
Bentleigh,Australia,,2176123
Bendigo,Australia,,2176187
Baulkham Hills,Australia,,2176592
Bathurst,Australia,,2176632
Banora Point,Australia,,2176934
Bankstown,Australia,,2176947
Ballarat,Australia,,2177091
Bairnsdale,Australia,,2177233
Auburn,Australia,,2177513
Ashfield,Australia,,2177565
Ascot Vale,Australia,,2177576
Armidale,Australia,,2177671
Albany Creek,Australia,,2178208
Maroochydore,Australia,,2207268
Cheltenham,Australia,,2207618
Randwick,Australia,,2208285
Dee Why,Australia,,2208305
Umina Beach,Australia,,2208313
Palmerston,Australia,,6301965
Hervey Bay,Australia,,6354957
Sydney Central Business District,Australia,,6619280
Kingsford,Australia,,6621337
Springfield Lakes,Australia,,6693094
Bracken Ridge,Australia,,6943558
Kallangur,Australia,,6943560
North Lakes,Australia,,6943562
The Gap,Australia,,6943585
Caroline Springs,Australia,,7281805
Hoppers Crossing,Australia,,7281807
Logan City,Australia,,7281838
Carindale,Australia,,7281839
Parramatta,Australia,,7281840
Ferntree Gully,Australia,,7281850
Adelaide Hills,Australia,,7302628
Canning Vale,Australia,,7302631
Glenmore Park,Australia,,7302642
Southbank,Australia,,7302683
Docklands,Australia,,7521471
Helensvale,Australia,,7576707
Elwood,Australia,,7932620
Balwyn North,Australia,,7932629
Malvern East,Australia,,7932638
Brighton East,Australia,,7932646
Redbank Plains,Australia,,7932670
Labrador,Australia,,8012683
St Albans,Australia,,8015209
Endeavour Hills,Australia,,8347325
Kellyville,Australia,,8347736
Taylors Lakes,Australia,,8347847
Cherrybrook,Australia,,8347871
Roxburgh Park,Australia,,8347896
Prestons,Australia,,8347914
Wyndham Vale,Australia,,8348078
Ballajura,Australia,,8348081
Willetton,Australia,,8348101
Glenwood,Australia,,8348142
Cabramatta,Australia,,8348460
Campsie,Australia,,8348466
Casula,Australia,,8348477
Cranebrook,Australia,,8348511
Greenacre,Australia,,8348574
Greystanes,Australia,,8348582
Ellenbrook,Australia,,8348596
Alexandra Hills,Australia,,8348615
Calamvale,Australia,,8348765
Yagoona,Australia,,8348768
Highton,Australia,,8348824
Pacific Pines,Australia,,8348920
Robina,Australia,,8348930
Paralowie,Australia,,8349003
Baldivis,Australia,,8349017
Dianella,Australia,,8349051
Duncraig,Australia,,8349052
Morley,Australia,,8349083
Thornlie,Australia,,8349108
Landsdale,Australia,,8349177
Punchbowl,Australia,,8349222
Parafield Gardens,Australia,,8349238
Hillside,Australia,,8349243
St Clair,Australia,,8349321
Kirwan,Australia,,8349354
Bundoora,Australia,,8349381
Forest Lake,Australia,,9957340
Sunnybank Hills,Australia,,9957350
Rochedale South,Australia,,9958114
Keilor East,Australia,,9972422
Cranbourne East,Australia,,9972515
Cranbourne North,Australia,,9972516
Cranbourne West,Australia,,9972517
Narre Warren South,Australia,,9972518
Dandenong North,Australia,,9972522
Frankston South,Australia,,9972527
Sunshine West,Australia,,9972578
Altona Meadows,Australia,,9972579
Taylors Hill,Australia,,9972586
Hurstville,Australia,,9972762
West Pennant Hills,Australia,,9972964
Melbourne City Centre,Australia,,11523810
Adelaide city centre,Australia,,11523825
Wollongong city centre,Australia,,11523847
Glen Waverly,Australia,,13118725
Tanki Leendert,Aruba,,3577072
San Nicolas,Aruba,,3577089
Oranjestad,Aruba,,3577154
Noord,Aruba,,3577159
Mariehamn,Åland Islands,,3041732
Xankandi,Azerbaijan,,146970
Əhmədbəyli,Azerbaijan,,147059
Şuşa,Azerbaijan,,147105
Salyan,Azerbaijan,,147271
Saatlı,Azerbaijan,,147288
Neftçala,Azerbaijan,,147425
Naxçıvan,Azerbaijan,,147429
Lerik,Azerbaijan,,147611
Lankaran,Azerbaijan,,147622
Imishli,Azerbaijan,,147982
Fizuli,Azerbaijan,,148106
Jalilabad,Azerbaijan,,148290
Pushkino,Azerbaijan,,148340
Beylagan,Azerbaijan,,148354
Astara,Azerbaijan,,148445
Şirvan,Azerbaijan,,148565
Ağdam,Azerbaijan,,148619
Zaqatala,Azerbaijan,,584596
Zabrat,Azerbaijan,,584614
Yevlakh,Azerbaijan,,584649
Göygöl,Azerbaijan,,584716
Xaçmaz,Azerbaijan,,584717
Ujar,Azerbaijan,,584791
Tovuz,Azerbaijan,,584821
Terter,Azerbaijan,,584871
Sumqayıt,Azerbaijan,,584923
Qaraçuxur,Azerbaijan,,585103
Shamkhor,Azerbaijan,,585152
Shamakhi,Azerbaijan,,585156
Sheki,Azerbaijan,,585170
Sabunçu,Azerbaijan,,585184
Sabirabad,Azerbaijan,,585187
Qusar,Azerbaijan,,585220
Quba,Azerbaijan,,585221
Hacıqabul,Azerbaijan,,585225
Qazax,Azerbaijan,,585226
Hacı Zeynalabdin,Azerbaijan,,585379
Mingelchaur,Azerbaijan,,585514
Maştağa,Azerbaijan,,585557
Mardakan,Azerbaijan,,585568
Lokbatan,Azerbaijan,,585630
Kyurdarmir,Azerbaijan,,585763
Khirdalan,Azerbaijan,,585915
İsmayıllı,Azerbaijan,,586318
Yeni Suraxanı,Azerbaijan,,586340
Göyçay,Azerbaijan,,586427
Hövsan,Azerbaijan,,586429
Ganja,Azerbaijan,,586523
Divichibazar,Azerbaijan,,586763
Buzovna,Azerbaijan,,586925
Biny Selo,Azerbaijan,,586968
Barda,Azerbaijan,,587057
Bilajari,Azerbaijan,,587078
Baku,Azerbaijan,,587084
Amirdzhan,Azerbaijan,,587261
Aghsu,Azerbaijan,,587361
Ağdaş,Azerbaijan,,587378
Agdzhabedy,Azerbaijan,,587384
Bakıxanov,Azerbaijan,,824003
Zenica,Bosnia and Herzegovina,,3186573
Visoko,Bosnia and Herzegovina,,3187609
Velika Kladuša,Bosnia and Herzegovina,,3188225
Tuzla,Bosnia and Herzegovina,,3188582
Trebinje,Bosnia and Herzegovina,,3188893
Travnik,Bosnia and Herzegovina,,3188924
Sarajevo,Bosnia and Herzegovina,,3191281
Prijedor,Bosnia and Herzegovina,,3192409
Mostar,Bosnia and Herzegovina,,3194828
Lukavac,Bosnia and Herzegovina,,3196079
Ilidža,Bosnia and Herzegovina,,3199145
Gradačac,Bosnia and Herzegovina,,3199744
Gračanica,Bosnia and Herzegovina,,3199779
Goražde,Bosnia and Herzegovina,,3200396
Doboj,Bosnia and Herzegovina,,3201984
Cazin,Bosnia and Herzegovina,,3202822
Bugojno,Bosnia and Herzegovina,,3203099
Brčko,Bosnia and Herzegovina,,3203521
Bosanska Krupa,Bosnia and Herzegovina,,3203653
Bijeljina,Bosnia and Herzegovina,,3204186
Bihać,Bosnia and Herzegovina,,3204222
Banja Luka,Bosnia and Herzegovina,,3204541
Konjic,Bosnia and Herzegovina,,3337476
Bridgetown,Barbados,,3374036
Thākurgaon,Bangladesh,,1185092
Teknāf,Bangladesh,,1185095
Tungi,Bangladesh,,1185098
Sylhet,Bangladesh,,1185099
Dohār,Bangladesh,,1185100
Jamālpur,Bangladesh,,1185106
Shibganj,Bangladesh,,1185107
Shibganj,Bangladesh,,1185108
Sātkhira,Bangladesh,,1185111
Sirajganj,Bangladesh,,1185115
Netrakona,Bangladesh,,1185116
Narsingdi,Bangladesh,,1185117
Sandwīp,Bangladesh,,1185120
Shāhzādpur,Bangladesh,,1185121
Rāmganj,Bangladesh,,1185127
Rājshāhi,Bangladesh,,1185128
Pirojpur,Bangladesh,,1185138
Panchagarh,Bangladesh,,1185141
Patiya,Bangladesh,,1185148
Parbatipur,Bangladesh,,1185149
Nārāyanganj,Bangladesh,,1185155
Nālchiti,Bangladesh,,1185156
Nāgarpur,Bangladesh,,1185159
Nageswari,Bangladesh,,1185160
Mymensingh,Bangladesh,,1185162
Muktāgācha,Bangladesh,,1185164
Mirzāpur,Bangladesh,,1185165
Maulavi Bāzār,Bangladesh,,1185166
Morrelgonj,Bangladesh,,1185167
Mehendiganj,Bangladesh,,1185171
Mathba,Bangladesh,,1185173
Lalmonirhat,Bangladesh,,1185181
Lākshām,Bangladesh,,1185183
Comilla,Bangladesh,,1185186
Rangpur,Bangladesh,,1185188
Kushtia,Bangladesh,,1185191
Kālīganj,Bangladesh,,1185199
Jhingergācha,Bangladesh,,1185204
Joypur Hāt,Bangladesh,,1185206
Ishwardi,Bangladesh,,1185207
Habiganj,Bangladesh,,1185209
Gaurnadi,Bangladesh,,1185210
Gafargaon,Bangladesh,,1185218
Feni,Bangladesh,,1185224
Rāipur,Bangladesh,,1185236
Sarankhola,Bangladesh,,1185239
Ramna Maidan,Bangladesh,,1185240
Dhaka,Bangladesh,,1185241
Chilmāri,Bangladesh,,1185247
Chhāgalnāiya,Bangladesh,,1185249
Lālmohan,Bangladesh,,1185251
Khagrachhari,Bangladesh,,1185252
Chhātak,Bangladesh,,1185254
Bhātpāra Abhaynagar,Bangladesh,,1185260
Bherāmāra,Bangladesh,,1185262
Bhairab Bāzār,Bangladesh,,1185263
Bāndarban,Bangladesh,,1185270
Kālia,Bangladesh,,1185272
Baniachang,Bangladesh,,1185274
Bājitpur,Bangladesh,,1185276
Bagerhat,Bangladesh,,1185281
Badarganj,Bangladesh,,1185283
Narail,Bangladesh,,1185293
Tungipāra,Bangladesh,,1185920
Sonārgaon,Bangladesh,,1187530
Shāhbāzpur Town,Bangladesh,,1188204
Sarishābāri,Bangladesh,,1188569
Sakhipur,Bangladesh,,1189056
Raojān,Bangladesh,,1189638
Phultala,Bangladesh,,1191139
Pālang,Bangladesh,,1191368
Pār Naogaon,Bangladesh,,1192366
Nagar Naluākot,Bangladesh,,1193745
Nabīnagar,Bangladesh,,1193823
Mohāmmadpur,Bangladesh,,1194041
Mātuail,Bangladesh,,1194575
Lakshmīpur,Bangladesh,,1196292
Kesabpur,Bangladesh,,1197895
Kāfrul,Bangladesh,,1199503
Gazipur,Bangladesh,,1200109
Hājīganj,Bangladesh,,1201753
Farīdpur,Bangladesh,,1203344
Dukuria,Bangladesh,,1203762
Dohazāri,Bangladesh,,1203878
Dinajpur,Bangladesh,,1203891
Uttar Char Fasson,Bangladesh,,1205481
Chattogram,Bangladesh,,1205733
Char Bhadrāsan,Bangladesh,,1207047
Bhātāra,Bangladesh,,1209106
Bera,Bangladesh,,1209562
Burhānuddin,Bangladesh,,1210565
Āshuganj City,Bangladesh,,1212405
Sātkania,Bangladesh,,1336133
Cox’s Bāzār,Bangladesh,,1336134
Khulna,Bangladesh,,1336135
Bhola,Bangladesh,,1336136
Barishal,Bangladesh,,1336137
Rāngāmāti,Bangladesh,,1336139
Jessore,Bangladesh,,1336140
Pābna,Bangladesh,,1336143
Tāngāil,Bangladesh,,1336144
Bogra,Bangladesh,,1337233
Pīrgaaj,Bangladesh,,1337239
Nawābganj,Bangladesh,,1337240
Madaripur,Bangladesh,,1337245
Sherpur,Bangladesh,,1337248
Kishorganj,Bangladesh,,1337249
Savar,Bangladesh,,1349452
Hāthazāri,Bangladesh,,1462674
Manikchari,Bangladesh,,1462681
Bhāndāria,Bangladesh,,1477498
Bibir Hat,Bangladesh,,6414184
Saidpur,Bangladesh,,6545349
Puthia,Bangladesh,,7483743
Natore,Bangladesh,,7483813
Dhanmondi,Bangladesh,,7683974
Pallabi,Bangladesh,,7696679
Azimpur,Bangladesh,,7701354
Paotana Hat,Bangladesh,,7926419
Karnaphuli,Bangladesh,,8299875
Paltan,Bangladesh,,9827976
Mirpur Model Thana,Bangladesh,,11395976
Zwijndrecht,Belgium,,2783081
Zwevegem,Belgium,,2783089
Zottegem,Belgium,,2783175
Zonhoven,Belgium,,2783188
Zolder,Belgium,,2783197
Zemst,Belgium,,2783274
Zele,Belgium,,2783293
Zedelgem,Belgium,,2783308
Zaventem,Belgium,,2783310
Wondelgem,Belgium,,2783456
Woluwe-Saint-Lambert,Belgium,,2783476
Wilrijk,Belgium,,2783615
Willebroek,Belgium,,2783632
Wevelgem,Belgium,,2783759
Wetteren,Belgium,,2783763
Westerlo,Belgium,,2783801
Wervik,Belgium,,2783820
Wavre,Belgium,,2783941
Watermael-Boitsfort,Belgium,,2783979
Waterloo,Belgium,,2783985
Waregem,Belgium,,2784068
Walcourt,Belgium,,2784189
Visé,Belgium,,2784548
Vilvoorde,Belgium,,2784604
Verviers,Belgium,,2784821
Uccle,Belgium,,2785123
Turnhout,Belgium,,2785141
Tubize,Belgium,,2785169
Tournai,Belgium,,2785341
Torhout,Belgium,,2785364
Tongeren,Belgium,,2785389
Tienen,Belgium,,2785470
Tielt,Belgium,,2785476
Tessenderlo,Belgium,,2785612
Tervuren,Belgium,,2785622
Temse,Belgium,,2785778
Stekene,Belgium,,2786087
Stabroek,Belgium,,2786229
Soumagne,Belgium,,2786344
Soignies,Belgium,,2786420
Sint-Truiden,Belgium,,2786545
Sint-Pieters-Leeuw,Belgium,,2786559
Sint-Niklaas,Belgium,,2786578
Sint-Kruis,Belgium,,2786634
Sint-Katelijne-Waver,Belgium,,2786641
Sint-Gillis-Waas,Belgium,,2786694
Sint-Genesius-Rode,Belgium,,2786700
Sint-Andries,Belgium,,2786739
Sint-Amandsberg,Belgium,,2786743
Seraing,Belgium,,2786824
Schoten,Belgium,,2786963
Schilde,Belgium,,2787048
Schaerbeek,Belgium,,2787149
Saint-Nicolas,Belgium,,2787356
Saint-Josse-ten-Noode,Belgium,,2787387
Saint-Gilles,Belgium,,2787413
Saint-Ghislain,Belgium,,2787416
Rotselaar,Belgium,,2787662
Ronse,Belgium,,2787769
Roeselare,Belgium,,2787889
Rixensart,Belgium,,2787989
Riemst,Belgium,,2788088
Ranst,Belgium,,2788348
Quaregnon,Belgium,,2788499
Puurs,Belgium,,2788506
Putte,Belgium,,2788521
Poperinge,Belgium,,2788726
Pont-à-Celles,Belgium,,2788765
Péruwelz,Belgium,,2789162
Peer,Belgium,,2789232
Overijse,Belgium,,2789413
Oupeye,Belgium,,2789471
Oudenaarde,Belgium,,2789529
Oostkamp,Belgium,,2789751
Ostend,Belgium,,2789786
Nivelles,Belgium,,2790101
Ninove,Belgium,,2790114
Nijlen,Belgium,,2790135
Neerpelt,Belgium,,2790357
Namur,Belgium,,2790471
Mouscron,Belgium,,2790595
Mortsel,Belgium,,2790676
Morlanwelz-Mariemont,Belgium,,2790697
Montignies-sur-Sambre,Belgium,,2790796
Mons,Belgium,,2790869
Molenbeek-Saint-Jean,Belgium,,2791018
Mol,Belgium,,2791067
Middelkerke,Belgium,,2791194
Merksem,Belgium,,2791301
Merelbeke,Belgium,,2791315
Menen,Belgium,,2791343
Meise,Belgium,,2791424
Mechelen-aan-de-Maas,Belgium,,2791534
Mechelen,Belgium,,2791537
Mariakerke,Belgium,,2791700
Marcinelle,Belgium,,2791726
Marchienne-au-Pont,Belgium,,2791735
Marche-en-Famenne,Belgium,,2791744
Manage,Belgium,,2791814
Maldegem,Belgium,,2791857
Maasmechelen,Belgium,,2791961
Maaseik,Belgium,,2791964
Louvain-la-Neuve,Belgium,,2792073
Lommel,Belgium,,2792179
Lokeren,Belgium,,2792196
Lochristi,Belgium,,2792235
Lille,Belgium,,2792360
Lier,Belgium,,2792397
Liège,Belgium,,2792413
Leuven,Belgium,,2792482
Lessines,Belgium,,2792567
Lede,Belgium,,2793077
Lebbeke,Belgium,,2793144
Lanaken,Belgium,,2793446
La Louvière,Belgium,,2793508
Kortrijk,Belgium,,2794055
Kortenberg,Belgium,,2794070
Kontich,Belgium,,2794117
Koksijde,Belgium,,2794166
Koersel,Belgium,,2794179
Koekelberg,Belgium,,2794190
Knokke-Heist,Belgium,,2794210
Kessel-Lo,Belgium,,2794507
Kasterlee,Belgium,,2794663
Kapellen,Belgium,,2794730
Kalmthout,Belgium,,2794788
Jumet,Belgium,,2794860
Jette,Belgium,,2794914
Jambes,Belgium,,2794981
Izegem,Belgium,,2795009
Ixelles,Belgium,,2795011
Ieper,Belgium,,2795100
Huy,Belgium,,2795113
Houthalen,Belgium,,2795261
Hoogstraten,Belgium,,2795398
Hoboken,Belgium,,2795730
Heverlee,Belgium,,2795783
Heusy,Belgium,,2795795
Heusden,Belgium,,2795800
Herzele,Belgium,,2795908
Herve,Belgium,,2795912
Herstal,Belgium,,2795930
Herentals,Belgium,,2796009
Herent,Belgium,,2796012
Helchteren,Belgium,,2796132
Heist-op-den-Berg,Belgium,,2796153
Hasselt,Belgium,,2796491
Harelbeke,Belgium,,2796542
Hamme,Belgium,,2796637
Halle,Belgium,,2796696
Haaltert,Belgium,,2796833
Grivegnée,Belgium,,2797096
Grimbergen,Belgium,,2797114
Gilly,Belgium,,2797532
Geraardsbergen,Belgium,,2797638
Gentbrugge,Belgium,,2797652
Gent,Belgium,,2797656
Genk,Belgium,,2797670
Gembloux,Belgium,,2797713
Geel,Belgium,,2797779
Ganshoren,Belgium,,2797844
Frameries,Belgium,,2798023
Forest,Belgium,,2798139
Fleurus,Belgium,,2798297
Fléron,Belgium,,2798301
Flémalle-Haute,Belgium,,2798307
Evergem,Belgium,,2798551
Evere,Belgium,,2798554
Eupen,Belgium,,2798573
Etterbeek,Belgium,,2798578
Ekeren,Belgium,,2798873
Eeklo,Belgium,,2798987
Edegem,Belgium,,2799007
Duffel,Belgium,,2799090
Dour,Belgium,,2799226
Dilbeek,Belgium,,2799365
Diksmuide,Belgium,,2799369
Diest,Belgium,,2799397
Diepenbeek,Belgium,,2799412
Deurne,Belgium,,2799478
Destelbergen,Belgium,,2799496
Dendermonde,Belgium,,2799645
Denderleeuw,Belgium,,2799647
Deinze,Belgium,,2799746
Courcelles,Belgium,,2800063
Colfontaine,Belgium,,2800220
Chaudfontaine,Belgium,,2800438
Châtelineau,Belgium,,2800445
Châtelet,Belgium,,2800448
Charleroi,Belgium,,2800481
Brussels,Belgium,,2800866
Brugge,Belgium,,2800931
Brasschaat,Belgium,,2801117
Braine-le-Comte,Belgium,,2801150
Braine-l'Alleud,Belgium,,2801154
Boussu,Belgium,,2801226
Bornem,Belgium,,2801447
Borgerhout,Belgium,,2801471
Boom,Belgium,,2801494
Blauwput,Belgium,,2801824
Blankenberge,Belgium,,2801858
Binche,Belgium,,2801922
Bilzen,Belgium,,2801924
Beveren,Belgium,,2802031
Bevere,Belgium,,2802039
Beringen,Belgium,,2802170
Berchem-Sainte-Agathe,Belgium,,2802247
Berchem,Belgium,,2802249
Beersel,Belgium,,2802433
Beerse,Belgium,,2802435
Balen,Belgium,,2802743
Auderghem,Belgium,,2802960
Ath,Belgium,,2803010
Assebroek,Belgium,,2803030
Asse,Belgium,,2803033
Arlon,Belgium,,2803073
Antwerpen,Belgium,,2803138
Ans,Belgium,,2803160
Anderlecht,Belgium,,2803201
Andenne,Belgium,,2803204
Aarschot,Belgium,,2803429
Aalter,Belgium,,2803443
Aalst,Belgium,,2803448
Zorgo,Burkina Faso,,2353197
Ziniaré,Burkina Faso,,2353257
Zinguédéssé,Burkina Faso,,2353332
Zabré,Burkina Faso,,2353436
Yalgo,Burkina Faso,,2353670
Yako,Burkina Faso,,2353688
Tougan,Burkina Faso,,2354176
Toma,Burkina Faso,,2354265
Tô,Burkina Faso,,2354340
Titao,Burkina Faso,,2354349
Tita,Burkina Faso,,2354351
Tenkodogo,Burkina Faso,,2354675
Solenzo,Burkina Faso,,2355404
Sapouy,Burkina Faso,,2355869
Saonré,Burkina Faso,,2355886
Sabou,Burkina Faso,,2356136
Saaba,Burkina Faso,,2356157
Réo,Burkina Faso,,2356228
Pouytenga,Burkina Faso,,2356300
Pô,Burkina Faso,,2356454
Pissila,Burkina Faso,,2356467
Pa,Burkina Faso,,2356765
Ouahigouya,Burkina Faso,,2357043
Ouagadougou,Burkina Faso,,2357048
Orodara,Burkina Faso,,2357062
Nioko I,Burkina Faso,,2357109
Nouna,Burkina Faso,,2357163
Niangoloko,Burkina Faso,,2357371
Natiaboani,Burkina Faso,,2357487
Mogtédo,Burkina Faso,,2357931
Manga,Burkina Faso,,2358100
Léo,Burkina Faso,,2358382
Koupéla,Burkina Faso,,2358738
Kouka,Burkina Faso,,2358898
Koudougou,Burkina Faso,,2358946
Korsimoro,Burkina Faso,,2359042
Kongoussi,Burkina Faso,,2359142
Kombissiri,Burkina Faso,,2359227
Kokologo,Burkina Faso,,2359317
Kindi,Burkina Faso,,2359495
Kaya,Burkina Faso,,2359608
Karankasso,Burkina Faso,,2359695
Houndé,Burkina Faso,,2360073
Gourcy,Burkina Faso,,2360238
Gayéri,Burkina Faso,,2360541
Garango,Burkina Faso,,2360615
Gaoua,Burkina Faso,,2360620
Fara Department,Burkina Faso,,2360855
Fada N'gourma,Burkina Faso,,2360886
Dori,Burkina Faso,,2361082
Djibo,Burkina Faso,,2361177
Diébougou,Burkina Faso,,2361342
Diapaga,Burkina Faso,,2361373
Dédougou,Burkina Faso,,2361477
Dano,Burkina Faso,,2361586
Gomboussougou,Burkina Faso,,2361778
Boussé,Burkina Faso,,2361845
Bourzanga,Burkina Faso,,2361853
Boulsa,Burkina Faso,,2361946
Boromo,Burkina Faso,,2362150
Bogandé,Burkina Faso,,2362323
Bobo-Dioulasso,Burkina Faso,,2362344
Bittou,Burkina Faso,,2362376
Béguédo,Burkina Faso,,2362626
Batié,Burkina Faso,,2362669
Barogo,Burkina Faso,,2362740
Banfora,Burkina Faso,,2362909
Bama,Burkina Faso,,2362970
Aribinda,Burkina Faso,,2363174
Mani,Burkina Faso,,10342754
Namponkoré,Burkina Faso,,12217144
Cinkansé,Burkina Faso,,12640343
Kompienga,Burkina Faso,,12640344
Yambol,Bulgaria,,725578
Vratsa,Bulgaria,,725712
Vidin,Bulgaria,,725905
Velingrad,Bulgaria,,725988
Veliko Tŭrnovo,Bulgaria,,725993
Varna,Bulgaria,,726050
Targovishte,Bulgaria,,726174
Troyan,Bulgaria,,726320
Dobrich,Bulgaria,,726418
Svishtov,Bulgaria,,726534
Svilengrad,Bulgaria,,726546
Stara Zagora,Bulgaria,,726848
Dupnitsa,Bulgaria,,726872
Sofia,Bulgaria,,727011
Smolyan,Bulgaria,,727030
Sliven,Bulgaria,,727079
Silistra,Bulgaria,,727221
Shumen,Bulgaria,,727233
Sevlievo,Bulgaria,,727337
Sandanski,Bulgaria,,727447
Samokov,Bulgaria,,727462
Ruse,Bulgaria,,727523
Razgrad,Bulgaria,,727696
Rakovski,Bulgaria,,727791
Parvomay,Bulgaria,,727886
Popovo,Bulgaria,,728075
Plovdiv,Bulgaria,,728193
Pleven,Bulgaria,,728203
Petrich,Bulgaria,,728288
Peshtera,Bulgaria,,728317
Pernik,Bulgaria,,728330
Pazardzhik,Bulgaria,,728378
Panagyurishte,Bulgaria,,728448
Nova Zagora,Bulgaria,,728742
Montana,Bulgaria,,729114
Lovech,Bulgaria,,729559
Lom,Bulgaria,,729581
Kyustendil,Bulgaria,,729730
Kardzhali,Bulgaria,,729794
Haskovo,Bulgaria,,730435
Harmanli,Bulgaria,,730442
Kazanlak,Bulgaria,,730496
Karnobat,Bulgaria,,730559
Karlovo,Bulgaria,,730565
Gotse Delchev,Bulgaria,,731108
Gorna Oryahovitsa,Bulgaria,,731233
Gabrovo,Bulgaria,,731549
Dimitrovgrad,Bulgaria,,732263
Chirpan,Bulgaria,,732452
Burgas,Bulgaria,,732770
Botevgrad,Bulgaria,,733014
Blagoevgrad,Bulgaria,,733191
Berkovitsa,Bulgaria,,733264
Aytos,Bulgaria,,733579
Asparuhovo,Bulgaria,,733606
Asenovgrad,Bulgaria,,733618
Sitrah,Bahrain,,290104
Madīnat ‘Īsá,Bahrain,,290187
Jidd Ḩafş,Bahrain,,290215
Madīnat Ḩamad,Bahrain,,290247
Dār Kulayb,Bahrain,,290269
Al Muharraq,Bahrain,,290332
Manama,Bahrain,,290340
Ar Rifā‘,Bahrain,,385038
Rumonge,Burundi,,423549
Gatumba,Burundi,,425309
Bujumbura,Burundi,,425378
Gitega,Burundi,,426272
Karuzi,Burundi,,428219
Bubanza,Burundi,,428515
Cibitoke,Burundi,,430021
Ngozi,Burundi,,430569
Kayanza,Burundi,,430952
Kirundo,Burundi,,432456
Zinvié,Benin,,2390731
Zé,Benin,,2390740
Toviklin,Benin,,2391034
Toukountouna,Benin,,2391067
Tchaourou,Benin,,2391377
Tanguiéta,Benin,,2391455
Sinendé,Benin,,2391739
Semi,Benin,,2391833
Ségbana,Benin,,2391871
Sé,Benin,,2391881
Savé,Benin,,2391893
Savalou,Benin,,2391895
Sakété,Benin,,2392009
Porto-Novo,Benin,,2392087
Pobé,Benin,,2392108
Pèrèrè,Benin,,2392134
Péhonko,Benin,,2392164
Parakou,Benin,,2392204
Ouinhi,Benin,,2392303
Ouidah,Benin,,2392308
Ouessé,Benin,,2392319
Nikki,Benin,,2392505
Ndali,Benin,,2392595
Natitingou,Benin,,2392601
Missérété,Benin,,2392746
Matéri,Benin,,2392781
Malanville,Benin,,2392837
Lokossa,Benin,,2392897
Kouandé,Benin,,2393287
Kétou,Benin,,2393551
Kérou,Benin,,2393561
Kandi,Benin,,2393693
Kalalé,Benin,,2393722
Godomè,Benin,,2394092
Glazoué,Benin,,2394111
Ekpé,Benin,,2394427
Dogbo,Benin,,2394545
Djougou,Benin,,2394560
Djidja,Benin,,2394576
Djakotomé,Benin,,2394597
Dassa-Zoumé,Benin,,2394711
Cové,Benin,,2394814
Cotonou,Benin,,2394819
Kopargo,Benin,,2394822
Comé,Benin,,2394824
Boukoumbé,Benin,,2394914
Bohicon,Benin,,2395049
Bembèrèkè,Benin,,2395182
Bassila,Benin,,2395261
Banté,Benin,,2395301
Banikoara,Benin,,2395317
Banigbé,Benin,,2395325
Avrankou,Benin,,2395477
Athiémé,Benin,,2395510
Aplahoué,Benin,,2395568
Allada,Benin,,2395635
Adjarra,Benin,,2395870
Adjaouèrè,Benin,,2395874
Abomey-Calavi,Benin,,2395914
Abomey,Benin,,2395915
Ouaké,Benin,,2596746
Cobly,Benin,,10339095
Klouékanmè,Benin,,10339148
Kpozoun,Benin,,11427410
Gustavia,Saint Barthélemy,,3579132
Hamilton,Bermuda,,3573197
Tutong,Brunei Darussalam,,1820071
Seria,Brunei Darussalam,,1820187
Kuala Belait,Brunei Darussalam,,1820491
Liang,Brunei Darussalam,,1820557
Serasa,Brunei Darussalam,,1820574
Sengkurong,Brunei Darussalam,,1820575
Mentiri,Brunei Darussalam,,1820635
Bandar Seri Begawan,Brunei Darussalam,,1820906
Yacuiba,"Bolivia, Plurinational State of",,3901178
Warnes,"Bolivia, Plurinational State of",,3901301
Vinto,"Bolivia, Plurinational State of",,3901435
Villazón,"Bolivia, Plurinational State of",,3901501
Villa Yapacaní,"Bolivia, Plurinational State of",,3901504
Villamontes,"Bolivia, Plurinational State of",,3901547
Viacha,"Bolivia, Plurinational State of",,3901742
Tupiza,"Bolivia, Plurinational State of",,3902202
Trinidad,"Bolivia, Plurinational State of",,3902377
Tiquipaya,"Bolivia, Plurinational State of",,3902949
Tarija,"Bolivia, Plurinational State of",,3903320
Sucre,"Bolivia, Plurinational State of",,3903987
Sipe Sipe,"Bolivia, Plurinational State of",,3904221
El Torno,"Bolivia, Plurinational State of",,3904666
Santa Cruz de la Sierra,"Bolivia, Plurinational State of",,3904906
San Ignacio de Velasco,"Bolivia, Plurinational State of",,3905658
Sacaba,"Bolivia, Plurinational State of",,3906194
Riberalta,"Bolivia, Plurinational State of",,3906466
Quillacollo,"Bolivia, Plurinational State of",,3906791
Punata,"Bolivia, Plurinational State of",,3907080
Potosí,"Bolivia, Plurinational State of",,3907584
Oruro,"Bolivia, Plurinational State of",,3909234
Montero,"Bolivia, Plurinational State of",,3910027
Mizque,"Bolivia, Plurinational State of",,3910291
Llallagua,"Bolivia, Plurinational State of",,3911409
La Paz,"Bolivia, Plurinational State of",,3911925
Laja,"Bolivia, Plurinational State of",,3912103
Huanuni,"Bolivia, Plurinational State of",,3914839
Guayaramerín,"Bolivia, Plurinational State of",,3915350
Cotoca,"Bolivia, Plurinational State of",,3918937
Colcapirhua,"Bolivia, Plurinational State of",,3919902
Cochabamba,"Bolivia, Plurinational State of",,3919968
Cobija,"Bolivia, Plurinational State of",,3919998
Caranavi,"Bolivia, Plurinational State of",,3922037
Camiri,"Bolivia, Plurinational State of",,3922414
Bermejo,"Bolivia, Plurinational State of",,3923154
Achocalla,"Bolivia, Plurinational State of",,3924569
Ascención de Guarayos,"Bolivia, Plurinational State of",,9129422
San Borja,"Bolivia, Plurinational State of",,11467676
Kralendijk,"Bonaire, Sint Eustatius and Saba",,3513563
Vitória do Mearim,Brazil,,3384986
Vitória de Santo Antão,Brazil,,3384987
Viseu,Brazil,,3385022
Conde,Brazil,,3385077
Vigia,Brazil,,3385088
Viçosa do Ceará,Brazil,,3385106
Viçosa,Brazil,,3385109
Viana,Brazil,,3385122
Várzea Alegre,Brazil,,3385467
Varjota,Brazil,,3385504
Vargem Grande,Brazil,,3385538
Valença do Piauí,Brazil,,3385592
União dos Palmares,Brazil,,3385742
União,Brazil,,3385745
Tuntum,Brazil,,3385922
Tucuruí,Brazil,,3385935
Tucumã,Brazil,,3385980
Trindade,Brazil,,3386042
Trairi,Brazil,,3386177
Toritama,Brazil,,3386264
Tomé Açu,Brazil,,3386279
Timon,Brazil,,3386361
Timbiras,Brazil,,3386372
Timbaúba,Brazil,,3386396
Tianguá,Brazil,,3386449
Teresina,Brazil,,3386496
São João dos Inhamuns,Brazil,,3386567
Tamandaré,Brazil,,3386931
Tabira,Brazil,,3387082
Surubim,Brazil,,3387115
Sousa,Brazil,,3387202
Soure,Brazil,,3387204
Solânea,Brazil,,3387266
Sobral,Brazil,,3387296
Sirinhaém,Brazil,,3387604
Sertânia,Brazil,,3387663
Serra Talhada,Brazil,,3387786
Senador Pompeu,Brazil,,3387926
Satuba,Brazil,,3387987
São Raimundo Nonato,Brazil,,3388145
São Miguel dos Campos,Brazil,,3388269
São Miguel do Guamá,Brazil,,3388270
São Mateus do Maranhão,Brazil,,3388318
São Luís do Quitunde,Brazil,,3388341
São Luís,Brazil,,3388368
São Lourenço da Mata,Brazil,,3388376
São José do Egito,Brazil,,3388435
São José de Ribamar,Brazil,,3388441
São José de Mipibu,Brazil,,3388443
São João dos Patos,Brazil,,3388615
São Gonçalo do Amarante,Brazil,,3388714
São Félix do Xingu,Brazil,,3388847
São Domingos do Maranhão,Brazil,,3388868
São Bento,Brazil,,3388991
São Bento,Brazil,,3389006
Santa Rita,Brazil,,3389321
Santarém,Brazil,,3389353
Santa Quitéria do Maranhão,Brazil,,3389358
Santa Quitéria,Brazil,,3389361
Santana do Ipanema,Brazil,,3389384
Santa Luzia,Brazil,,3389557
Santa Inês,Brazil,,3389609
Santa Helena,Brazil,,3389622
Santa Cruz do Capibaribe,Brazil,,3389652
Santa Cruz,Brazil,,3389673
Salinópolis,Brazil,,3389822
Salgueiro,Brazil,,3389860
Russas,Brazil,,3390160
Rio Largo,Brazil,,3390288
Rio Formoso,Brazil,,3390295
Ribeirão,Brazil,,3390326
Recife,Brazil,,3390760
Quixeramobim,Brazil,,3390901
Quixadá,Brazil,,3390907
Presidente Dutra,Brazil,,3391220
Santana,Brazil,,3391360
Porto Calvo,Brazil,,3391397
Portel,Brazil,,3391412
Pombos,Brazil,,3391556
Pombal,Brazil,,3391571
Piripiri,Brazil,,3391908
Piracuruca,Brazil,,3391991
Pinheiro,Brazil,,3392054
Pindaré Mirim,Brazil,,3392088
Pilar,Brazil,,3392126
Picos,Brazil,,3392167
Petrolina,Brazil,,3392242
Jatobá,Brazil,,3392243
Pesqueira,Brazil,,3392251
Pentecoste,Brazil,,3392345
Penalva,Brazil,,3392368
Pedro II,Brazil,,3392431
Pedra Branca,Brazil,,3392629
Paulo Afonso,Brazil,,3392734
Paulista,Brazil,,3392740
Patos,Brazil,,3392887
Parnamirim,Brazil,,3392998
Parnaíba,Brazil,,3393001
Parintins,Brazil,,3393008
Parelhas,Brazil,,3393017
Paraipaba,Brazil,,3393091
Paragominas,Brazil,,3393106
Paracuru,Brazil,,3393115
Palmares,Brazil,,3393264
Pacatuba,Brazil,,3393400
Pacajus,Brazil,,3393409
Ouricuri,Brazil,,3393452
Orós,Brazil,,3393465
Oriximiná,Brazil,,3393471
Olinda,Brazil,,3393536
Oiapoque,Brazil,,3393758
Oeiras,Brazil,,3393764
Óbidos,Brazil,,3393768
Nova Russas,Brazil,,3393832
Nova Cruz,Brazil,,3393876
Nazaré da Mata,Brazil,,3393972
Natal,Brazil,,3394023
Murici,Brazil,,3394116
Moreno,Brazil,,3394453
Morada Nova,Brazil,,3394500
Monteiro,Brazil,,3394549
Monte Alegre,Brazil,,3394605
Mombaça,Brazil,,3394649
Moju,Brazil,,3394661
Mossoró,Brazil,,3394682
Mocajuba,Brazil,,3394745
Miracema do Tocantins,Brazil,,3394817
Maués,Brazil,,3395062
Matriz de Camaragibe,Brazil,,3395077
Mari,Brazil,,3395380
Marechal Deodoro,Brazil,,3395395
Maragogi,Brazil,,3395458
Maracanaú,Brazil,,3395473
Marabá,Brazil,,3395503
Mamanguape,Brazil,,3395717
Maceió,Brazil,,3395981
Macau,Brazil,,3395998
Macapá,Brazil,,3396016
Macaíba,Brazil,,3396048
Limoeiro do Norte,Brazil,,3396266
Limoeiro,Brazil,,3396277
Lavras da Mangabeira,Brazil,,3396364
Lajedo,Brazil,,3396496
Lago da Pedra,Brazil,,3396601
Lagoa do Itaenga,Brazil,,3396769
Juazeiro do Norte,Brazil,,3397147
José de Freitas,Brazil,,3397230
João Pessoa,Brazil,,3397277
João Câmara,Brazil,,3397315
Jaguaruana,Brazil,,3397665
Jaguaribe,Brazil,,3397675
Jaboatão,Brazil,,3397838
Itupiranga,Brazil,,3397851
Itacoatiara,Brazil,,3397893
Itaporanga,Brazil,,3397898
Itapissuma,Brazil,,3397904
Itapipoca,Brazil,,3397909
Itapecuru Mirim,Brazil,,3397936
Itapagé,Brazil,,3397941
Itaituba,Brazil,,3397967
Itaitinga,Brazil,,3397969
Itabaiana,Brazil,,3398003
Ipueiras,Brazil,,3398076
Ipubi,Brazil,,3398105
Ipu,Brazil,,3398112
Ipojuca,Brazil,,3398115
Imperatriz,Brazil,,3398269
Iguatu,Brazil,,3398331
Igarapé Miri,Brazil,,3398343
Igarapé Açu,Brazil,,3398350
Igarassu,Brazil,,3398352
Icó,Brazil,,3398379
Horizonte,Brazil,,3398450
Guaraciaba do Norte,Brazil,,3398569
Guarabira,Brazil,,3398570
Guaiúba,Brazil,,3398614
Gravatá,Brazil,,3398691
Granja,Brazil,,3398706
Grajaú,Brazil,,3398856
Goiana,Brazil,,3398904
Glória do Goitá,Brazil,,3398920
Garanhuns,Brazil,,3399058
Gameleira,Brazil,,3399132
Fortaleza,Brazil,,3399415
Floriano,Brazil,,3399506
Floresta,Brazil,,3399518
Eusébio,Brazil,,3400558
Extremoz,Brazil,,3400567
Estreito,Brazil,,3400617
Esperantina,Brazil,,3400740
Esperança,Brazil,,3400752
Escada,Brazil,,3400804
Dom Pedro,Brazil,,3400969
Demerval Lobão,Brazil,,3401106
Delmiro Gouveia,Brazil,,3401109
Custódia,Brazil,,3401138
Cururupu,Brazil,,3401148
Currais Novos,Brazil,,3401283
Cupira,Brazil,,3401340
Crato,Brazil,,3401545
Crateús,Brazil,,3401548
Coroatá,Brazil,,3401703
Condado,Brazil,,3401830
Conceição do Araguaia,Brazil,,3401845
Colinas,Brazil,,3401963
Coelho Neto,Brazil,,3401992
Codó,Brazil,,3402000
Chapadinha,Brazil,,3402229
Chã Grande,Brazil,,3402271
Ceará Mirim,Brazil,,3402360
Caxias,Brazil,,3402383
Caucaia,Brazil,,3402429
Catolé do Rocha,Brazil,,3402465
Catende,Brazil,,3402528
Castanhal,Brazil,,3402591
Cascavel,Brazil,,3402613
Caruaru,Brazil,,3402655
Carpina,Brazil,,3402721
Carolina,Brazil,,3402724
Capitão Poço,Brazil,,3403127
Capanema,Brazil,,3403208
Canindé,Brazil,,3403353
Canguaretama,Brazil,,3403362
Campos Sales,Brazil,,3403534
Campo Maior,Brazil,,3403566
Campo Alegre,Brazil,,3403611
Campina Grande,Brazil,,3403642
Camocim,Brazil,,3403687
Cametá,Brazil,,3403697
Camaragibe,Brazil,,3403741
Cajueiro,Brazil,,3403941
Cajazeiras,Brazil,,3404020
Caicó,Brazil,,3404117
Cabrobó,Brazil,,3404513
Cabo de Santo Agostinho,Brazil,,3404545
Cabedelo,Brazil,,3404558
Buriti Bravo,Brazil,,3404722
Buíque,Brazil,,3404766
Breves,Brazil,,3404817
Brejo Santo,Brazil,,3404833
Brejo da Madre de Deus,Brazil,,3404862
Bragança,Brazil,,3405006
Bom Conselho,Brazil,,3405380
Boa Viagem,Brazil,,3405616
Bezerros,Brazil,,3405738
Benevides,Brazil,,3405792
Belo Jardim,Brazil,,3405812
Belém,Brazil,,3405863
Belém,Brazil,,3405870
Beberibe,Brazil,,3405924
Bayeux,Brazil,,3405940
Baturité,Brazil,,3405954
Barreiros,Brazil,,3406160
Barreirinhas,Brazil,,3406196
Barras,Brazil,,3406263
Barra do Corda,Brazil,,3406317
Barcarena,Brazil,,3406429
Barbalha,Brazil,,3406442
Balsas,Brazil,,3406545
Bacabal,Brazil,,3406910
Augusto Corrêa,Brazil,,3406961
Atalaia,Brazil,,3406996
Areia Branca,Brazil,,3407194
Arcoverde,Brazil,,3407216
Araripina,Brazil,,3407243
Arari,Brazil,,3407258
Arapiraca,Brazil,,3407327
Araguaína,Brazil,,3407357
Aracati,Brazil,,3407378
Aquiraz,Brazil,,3407407
Apodi,Brazil,,3407440
Ananindeua,Brazil,,3407669
Amaraji,Brazil,,3407758
Altos,Brazil,,3407797
Altamira,Brazil,,3407882
Almeirim,Brazil,,3407903
Alenquer,Brazil,,3407980
Alagoa Grande,Brazil,,3408100
Águas Belas,Brazil,,3408166
Água Preta,Brazil,,3408175
Afogados da Ingazeira,Brazil,,3408274
Açu,Brazil,,3408337
Acopiara,Brazil,,3408343
Acaraú,Brazil,,3408368
Abreu e Lima,Brazil,,3408404
Abaetetuba,Brazil,,3408424
Xique Xique,Brazil,,3444823
Xanxerê,Brazil,,3444848
Votuporanga,Brazil,,3444864
Votorantim,Brazil,,3444866
Volta Redonda,Brazil,,3444876
Vitória da Conquista,Brazil,,3444914
Vitória,Brazil,,3444924
Visconde do Rio Branco,Brazil,,3444969
Viradouro,Brazil,,3444997
Vinhedo,Brazil,,3445014
Vila Velha,Brazil,,3445026
Vila Mariana,Brazil,,3445061
Vila Maria,Brazil,,3445062
Videira,Brazil,,3445126
Viçosa,Brazil,,3445133
Viana,Brazil,,3445153
Viamão,Brazil,,3445156
Vespasiano,Brazil,,3445162
Veranópolis,Brazil,,3445299
Vera Cruz,Brazil,,3445307
Wenceslau Braz,Brazil,,3445348
Venâncio Aires,Brazil,,3445350
Vazante,Brazil,,3445418
Vassouras,Brazil,,3445433
Várzea Paulista,Brazil,,3445446
Várzea Grande,Brazil,,3445451
Várzea da Palma,Brazil,,3445459
Varginha,Brazil,,3445487
Vargem Grande do Sul,Brazil,,3445500
Valparaíso,Brazil,,3445575
Valinhos,Brazil,,3445578
Valença,Brazil,,3445596
Valença,Brazil,,3445597
Vacaria,Brazil,,3445630
Uruguaiana,Brazil,,3445679
Uruçuca,Brazil,,3445690
Uruaçu,Brazil,,3445713
União da Vitória,Brazil,,3445746
Unaí,Brazil,,3445764
Una,Brazil,,3445781
Umuarama,Brazil,,3445782
Uberlândia,Brazil,,3445831
Uberaba,Brazil,,3445839
Ubatuba,Brazil,,3445847
Ubatã,Brazil,,3445849
Ubaitaba,Brazil,,3445853
Ubá,Brazil,,3445859
Tupanciretã,Brazil,,3445939
Tupaciguara,Brazil,,3445941
Tupã,Brazil,,3445942
Tucuruvi,Brazil,,3445968
Tucano,Brazil,,3445983
Tubarão,Brazil,,3445993
Trindade,Brazil,,3446038
Três Rios,Brazil,,3446065
Três Pontas,Brazil,,3446077
Três Passos,Brazil,,3446087
Três Lagoas,Brazil,,3446098
Três de Maio,Brazil,,3446130
Três Coroas,Brazil,,3446137
Três Corações,Brazil,,3446138
Tremembé,Brazil,,3446194
Tramandaí,Brazil,,3446232
Torres,Brazil,,3446295
Toledo,Brazil,,3446370
Tobias Barreto,Brazil,,3446400
Timóteo,Brazil,,3446445
Timbó,Brazil,,3446465
Tijucas,Brazil,,3446500
Tietê,Brazil,,3446539
Teutônia,Brazil,,3446556
Teresópolis,Brazil,,3446606
Teófilo Otoni,Brazil,,3446621
Teodoro Sampaio,Brazil,,3446625
Telêmaco Borba,Brazil,,3446652
Taubaté,Brazil,,3446682
Tatuí,Brazil,,3446692
Taquarituba,Brazil,,3446752
Taquaritinga,Brazil,,3446753
Taquari,Brazil,,3446783
Taquara,Brazil,,3446847
Tapiramutá,Brazil,,3446866
Tapes,Brazil,,3446880
Tanguá,Brazil,,3446974
Tanabi,Brazil,,3446979
Tambaú,Brazil,,3447005
Taiobeiras,Brazil,,3447059
Taboão da Serra,Brazil,,3447186
Suzano,Brazil,,3447212
Sumaré,Brazil,,3447259
Sorocaba,Brazil,,3447399
Soledade,Brazil,,3447423
Socorro,Brazil,,3447437
Sobradinho,Brazil,,3447473
Simão Dias,Brazil,,3447562
Silva Jardim,Brazil,,3447591
Sidrolândia,Brazil,,3447597
Sete Lagoas,Brazil,,3447624
Sertãozinho,Brazil,,3447651
Serrinha,Brazil,,3447690
Serra Negra,Brazil,,3447718
Serrana,Brazil,,3447720
Serra,Brazil,,3447779
Seropédica,Brazil,,3447785
Senhor do Bonfim,Brazil,,3447839
Senador Canedo,Brazil,,3447854
Seabra,Brazil,,3447928
Schroeder,Brazil,,3447929
Saubara,Brazil,,3447961
Sarzedo,Brazil,,3447969
Sarandi,Brazil,,3447997
Sarandi,Brazil,,3447998
Saquarema,Brazil,,3448011
Sapucaia do Sul,Brazil,,3448031
Sapiranga,Brazil,,3448063
São Vicente,Brazil,,3448136
São Sepé,Brazil,,3448207
São Sebastião do Passé,Brazil,,3448219
São Sebastião do Paraíso,Brazil,,3448221
São Sebastião do Caí,Brazil,,3448227
São Sebastião,Brazil,,3448257
São Roque,Brazil,,3448300
São Pedro da Aldeia,Brazil,,3448351
São Pedro,Brazil,,3448403
São Paulo,Brazil,,3448439
São Miguel,Brazil,,3448452
São Miguel do Iguaçu,Brazil,,3448453
São Miguel do Araguaia,Brazil,,3448455
São Mateus do Sul,Brazil,,3448502
São Mateus,Brazil,,3448519
São Marcos,Brazil,,3448533
São Manuel,Brazil,,3448545
São Luiz Gonzaga,Brazil,,3448552
São Luís de Montes Belos,Brazil,,3448558
São Lourenço do Sul,Brazil,,3448596
São Lourenço,Brazil,,3448616
São Leopoldo,Brazil,,3448622
São José dos Pinhais,Brazil,,3448632
São José dos Campos,Brazil,,3448636
São José do Rio Preto,Brazil,,3448639
São José do Rio Pardo,Brazil,,3448640
São José,Brazil,,3448742
São Joaquim da Barra,Brazil,,3448825
São Joaquim,Brazil,,3448828
São João Nepomuceno,Brazil,,3448846
São João de Meriti,Brazil,,3448877
São João del Rei,Brazil,,3448879
São João da Boa Vista,Brazil,,3448902
São João da Barra,Brazil,,3448903
São Jerônimo,Brazil,,3449045
São Gotardo,Brazil,,3449053
São Gonçalo do Sapucaí,Brazil,,3449056
São Gabriel,Brazil,,3449099
São Francisco do Sul,Brazil,,3449112
São Francisco do Conde,Brazil,,3449116
São Francisco,Brazil,,3449176
São Fidélis,Brazil,,3449195
São Cristóvão,Brazil,,3449310
São Carlos,Brazil,,3449319
São Caetano do Sul,Brazil,,3449324
São Borja,Brazil,,3449340
São Bernardo do Campo,Brazil,,3449344
São Bento do Sul,Brazil,,3449350
Santos Dumont,Brazil,,3449427
Santos,Brazil,,3449433
Santo Estêvão,Brazil,,3449467
Santo Antônio do Monte,Brazil,,3449500
Santo Antônio do Amparo,Brazil,,3449516
Santo Antônio de Posse,Brazil,,3449518
Santo Antônio de Pádua,Brazil,,3449519
Santo Antônio de Jesus,Brazil,,3449521
Santo Antônio da Platina,Brazil,,3449529
Santo Ângelo,Brazil,,3449696
Santo André,Brazil,,3449701
Santo Anastácio,Brazil,,3449707
Santo Amaro da Imperatriz,Brazil,,3449711
Santo Amaro,Brazil,,3449715
Santo Amaro,Brazil,,3449720
Santiago,Brazil,,3449741
Santa Vitória do Palmar,Brazil,,3449747
Santa Rosa de Viterbo,Brazil,,3449793
Santa Rosa,Brazil,,3449822
Santa Rita do Sapucaí,Brazil,,3449847
Santa Rita do Passa Quatro,Brazil,,3449851
Santana do Paraíso,Brazil,,3449933
Sant'Ana do Livramento,Brazil,,3449936
Santana de Parnaíba,Brazil,,3449948
Santana,Brazil,,3450011
Santa Maria da Vitória,Brazil,,3450063
Santa Maria,Brazil,,3450083
Santa Luzia,Brazil,,3450144
Santaluz,Brazil,,3450157
Santa Isabel,Brazil,,3450188
Santa Helena de Goiás,Brazil,,3450206
Santa Gertrudes,Brazil,,3450225
Santa Fé do Sul,Brazil,,3450232
Santa Cruz do Sul,Brazil,,3450269
Santa Cruz do Rio Pardo,Brazil,,3450272
Santa Cruz das Palmeiras,Brazil,,3450283
Santa Cruz Cabrália,Brazil,,3450288
Santa Cecília,Brazil,,3450376
Santa Bárbara d'Oeste,Brazil,,3450404
Salvador,Brazil,,3450554
Salto de Pirapora,Brazil,,3450563
Salto,Brazil,,3450594
Salinas,Brazil,,3450671
Sacramento,Brazil,,3450759
Ruy Barbosa,Brazil,,3450832
Rubiataba,Brazil,,3450843
Rosário do Sul,Brazil,,3450873
Rondonópolis,Brazil,,3450909
Rolante,Brazil,,3450963
Rolândia,Brazil,,3450964
Rio Verde de Mato Grosso,Brazil,,3451051
Rio Verde,Brazil,,3451055
Rio Real,Brazil,,3451071
Rio Pardo,Brazil,,3451102
Rio Negro,Brazil,,3451121
Rio Negrinho,Brazil,,3451124
Rio Grande da Serra,Brazil,,3451134
Rio Grande,Brazil,,3451138
Rio do Sul,Brazil,,3451152
Rio de Janeiro,Brazil,,3451190
Rio das Pedras,Brazil,,3451202
Rio das Ostras,Brazil,,3451205
Rio Claro,Brazil,,3451234
Rio Brilhante,Brazil,,3451241
Rio Branco do Sul,Brazil,,3451242
Rio Bonito,Brazil,,3451261
Ribeirão Preto,Brazil,,3451328
Ribeirão Pires,Brazil,,3451329
Ribeirão das Neves,Brazil,,3451353
Ribeirão da Ilha,Brazil,,3451357
Ribeira do Pombal,Brazil,,3451383
Riachão do Jacuípe,Brazil,,3451474
Resplendor,Brazil,,3451650
Resende,Brazil,,3451668
Registro,Brazil,,3451704
Regente Feijó,Brazil,,3451709
Rancharia,Brazil,,3451856
Quirinópolis,Brazil,,3451931
Queimados,Brazil,,3452073
Quatro Barras,Brazil,,3452141
Quaraí,Brazil,,3452179
Prudentópolis,Brazil,,3452216
Propriá,Brazil,,3452233
Promissão,Brazil,,3452237
Presidente Venceslau,Brazil,,3452320
Presidente Prudente,Brazil,,3452324
Presidente Epitácio,Brazil,,3452331
Prata,Brazil,,3452440
Praia Grande,Brazil,,3452465
Prado,Brazil,,3452483
Pouso Alegre,Brazil,,3452525
Posse,Brazil,,3452599
Porto União,Brazil,,3452623
Porto Seguro,Brazil,,3452640
Porto Ferreira,Brazil,,3452775
Porto Feliz,Brazil,,3452779
Porto Alegre,Brazil,,3452925
Portão,Brazil,,3452982
Porangatu,Brazil,,3453014
Pontes e Lacerda,Brazil,,3453060
Ponte Nova,Brazil,,3453078
Ponta Porã,Brazil,,3453150
Pontal,Brazil,,3453171
Ponta Grossa,Brazil,,3453186
Pompéu,Brazil,,3453240
Pompéia,Brazil,,3453242
Pomerode,Brazil,,3453245
Poços de Caldas,Brazil,,3453303
Poconé,Brazil,,3453315
Poções,Brazil,,3453337
Poá,Brazil,,3453406
Planaltina,Brazil,,3453420
Piúma,Brazil,,3453435
Piuí,Brazil,,3453439
Pitangui,Brazil,,3453457
Pitangueiras,Brazil,,3453467
Pitanga,Brazil,,3453478
Piritiba,Brazil,,3453494
Pires do Rio,Brazil,,3453503
Piraquara,Brazil,,3453535
Pirapozinho,Brazil,,3453542
Pirapora,Brazil,,3453546
Pirajuí,Brazil,,3453605
Piraju,Brazil,,3453610
Piraí do Sul,Brazil,,3453622
Piraí,Brazil,,3453635
Pirassununga,Brazil,,3453639
Piracicaba,Brazil,,3453643
Piracanjuba,Brazil,,3453659
Piracaia,Brazil,,3453661
Pinheiros,Brazil,,3453732
Pinheiral,Brazil,,3453767
Pinhão,Brazil,,3453777
Espírito Santo do Pinhal,Brazil,,3453807
Pindobaçu,Brazil,,3453827
Pindamonhangaba,Brazil,,3453837
Pilar do Sul,Brazil,,3453896
Piedade,Brazil,,3453926
Petrópolis,Brazil,,3454031
Perus,Brazil,,3454054
Peruíbe,Brazil,,3454061
Pereira Barreto,Brazil,,3454131
Perdões,Brazil,,3454139
Penha,Brazil,,3454213
Penedo,Brazil,,3454231
Penápolis,Brazil,,3454235
Pelotas,Brazil,,3454244
Pedro Leopoldo,Brazil,,3454358
Pedreira,Brazil,,3454407
Pedra Azul,Brazil,,3454578
Pederneiras,Brazil,,3454620
Paulínia,Brazil,,3454690
Patrocínio,Brazil,,3454763
Patos de Minas,Brazil,,3454783
Pato Branco,Brazil,,3454818
Paty do Alferes,Brazil,,3454827
Posto da Mata,Brazil,,3454839
Passos,Brazil,,3454847
Passo Fundo,Brazil,,3454857
Parobé,Brazil,,3454954
Parelheiros,Brazil,,3454982
Paraty,Brazil,,3455036
Paranavaí,Brazil,,3455051
Paranapanema,Brazil,,3455061
Paranaíba,Brazil,,3455065
Paranaguá,Brazil,,3455070
Paraíba do Sul,Brazil,,3455141
Paraguaçu Paulista,Brazil,,3455152
Paraguaçu,Brazil,,3455155
Pará de Minas,Brazil,,3455161
Paracatu,Brazil,,3455168
Paracambi,Brazil,,3455170
Panambi,Brazil,,3455281
Palotina,Brazil,,3455298
Palmital,Brazil,,3455342
Palmeira das Missões,Brazil,,3455416
Palmeira,Brazil,,3455425
Palmas,Brazil,,3455459
Palhoça,Brazil,,3455478
Paiçandu,Brazil,,3455553
Padre Bernardo,Brazil,,3455580
Ouro Preto,Brazil,,3455671
Ouro Branco,Brazil,,3455689
Ourinhos,Brazil,,3455729
Osvaldo Cruz,Brazil,,3455756
Osório,Brazil,,3455769
Osasco,Brazil,,3455775
Orleans,Brazil,,3455784
Orlândia,Brazil,,3455785
Oliveira,Brazil,,3455908
Olímpia,Brazil,,3455923
Novo Horizonte,Brazil,,3456060
Novo Hamburgo,Brazil,,3456068
Nova Viçosa,Brazil,,3456102
Nova Venécia,Brazil,,3456110
Nova Prata,Brazil,,3456125
Nova Petrópolis,Brazil,,3456127
Nova Olímpia,Brazil,,3456137
Nova Odessa,Brazil,,3456138
Nova Lima,Brazil,,3456147
Nova Iguaçu,Brazil,,3456160
Nova Granada,Brazil,,3456164
Nova Friburgo,Brazil,,3456166
Nova Era,Brazil,,3456176
Nossa Senhora do Socorro,Brazil,,3456223
Freguesia do Ó,Brazil,,3456225
Nossa Senhora da Glória,Brazil,,3456240
Niterói,Brazil,,3456283
Niquelândia,Brazil,,3456285
Nilópolis,Brazil,,3456290
Nerópolis,Brazil,,3456322
Nepomuceno,Brazil,,3456324
Nazaré,Brazil,,3456366
Naviraí,Brazil,,3456368
Navegantes,Brazil,,3456370
Nanuque,Brazil,,3456398
Muzambinho,Brazil,,3456412
Muritiba,Brazil,,3456483
Muriaé,Brazil,,3456500
Mucuri,Brazil,,3456593
Morro do Chapéu,Brazil,,3456696
Morro Agudo,Brazil,,3456724
Morrinhos,Brazil,,3456735
Montes Claros,Brazil,,3456814
Monte Santo de Minas,Brazil,,3456816
Montenegro,Brazil,,3456826
Monte Mor,Brazil,,3456827
Monte Carmelo,Brazil,,3456848
Monte Azul Paulista,Brazil,,3456863
Monte Aprazível,Brazil,,3456866
Monte Alto,Brazil,,3456873
Mongaguá,Brazil,,3456944
Mogi Mirim,Brazil,,3456998
Mogi Guaçu,Brazil,,3457000
Mogi das Cruzes,Brazil,,3457001
Mococa,Brazil,,3457025
Mirandópolis,Brazil,,3457107
Miracema,Brazil,,3457133
Miracatu,Brazil,,3457135
Mineiros,Brazil,,3457147
Miguel Pereira,Brazil,,3457191
Miguelópolis,Brazil,,3457192
Mendes,Brazil,,3457247
Medianeira,Brazil,,3457359
Medeiros Neto,Brazil,,3457360
Mauá,Brazil,,3457381
Matozinhos,Brazil,,3457393
Mateus Leme,Brazil,,3457484
Matão,Brazil,,3457509
Mata de São João,Brazil,,3457528
Mascote,Brazil,,3457566
Martinópolis,Brazil,,3457595
Maringá,Brazil,,3457671
Marília,Brazil,,3457692
Maricá,Brazil,,3457708
Mariana,Brazil,,3457736
Marialva,Brazil,,3457741
Marechal Cândido Rondon,Brazil,,3457772
Marau,Brazil,,3457817
Marataizes,Brazil,,3457819
Maragogipe,Brazil,,3457850
Maracás,Brazil,,3457854
Maracaju,Brazil,,3457859
Manhumirim,Brazil,,3457950
Manhuaçu,Brazil,,3457952
Mangaratiba,Brazil,,3457991
Mandaguari,Brazil,,3458049
Mairiporã,Brazil,,3458131
Mairinque,Brazil,,3458132
Mafra,Brazil,,3458147
Machado,Brazil,,3458211
Macatuba,Brazil,,3458245
Macaé,Brazil,,3458266
Luziânia,Brazil,,3458329
Lucas,Brazil,,3458397
Louveira,Brazil,,3458406
Lorena,Brazil,,3458425
Londrina,Brazil,,3458449
Loanda,Brazil,,3458479
Livramento do Brumado,Brazil,,3458481
Lins,Brazil,,3458494
Linhares,Brazil,,3458498
Limeira,Brazil,,3458575
Liberdade,Brazil,,3458611
Leopoldina,Brazil,,3458632
Lençóis Paulista,Brazil,,3458645
Leme,Brazil,,3458662
Lavras,Brazil,,3458696
Laranjeiras do Sul,Brazil,,3458746
Laranjeiras,Brazil,,3458778
Laranjal Paulista,Brazil,,3458786
Lapa,Brazil,,3458825
Lapa,Brazil,,3458826
Lajinha,Brazil,,3458902
Lages,Brazil,,3458930
Lajeado,Brazil,,3459035
Laguna,Brazil,,3459094
Lagoa Vermelha,Brazil,,3459126
Lagoa Santa,Brazil,,3459138
Lagoa da Prata,Brazil,,3459251
Lagarto,Brazil,,3459342
Ladário,Brazil,,3459352
Jundiaí,Brazil,,3459462
Júlio de Castilhos,Brazil,,3459495
Juiz de Fora,Brazil,,3459505
Juatuba,Brazil,,3459550
José Bonifácio,Brazil,,3459667
Joinville,Brazil,,3459712
João Pinheiro,Brazil,,3459785
João Monlevade,Brazil,,3459796
Joaçaba,Brazil,,3459869
Jeremoabo,Brazil,,3459922
Jequitinhonha,Brazil,,3459925
Jequié,Brazil,,3459943
Jaú,Brazil,,3460005
Jataí,Brazil,,3460064
Jarinu,Brazil,,3460068
Jardinópolis,Brazil,,3460071
Jardim,Brazil,,3460087
Jaraguá do Sul,Brazil,,3460102
Jaraguá,Brazil,,3460103
Jaraguá,Brazil,,3460107
Japeri,Brazil,,3460132
Januária,Brazil,,3460148
Jandira,Brazil,,3460170
Jandaia do Sul,Brazil,,3460172
Janaúba,Brazil,,3460174
Jales,Brazil,,3460186
Jaguariúna,Brazil,,3460200
Jaguariaíva,Brazil,,3460214
Jaguarari,Brazil,,3460225
Jaguarão,Brazil,,3460232
Jaguaquara,Brazil,,3460242
Jacutinga,Brazil,,3460267
Jacobina,Brazil,,3460344
Jaciara,Brazil,,3460355
Jacarezinho,Brazil,,3460362
Jacareí,Brazil,,3460370
Jaboticabal,Brazil,,3460441
Ivoti,Brazil,,3460484
Ituverava,Brazil,,3460511
Iturama,Brazil,,3460513
Itupeva,Brazil,,3460516
Itumbiara,Brazil,,3460522
Ituiutaba,Brazil,,3460523
Ituberá,Brazil,,3460530
Itu,Brazil,,3460535
Itororó,Brazil,,3460542
Itaúna,Brazil,,3460584
Itatinga,Brazil,,3460594
Itatiba,Brazil,,3460598
Itararé,Brazil,,3460620
Itaqui,Brazil,,3460629
Itaquera,Brazil,,3460634
Itaquaquecetuba,Brazil,,3460644
Itapuranga,Brazil,,3460648
Itápolis,Brazil,,3460671
Itapira,Brazil,,3460699
Itapevi,Brazil,,3460718
Itapeva,Brazil,,3460723
Itapetininga,Brazil,,3460728
Itapetinga,Brazil,,3460730
Itaperuna,Brazil,,3460733
Itaperuçu,Brazil,,3460734
Itapemirim,Brazil,,3460738
Itapema,Brazil,,3460740
Itapecerica da Serra,Brazil,,3460748
Itapecerica,Brazil,,3460752
Itaparica,Brazil,,3460764
Itapaci,Brazil,,3460773
Itaocara,Brazil,,3460774
Itanhaém,Brazil,,3460791
Itambé,Brazil,,3460813
Itamarandiba,Brazil,,3460825
Itamaraju,Brazil,,3460826
Itajuípe,Brazil,,3460831
Itajubá,Brazil,,3460834
Itajaí,Brazil,,3460845
Itaí,Brazil,,3460887
Itaguaí,Brazil,,3460899
Itabuna,Brazil,,3460949
Itaboraí,Brazil,,3460950
Itabirito,Brazil,,3460954
Itabira,Brazil,,3460960
Itaberaí,Brazil,,3460963
Itaberaba,Brazil,,3460966
Itabaianinha,Brazil,,3460971
Itabaiana,Brazil,,3460974
Irecê,Brazil,,3461013
Irati,Brazil,,3461017
Iracemápolis,Brazil,,3461055
Iporá,Brazil,,3461090
Ipiranga,Brazil,,3461109
Ipirá,Brazil,,3461124
Ipiaú,Brazil,,3461129
Iperó,Brazil,,3461134
Ipatinga,Brazil,,3461144
Ipameri,Brazil,,3461151
Ipaba,Brazil,,3461153
Inhumas,Brazil,,3461194
Indaiatuba,Brazil,,3461311
Indaial,Brazil,,3461316
Imbituva,Brazil,,3461368
Imbituba,Brazil,,3461370
Ilhéus,Brazil,,3461408
Ilha Solteira,Brazil,,3461411
Ilhabela,Brazil,,3461425
Ijuí,Brazil,,3461444
Iguape,Brazil,,3461465
Igrejinha,Brazil,,3461481
Igarapé,Brazil,,3461498
Igarapava,Brazil,,3461499
Igaraçu do Tietê,Brazil,,3461501
Içara,Brazil,,3461519
Ibotirama,Brazil,,3461525
Ibiúna,Brazil,,3461528
Ibitinga,Brazil,,3461550
Ibirité,Brazil,,3461563
Ibirataia,Brazil,,3461565
Ibirama,Brazil,,3461576
Ibiporã,Brazil,,3461588
Ibicaraí,Brazil,,3461606
Ibiá,Brazil,,3461620
Ibaté,Brazil,,3461625
Ibaiti,Brazil,,3461628
Iaçu,Brazil,,3461638
Hortolândia,Brazil,,3461655
Herval,Brazil,,3461680
Gurupi,Brazil,,3461724
Guaxupé,Brazil,,3461763
Guarulhos,Brazil,,3461786
Guarujá,Brazil,,3461789
Guariba,Brazil,,3461824
Guaratuba,Brazil,,3461857
Guaratinguetá,Brazil,,3461859
Guararema,Brazil,,3461871
Guararapes,Brazil,,3461874
Guarapuava,Brazil,,3461879
Guarapari,Brazil,,3461888
Guaranésia,Brazil,,3461910
Guaramirim,Brazil,,3461914
Guará,Brazil,,3461935
Guaporé,Brazil,,3461941
Guapimirim,Brazil,,3461949
Guanhães,Brazil,,3461958
Guanambi,Brazil,,3461973
Guaíra,Brazil,,3461995
Guaianases,Brazil,,3462011
Guaçuí,Brazil,,3462022
Gravataí,Brazil,,3462089
Governador Valadares,Brazil,,3462315
Goiatuba,Brazil,,3462371
Goiás,Brazil,,3462374
Goianira,Brazil,,3462376
Goiânia,Brazil,,3462377
Goianésia,Brazil,,3462378
Gaspar,Brazil,,3462535
Garibaldi,Brazil,,3462557
Garça,Brazil,,3462580
Gandu,Brazil,,3462601
Frutal,Brazil,,3462916
Frederico Westphalen,Brazil,,3462956
Franco da Rocha,Brazil,,3462964
Francisco Morato,Brazil,,3462980
Francisco Beltrão,Brazil,,3462996
Franca,Brazil,,3463011
Foz do Iguaçu,Brazil,,3463030
Forquilhinha,Brazil,,3463066
Formosa,Brazil,,3463140
Formiga,Brazil,,3463174
Florianópolis,Brazil,,3463237
Flores da Cunha,Brazil,,3463271
Ferraz de Vasconcelos,Brazil,,3463422
Fernandópolis,Brazil,,3463432
Feira de Santana,Brazil,,3463478
Farroupilha,Brazil,,3463605
Eunápolis,Brazil,,3463690
Euclides da Cunha,Brazil,,3463698
Estrela,Brazil,,3463762
Esteio,Brazil,,3463859
Estância Velha,Brazil,,3463865
Estância,Brazil,,3463900
Esplanada,Brazil,,3463920
Espinosa,Brazil,,3463939
Esmeraldas,Brazil,,3464008
Erechim,Brazil,,3464073
Entre Rios,Brazil,,3464100
Encruzilhada do Sul,Brazil,,3464255
Encantado,Brazil,,3464274
Embu Guaçu,Brazil,,3464304
Embu das Artes,Brazil,,3464305
Elói Mendes,Brazil,,3464329
Duque de Caxias,Brazil,,3464374
Dourados,Brazil,,3464460
Dom Pedrito,Brazil,,3464547
Dois Vizinhos,Brazil,,3464579
Dois Córregos,Brazil,,3464618
Divinópolis,Brazil,,3464688
Diamantino,Brazil,,3464724
Diamantina,Brazil,,3464728
Diadema,Brazil,,3464739
Descalvado,Brazil,,3464809
Curvelo,Brazil,,3464891
Curitibanos,Brazil,,3464974
Curitiba,Brazil,,3464975
Cuiabá,Brazil,,3465038
Cubatão,Brazil,,3465059
Cruzeiro do Oeste,Brazil,,3465083
Cruzeiro,Brazil,,3465090
Cruz das Almas,Brazil,,3465105
Cruz Alta,Brazil,,3465108
Cristalina,Brazil,,3465164
Criciúma,Brazil,,3465196
Cravinhos,Brazil,,3465209
Coxim,Brazil,,3465228
Cotia,Brazil,,3465284
Cosmópolis,Brazil,,3465320
Coruripe,Brazil,,3465329
Corumbá,Brazil,,3465342
Coronel Vivida,Brazil,,3465459
Coronel Fabriciano,Brazil,,3465476
Coromandel,Brazil,,3465487
Cornélio Procópio,Brazil,,3465508
Corinto,Brazil,,3465512
Cordeirópolis,Brazil,,3465524
Cordeiro,Brazil,,3465527
Contagem,Brazil,,3465624
Conselheiro Lafaiete,Brazil,,3465644
Congonhas,Brazil,,3465671
Conde,Brazil,,3465713
Concórdia,Brazil,,3465721
Conchal,Brazil,,3465731
Conceição do Coité,Brazil,,3465748
Conceição do Jacuípe,Brazil,,3465758
Conceição das Alagoas,Brazil,,3465764
Conceição da Feira,Brazil,,3465767
Conceição da Barra,Brazil,,3465769
Colorado,Brazil,,3465881
Colombo,Brazil,,3465927
Colatina,Brazil,,3465944
Coaraci,Brazil,,3466041
Cláudio,Brazil,,3466062
Cícero Dantas,Brazil,,3466171
Cianorte,Brazil,,3466174
Nova Xavantina,Brazil,,3466255
Charqueadas,Brazil,,3466261
Chapecó,Brazil,,3466296
Cerquilho,Brazil,,3466429
Ceres,Brazil,,3466436
Celso Ramos,Brazil,,3466481
Caxias do Sul,Brazil,,3466537
Caxambu,Brazil,,3466547
Catu,Brazil,,3466641
Catanduva,Brazil,,3466692
Catalão,Brazil,,3466696
Cataguases,Brazil,,3466698
Castro,Brazil,,3466704
Castelo,Brazil,,3466723
Cassilândia,Brazil,,3466750
Casimiro de Abreu,Brazil,,3466763
Cascavel,Brazil,,3466779
Casa Branca,Brazil,,3466824
Carmo do Paranaíba,Brazil,,3466902
Carmo do Cajuru,Brazil,,3466903
Carlos Barbosa,Brazil,,3466933
Carazinho,Brazil,,3466978
Caratinga,Brazil,,3466988
Carapicuíba,Brazil,,3466998
Carangola,Brazil,,3467012
Carandaí,Brazil,,3467026
Caraguatatuba,Brazil,,3467081
Capivari,Brazil,,3467197
Capinzal,Brazil,,3467261
Capim Grosso,Brazil,,3467272
Capelinha,Brazil,,3467305
Capela,Brazil,,3467319
Capão da Canoa,Brazil,,3467362
Capâo Bonito,Brazil,,3467371
Canoinhas,Brazil,,3467452
Canoas,Brazil,,3467467
Canguçu,Brazil,,3467512
Canela,Brazil,,3467530
Cândido Mota,Brazil,,3467542
Candelária,Brazil,,3467550
Canavieiras,Brazil,,3467577
Campo Verde,Brazil,,3467673
Campos Novos,Brazil,,3467677
Campos Gerais,Brazil,,3467680
Campos do Jordão,Brazil,,3467684
Campos Belos,Brazil,,3467687
Campos dos Goytacazes,Brazil,,3467693
Campo Mourão,Brazil,,3467717
Campo Limpo,Brazil,,3467722
Campo Limpo de Goiás,Brazil,,3467727
Campo Largo,Brazil,,3467736
Campo Grande,Brazil,,3467747
Campo Formoso,Brazil,,3467760
Campo Belo,Brazil,,3467796
Campinas,Brazil,,3467865
Campina Grande do Sul,Brazil,,3467877
Cambuí,Brazil,,3467956
Camboriú,Brazil,,3467968
Cambé,Brazil,,3467978
Cambará,Brazil,,3467985
Camaquã,Brazil,,3468014
Camanducaia,Brazil,,3468023
Camaçari,Brazil,,3468031
Caldas Novas,Brazil,,3468100
Cajuru,Brazil,,3468121
Cajati,Brazil,,3468157
Cajamar,Brazil,,3468158
Caieiras,Brazil,,3468215
Caetité,Brazil,,3468317
Caeté,Brazil,,3468327
Cachoeiro de Itapemirim,Brazil,,3468376
Cachoeirinha,Brazil,,3468403
Cachoeiras de Macacu,Brazil,,3468425
Cachoeira do Sul,Brazil,,3468436
Cachoeira,Brazil,,3468535
Caçapava do Sul,Brazil,,3468560
Caçapava,Brazil,,3468562
Caçador,Brazil,,3468570
Cabreúva,Brazil,,3468592
Cabo Frio,Brazil,,3468615
Butiá,Brazil,,3468704
Buritizeiro,Brazil,,3468720
Buritis,Brazil,,3468732
Buri,Brazil,,3468802
Buerarema,Brazil,,3468858
Brusque,Brazil,,3468879
Brumado,Brazil,,3468893
Brumadinho,Brazil,,3468894
Brotas,Brazil,,3468899
Brodósqui,Brazil,,3468902
Brasília,Brazil,,3469058
Brás,Brazil,,3469066
Bragança Paulista,Brazil,,3469092
Braço do Norte,Brazil,,3469115
Botucatu,Brazil,,3469136
Bom Retiro,Brazil,,3469399
Bom Jesus do Itabapoana,Brazil,,3469425
Bom Jesus da Lapa,Brazil,,3469437
Bom Despacho,Brazil,,3469516
Boituva,Brazil,,3469540
Bocaiúva,Brazil,,3469601
Boa Esperança,Brazil,,3469932
Blumenau,Brazil,,3469968
Biritiba Mirim,Brazil,,3469984
Birigui,Brazil,,3469989
Biguaçu,Brazil,,3470003
Betim,Brazil,,3470044
Bertioga,Brazil,,3470052
Bento Gonçalves,Brazil,,3470073
Belo Oriente,Brazil,,3470117
Belo Horizonte,Brazil,,3470127
Belford Roxo,Brazil,,3470142
Bela Vista,Brazil,,3470177
Bebedouro,Brazil,,3470264
Bauru,Brazil,,3470279
Batatais,Brazil,,3470324
Bastos,Brazil,,3470341
Barueri,Brazil,,3470353
Barroso,Brazil,,3470369
Barrinha,Brazil,,3470428
Barretos,Brazil,,3470451
Barreiro do Jaíba,Brazil,,3470470
Barreiras,Brazil,,3470583
Barra Velha,Brazil,,3470597
Barra Mansa,Brazil,,3470636
Barra dos Coqueiros,Brazil,,3470674
Barra do Piraí,Brazil,,3470691
Barra do Garças,Brazil,,3470709
Barra do Bugres,Brazil,,3470718
Barra de São Francisco,Brazil,,3470730
Barra Bonita,Brazil,,3470776
Barra,Brazil,,3470821
Bariri,Brazil,,3470825
Barbacena,Brazil,,3470858
Barão de Cocais,Brazil,,3470878
Bandeirantes,Brazil,,3470912
Bambuí,Brazil,,3471005
Balneário Camboriú,Brazil,,3471039
Baixo Guandu,Brazil,,3471061
Bagé,Brazil,,3471196
Avaré,Brazil,,3471291
Atibaia,Brazil,,3471335
Astorga,Brazil,,3471368
Assis,Brazil,,3471374
Arujá,Brazil,,3471393
Artur Nogueira,Brazil,,3471395
Arroio Grande,Brazil,,3471422
Arroio do Meio,Brazil,,3471428
Arraial do Cabo,Brazil,,3471451
Armação dos Búzios,Brazil,,3471487
Arcos,Brazil,,3471683
Araxá,Brazil,,3471691
Araucária,Brazil,,3471697
Araruama,Brazil,,3471715
Araras,Brazil,,3471758
Araraquara,Brazil,,3471766
Araranguá,Brazil,,3471772
Arapongas,Brazil,,3471798
Araguari,Brazil,,3471830
Aragarças,Brazil,,3471840
Araçuaí,Brazil,,3471846
Aracruz,Brazil,,3471848
Araçoiaba da Serra,Brazil,,3471849
Araci,Brazil,,3471854
Araçatuba,Brazil,,3471859
Aracaju,Brazil,,3471872
Aquidauana,Brazil,,3471896
Apucarana,Brazil,,3471910
Apiaí,Brazil,,3471927
Aparecida do Taboado,Brazil,,3471940
Aparecida,Brazil,,3471949
Antonina,Brazil,,3472048
Anicuns,Brazil,,3472138
Angra dos Reis,Brazil,,3472177
Andradina,Brazil,,3472248
Andradas,Brazil,,3472254
Anastácio,Brazil,,3472284
Anápolis,Brazil,,3472287
Amparo,Brazil,,3472311
Américo Brasiliense,Brazil,,3472338
Americana,Brazil,,3472343
Amargosa,Brazil,,3472370
Álvares Machado,Brazil,,3472417
Almirante Tamandaré,Brazil,,3472518
Almenara,Brazil,,3472520
Alfenas,Brazil,,3472603
Além Paraíba,Brazil,,3472609
Alegrete,Brazil,,3472638
Alegre,Brazil,,3472666
Alagoinhas,Brazil,,3472766
Aimorés,Brazil,,3472808
Agudos,Brazil,,3472825
Águas Vermelhas,Brazil,,3472848
Águas de Lindóia,Brazil,,3472869
Água Rasa,Brazil,,3472898
Aguaí,Brazil,,3472969
Adamantina,Brazil,,3473157
Abaeté,Brazil,,3473267
Guaíba,Brazil,,3473964
Palmas,Brazil,,3474574
Universidade Rural,Brazil,,3480652
Tefé,Brazil,,3661944
Tarauacá,Brazil,,3661980
Tabatinga,Brazil,,3662075
Sena Madureira,Brazil,,3662155
São Gabriel da Cachoeira,Brazil,,3662342
Rio Branco,Brazil,,3662574
Porto Velho,Brazil,,3662762
Manaus,Brazil,,3663517
Manacapuru,Brazil,,3663529
Humaitá,Brazil,,3664078
Fonte Boa,Brazil,,3664207
Eirunepé,Brazil,,3664321
Cruzeiro do Sul,Brazil,,3664464
Coari,Brazil,,3664539
Carauari,Brazil,,3664659
Boa Vista,Brazil,,3664980
Ariquemes,Brazil,,3665199
Aripuanã,Brazil,,3665202
Vilhena,Brazil,,3924679
Senador Guiomard,Brazil,,3924752
Rolim de Moura do Guaporé,Brazil,,3924877
Pimenta Bueno,Brazil,,3924908
Ouro Preto do Oeste,Brazil,,3924948
Ji Paraná,Brazil,,3925033
Jaru,Brazil,,3925040
Guajará Mirim,Brazil,,3925075
Cacoal,Brazil,,3925212
Açailândia,Brazil,,6316298
Aparecida de Goiânia,Brazil,,6316406
Campinas,Brazil,,6316729
Ermelino Matarazzo,Brazil,,6317077
Itaim Paulista,Brazil,,6317317
Jaboatão dos Guararapes,Brazil,,6317344
Lauro de Freitas,Brazil,,6317464
Minaçu,Brazil,,6317592
Ourilândia do Norte,Brazil,,6317824
Parauapebas,Brazil,,6317872
Pinhais,Brazil,,6317953
Redenção,Brazil,,6318107
Rio Preto da Eva,Brazil,,6318165
São Mateus,Brazil,,6318546
Sapopemba,Brazil,,6318632
Simões Filho,Brazil,,6318694
Sinop,Brazil,,6318696
Tangará da Serra,Brazil,,6318738
Tucumã,Brazil,,6318807
Vargem Grande Paulista,Brazil,,6318864
Xinguara,Brazil,,6318968
Barra da Tijuca,Brazil,,7290718
Tatuapé,Brazil,,7292560
Consolação,Brazil,,7521912
Rocinha,Brazil,,7538520
Pirituba,Brazil,,7614932
Limão,Brazil,,7614952
Vila Galvão,Brazil,,7615192
Jardim Paulista,Brazil,,7615262
Trindade,Brazil,,7874479
Freguesia do Ribeirao da Ilha,Brazil,,7874492
Itaim Bibi,Brazil,,10173001
Moema,Brazil,,10227137
Planaltina,Brazil,,11184422
Grajaú,Brazil,,11962371
Artur Alvim,Brazil,,11962373
Anhanguera,Brazil,,11962374
Cidade Dutra,Brazil,,11962375
Capao Redondo,Brazil,,11962376
Casa Verde,Brazil,,11962377
Iguatemi,Brazil,,11962378
Sao Lucas,Brazil,,11962379
Socorro,Brazil,,11962380
Rio Pequeno,Brazil,,11962381
Carrao,Brazil,,11962382
Agua Rasa,Brazil,,11962383
Alto De Pinheiros,Brazil,,11962384
Cidade Lider,Brazil,,11962385
Aricanduva,Brazil,,11962386
Jacana,Brazil,,11962387
Jaguara,Brazil,,11962388
Lajeado,Brazil,,11962389
Jabaquara,Brazil,,11962390
Jose Bonifacio,Brazil,,11962391
Cidade Ademar,Brazil,,11962392
Barra Funda,Brazil,,11962393
Belem,Brazil,,11962394
Brasilandia,Brazil,,11962395
Butanta,Brazil,,11962396
Cangaiba,Brazil,,11962398
Cambuci,Brazil,,11962399
Campo Belo,Brazil,,11962400
Cursino,Brazil,,11962401
Mooca,Brazil,,11962402
Vila Prudente,Brazil,,11962403
Morumbi,Brazil,,11962404
Pedreira,Brazil,,11962405
Mandaqui,Brazil,,11962406
Cachoeirinha,Brazil,,11962407
Jardim Angela,Brazil,,11962408
Pari,Brazil,,11962409
Vila Formosa,Brazil,,11962410
Vila Guilherme,Brazil,,11962411
Vila Jacui,Brazil,,11962412
Vila Matilde,Brazil,,11962413
Vila Medeiros,Brazil,,11962414
Santa Cecilia,Brazil,,11962415
Parque Do Carmo,Brazil,,11962416
Perdizes,Brazil,,11962417
Ponte Rasa,Brazil,,11962418
Raposo Tavares,Brazil,,11962419
Sao Domingos,Brazil,,11962420
Se,Brazil,,11962421
Vila Leopoldina,Brazil,,11962422
Jaguare,Brazil,,11962423
Cidade Tiradentes,Brazil,,11962424
Bela Vista,Brazil,,11962425
Jardim Helena,Brazil,,11962426
Jardim Sao Luis,Brazil,,11962427
Republica,Brazil,,11962428
Sacoma,Brazil,,11962429
Sao Rafael,Brazil,,11962430
Vila Andrade,Brazil,,11962431
Vila Curuca,Brazil,,11962432
São Pedro,Brazil,,11980142
Bosque Saúde,Brazil,,12377091
Bairro da Penha,Brazil,,12426999
Bairro Parque Nossa Senhora do Carmo,Brazil,,12427005
Nassau,Bahamas,,3571824
Lucaya,Bahamas,,3571971
Killarney,Bahamas,,3572106
Freeport,Bahamas,,3572375
Thimphu,Bhutan,,1252416
Punākha,Bhutan,,1252479
Phuntsholing,Bhutan,,1252484
Tsirang,Bhutan,,1252608
Tonota,Botswana,,933000
Tlokweng,Botswana,,933004
Thamaga,Botswana,,933018
Serowe,Botswana,,933088
Selebi-Phikwe,Botswana,,933099
Ramotswa,Botswana,,933141
Palapye,Botswana,,933182
Mosopa,Botswana,,933271
Molepolole,Botswana,,933305
Mogoditshane,Botswana,,933331
Mochudi,Botswana,,933340
Maun,Botswana,,933366
Mahalapye,Botswana,,933471
Lobatse,Botswana,,933521
Letlhakane,Botswana,,933535
Kanye,Botswana,,933685
Janeng,Botswana,,933719
Ghanzi,Botswana,,933759
Gaborone,Botswana,,933773
Gabane,Botswana,,933777
Francistown,Botswana,,933778
Bobonong,Botswana,,933885
Mmopone,Botswana,,1106213
Tutume,Botswana,,7573818
Jwaneng,Botswana,,8308627
Horad Zhodzina,Belarus,,618800
Zhlobin,Belarus,,618806
Žytkavičy,Belarus,,618815
Zaslawye,Belarus,,619066
Vitebsk,Belarus,,620127
Vileyka,Belarus,,620181
Volkovysk,Belarus,,620391
Svetlogorsk,Belarus,,621074
Stowbtsy,Belarus,,621266
Smarhoń,Belarus,,621713
Smaliavičy,Belarus,,621729
Slutsk,Belarus,,621741
Slonim,Belarus,,621754
Shchuchyn,Belarus,,622113
Soligorsk,Belarus,,622428
Rahachow,Belarus,,622739
Rechytsa,Belarus,,622794
Pruzhany,Belarus,,622997
Polotsk,Belarus,,623317
Pinsk,Belarus,,623549
Pastavy,Belarus,,623760
Astraviec,Belarus,,623941
Osipovichi,Belarus,,624034
Orsha,Belarus,,624079
Nesvizh,Belarus,,624700
Novopolotsk,Belarus,,624784
Novogrudok,Belarus,,624785
Minsk,Belarus,,625144
Mazyr,Belarus,,625324
Mar’ina Gorka,Belarus,,625409
Maladziečna,Belarus,,625625
Mahilyow,Belarus,,625665
Lyepyel’,Belarus,,625743
Luninyets,Belarus,,625818
Logoysk,Belarus,,625972
Lida,Belarus,,626081
Krychaw,Belarus,,626450
Kalodzishchy,Belarus,,627083
Kobryn,Belarus,,627145
Klimovichi,Belarus,,627202
Kalinkovichi,Belarus,,627751
Ivatsevichi,Belarus,,627800
Ivanovo,Belarus,,627811
Hrodna,Belarus,,627904
Horki,Belarus,,627905
Homyel',Belarus,,627907
Hlybokaye,Belarus,,627908
Dzyarzhynsk,Belarus,,628634
Dobrush,Belarus,,629018
Bykhov,Belarus,,629447
Byaroza,Belarus,,629454
Brest,Belarus,,629634
Barysaw,Belarus,,630376
Baranovichi,Belarus,,630429
Bobruysk,Belarus,,630468
Oshmyany,Belarus,,630515
Fanipol,Belarus,,6846555
San Pedro,Belize,,3581164
San Ignacio,Belize,,3581194
Orange Walk,Belize,,3581514
Belmopan,Belize,,3582672
Belize City,Belize,,3582677
Abbotsford,Canada,,5881791
Agincourt North,Canada,,5882600
Ahuntsic-Cartierville,Canada,,5882725
Airdrie,Canada,,5882799
Ajax,Canada,,5882873
Alliston,Canada,,5884051
Alma,Canada,,5884083
Amos,Canada,,5884588
Aurora,Canada,,5888377
Baie-Comeau,Canada,,5889745
Barrie,Canada,,5894171
Bayview Village,Canada,,5895482
Beaconsfield,Canada,,5895650
Belleville,Canada,,5897884
Beloeil,Canada,,5898138
Bendale,Canada,,5898265
Blainville,Canada,,5903510
Boisbriand,Canada,,5905132
Boucherville,Canada,,5906267
Bracebridge,Canada,,5907092
Brampton,Canada,,5907364
Brandon,Canada,,5907896
Brant,Canada,,5907983
Brantford,Canada,,5907990
Brockville,Canada,,5909294
Brossard,Canada,,5909629
Burlington,Canada,,5911592
Burnaby,Canada,,5911606
Caledon,Canada,,5913414
Calgary,Canada,,5913490
Cambridge,Canada,,5913695
Campbell River,Canada,,5914132
Camrose,Canada,,5914653
Candiac,Canada,,5914826
Chambly,Canada,,5919566
Charlottetown,Canada,,5920288
Châteauguay,Canada,,5920433
Chatham,Canada,,5920457
Chilliwack,Canada,,5921356
Clarence-Rockland,Canada,,5923101
Cliffcrest,Canada,,5923921
Cobourg,Canada,,5924579
Cochrane,Canada,,5924618
Collingwood,Canada,,5925975
Colwood,Canada,,5926268
Conception Bay South,Canada,,5926511
Coquitlam,Canada,,5927690
Corner Brook,Canada,,5927969
Cornwall,Canada,,5928065
Côte-Saint-Luc,Canada,,5928488
Courtenay,Canada,,5930890
Cranbrook,Canada,,5931800
Dartmouth,Canada,,5935277
Delta,Canada,,5937615
Deux-Montagnes,Canada,,5938513
Dieppe,Canada,,5939219
Dollard-Des Ormeaux,Canada,,5940956
Dorset Park,Canada,,5941905
Dorval,Canada,,5941925
Drummondville,Canada,,5942845
Duncan,Canada,,5943865
East Gwillimbury,Canada,,5945707
Edmonton,Canada,,5946768
Humbermede,Canada,,5948587
Esquimalt,Canada,,5949512
Etobicoke,Canada,,5950268
Flemingdon Park,Canada,,5954579
Fort Erie,Canada,,5955815
Fort McMurray,Canada,,5955895
Fort St. John,Canada,,5955960
Fredericton,Canada,,5957776
Gatineau,Canada,,5959974
Glace Bay,Canada,,5961564
Granby,Canada,,5964215
Grande Prairie,Canada,,5964347
Greater Sudbury,Canada,,5964700
Greater Napanee,Canada,,5965812
Grimsby,Canada,,5967149
Guelph,Canada,,5967629
Hamilton,Canada,,5969782
Henry Farm,Canada,,5973973
Hillcrest Village,Canada,,5975182
Huntsville,Canada,,5978765
Joliette,Canada,,5987650
Kamloops,Canada,,5989045
Kanata,Canada,,5989117
Kelowna,Canada,,5990579
Kennedy Park,Canada,,5990916
Kenora,Canada,,5991055
Keswick,Canada,,5991370
Kingston,Canada,,5992500
Kirkland,Canada,,5992830
Kitchener,Canada,,5992996
Langford,Canada,,6049388
Langley,Canada,,6049429
La Prairie,Canada,,6049863
LaSalle,Canada,,6050177
L'Assomption,Canada,,6050263
Laval,Canada,,6050610
Leamington,Canada,,6051122
Leduc,Canada,,6051562
Les Coteaux,Canada,,6052788
Lethbridge,Canada,,6053154
Lindsay,Canada,,6054350
Lloydminster,Canada,,6058024
London,Canada,,6058560
Longueuil,Canada,,6059891
Lutes Mountain,Canada,,6062163
Magog,Canada,,6064180
Malvern,Canada,,6064969
Maple Ridge,Canada,,6065686
Markham,Canada,,6066513
Mascouche,Canada,,6067494
Medicine Hat,Canada,,6071618
Midland,Canada,,6073363
Milliken,Canada,,6074143
Milton,Canada,,6074377
Mimico,Canada,,6074409
Mirabel,Canada,,6075061
Miramichi,Canada,,6075081
Mission,Canada,,6075292
Mississauga,Canada,,6075357
Moncton,Canada,,6076211
Montréal,Canada,,6077243
Mont-Royal,Canada,,6077315
Mont-Saint-Hilaire,Canada,,6077340
Moose Jaw,Canada,,6078112
Mount Pearl,Canada,,6082231
Nanaimo,Canada,,6085772
Nepean,Canada,,6087029
New Glasgow,Canada,,6087579
Newmarket,Canada,,6087701
New Westminster,Canada,,6087844
Niagara Falls,Canada,,6087892
Niagara-on-the-Lake,Canada,,6087905
Norfolk County,Canada,,6089125
North Battleford,Canada,,6089404
North Bay,Canada,,6089426
North Cowichan,Canada,,6089661
North Vancouver,Canada,,6090785
Notre-Dame-de-Grâce,Canada,,6091314
Oak Bay,Canada,,6091919
Oakville,Canada,,6092122
Oakwood Village,Canada,,6092125
Orangeville,Canada,,6094201
Orillia,Canada,,6094325
Oshawa,Canada,,6094578
Ottawa,Canada,,6094817
Owen Sound,Canada,,6095645
Penticton,Canada,,6101141
Petawawa,Canada,,6101606
Peterborough,Canada,,6101645
Pickering,Canada,,6104111
Pitt Meadows,Canada,,6105815
Pointe-Claire,Canada,,6107325
Port Alberni,Canada,,6111632
Port Colborne,Canada,,6111704
Port Coquitlam,Canada,,6111706
Port Moody,Canada,,6111962
Prince Albert,Canada,,6113335
Prince Edward,Canada,,6113355
Prince George,Canada,,6113365
Quinte West,Canada,,6115355
Red Deer,Canada,,6118158
Regina,Canada,,6119109
Repentigny,Canada,,6119518
Richmond,Canada,,6122085
Richmond Hill,Canada,,6122091
Rock Forest,Canada,,6126305
Rouge,Canada,,6128081
Rouyn-Noranda,Canada,,6128577
Saguenay,Canada,,6137270
Saint-Basile-le-Grand,Canada,,6137489
Saint-Bruno-de-Montarville,Canada,,6137540
Saint-Constant,Canada,,6137633
Sainte-Catherine,Canada,,6137780
Sainte-Catherine,Canada,,6137781
Sainte-Julie,Canada,,6137941
Sainte-Thérèse,Canada,,6138121
Saint-Eustache,Canada,,6138175
Saint-Hubert,Canada,,6138369
Saint-Hyacinthe,Canada,,6138374
Saint-Jean-sur-Richelieu,Canada,,6138495
Saint-Jérôme,Canada,,6138501
Saint John,Canada,,6138517
Saint-Laurent,Canada,,6138610
Saint-Lazare,Canada,,6138617
Saint-Léonard,Canada,,6138625
Saint-Lin-Laurentides,Canada,,6138643
Salaberry-de-Valleyfield,Canada,,6139289
Sarnia,Canada,,6141190
Saskatoon,Canada,,6141256
Sault Ste. Marie,Canada,,6141439
Scarborough Village,Canada,,6141900
Sept-Îles,Canada,,6144312
Shawinigan,Canada,,6145489
Sherbrooke,Canada,,6146143
Sherwood Park,Canada,,6146279
Sorel-Tracy,Canada,,6151350
Spruce Grove,Canada,,6154383
Squamish,Canada,,6154636
St. Albert,Canada,,6155033
St. Catharines,Canada,,6155721
Steeles,Canada,,6155938
Steinbach,Canada,,6156102
Stouffville,Canada,,6157718
Stratford,Canada,,6157977
St. Thomas,Canada,,6158357
Surrey,Canada,,6159905
Swift Current,Canada,,6160603
Tam O'Shanter-Sullivan,Canada,,6161443
Tecumseh,Canada,,6162416
Templeton-Est,Canada,,6162703
Terrace,Canada,,6162949
Terrebonne,Canada,,6163012
The Beaches,Canada,,6163363
Thorold,Canada,,6165719
Thunder Bay,Canada,,6166142
Timmins,Canada,,6166739
Toronto,Canada,,6167865
Trois-Rivières,Canada,,6169141
Tsawwassen,Canada,,6169661
Uxbridge,Canada,,6172932
Val-d'Or,Canada,,6173017
Vancouver,Canada,,6173331
Vanier,Canada,,6173404
Varennes,Canada,,6173508
Vaudreuil-Dorion,Canada,,6173570
Vaughan,Canada,,6173577
Vernon,Canada,,6173864
Victoria,Canada,,6174041
Victoriaville,Canada,,6174151
Wasaga Beach,Canada,,6176421
Waterloo,Canada,,6176823
Welland,Canada,,6177869
West End,Canada,,6178582
West Hill,Canada,,6178999
Westmount,Canada,,6179226
Weston,Canada,,6179268
Whitehorse,Canada,,6180550
White Rock,Canada,,6180961
Windsor,Canada,,6182962
Winnipeg,Canada,,6183235
Woburn,Canada,,6183590
Woodstock,Canada,,6184365
Yellowknife,Canada,,6185377
Yorkton,Canada,,6185607
Halifax,Canada,,6324729
St. John's,Canada,,6324733
Québec,Canada,,6325494
Lévis,Canada,,6325521
Rimouski,Canada,,6354895
Rivière-du-Loup,Canada,,6354897
Sydney,Canada,,6354908
Aylmer,Canada,,6354934
L'Ancienne-Lorette,Canada,,6534203
Edmundston,Canada,,6545023
Saint-Georges,Canada,,6620953
Buckingham,Canada,,6942645
Thetford-Mines,Canada,,6943827
Cole Harbour,Canada,,7280414
Okanagan,Canada,,7281931
West Kelowna,Canada,,7281936
Jonquière,Canada,,7303786
Saint-Augustin-de-Desmaures,Canada,,7535681
Ladner,Canada,,7602078
Walnut Grove,Canada,,7669012
Moss Park,Canada,,7870782
High Park North,Canada,,7870882
Little Portugal,Canada,,7870917
Niagara,Canada,,7870919
Trinity-Bellwoods,Canada,,7870920
Morningside,Canada,,7871306
Eglinton East,Canada,,7871311
Pleasant View,Canada,,7871317
Fergus,Canada,,7871320
Ancaster,Canada,,8285452
West Vancouver,Canada,,8533869
Willowdale,Canada,,8558534
Lower Sackville,Canada,,10287505
La Haute-Saint-Charles,Canada,,11838435
Fallingbrook,Canada,,12070742
Valley East,Canada,,12070764
York University Heights,Canada,,12156817
Parkwoods-Donalda,Canada,,12156818
South Parkdale,Canada,,12156819
South Riverdale,Canada,,12156820
North St.James Town,Canada,,12156821
Waterfront Communities-The Island,Canada,,12156822
West Humber-Clairville,Canada,,12156823
Banbury-Don Mills,Canada,,12156824
Birchcliffe-Cliffside,Canada,,12156825
Islington-City Centre West,Canada,,12156826
Mount Pleasant West,Canada,,12156828
Eringate-Centennial-West Deane,Canada,,12156835
Dovercourt-Wallace Emerson-Junction,Canada,,12156838
Edenbridge-Humber Valley,Canada,,12156839
Newtonbrook East,Canada,,12156840
Newtonbrook West,Canada,,12156842
L'Amoreaux,Canada,,12156843
Taylor-Massey,Canada,,12156845
Lansing-Westgate,Canada,,12156849
Lawrence Park South,Canada,,12156850
Leaside-Bennington,Canada,,12156851
Mount Olive-Silverstone-Jamestown,Canada,,12156853
Mount Pleasant East,Canada,,12156854
Willowdale West,Canada,,12156857
Black Creek,Canada,,12156858
Rockcliffe-Smythe,Canada,,12156859
Rosedale-Moore Park,Canada,,12156862
Stonegate-Queensway,Canada,,12156865
Danforth East York,Canada,,12156867
St. Andrew-Windfields,Canada,,12156868
Annex,Canada,,12156871
Thorncliffe Park,Canada,,12156872
Victoria Village,Canada,,12156873
Wexford/Maryvale,Canada,,12156875
Westminster-Branson,Canada,,12156877
Willowdale East,Canada,,12156878
Willowridge-Martingrove-Richview,Canada,,12156881
Church-Yonge Corridor,Canada,,12156882
Brookhaven-Amesbury,Canada,,12156883
O'Connor-Parkview,Canada,,12156884
Kensington-Chinatown,Canada,,12156886
Bay Street Corridor,Canada,,12156887
Agincourt South-Malvern West,Canada,,12156888
East End-Danforth,Canada,,12156890
Englemount-Lawrence,Canada,,12156893
Bedford Park-Nortown,Canada,,12156896
Bathurst Manor,Canada,,12156897
Clanton Park,Canada,,12156898
Clairlea-Birchmount,Canada,,12156899
Don Valley Village,Canada,,12156901
Downsview-Roding-CFB,Canada,,12156903
Glenfield-Jane Heights,Canada,,12156904
High Park-Swansea,Canada,,12156905
Kingsview Village-The Westway,Canada,,12156906
West Island,Cocos (Keeling) Islands,,7304591
Yangambi,"Congo, The Democratic Republic of the",,203717
Watsa,"Congo, The Democratic Republic of the",,204283
Wamba,"Congo, The Democratic Republic of the",,204318
Uvira,"Congo, The Democratic Republic of the",,204405
Tshikapa,"Congo, The Democratic Republic of the",,204953
Sake,"Congo, The Democratic Republic of the",,205970
Rutshuru,"Congo, The Democratic Republic of the",,206047
Pweto,"Congo, The Democratic Republic of the",,206113
Nyunzu,"Congo, The Democratic Republic of the",,206847
Mwene-Ditu,"Congo, The Democratic Republic of the",,207570
Mweka,"Congo, The Democratic Republic of the",,207596
Mulongo,"Congo, The Democratic Republic of the",,208182
Mangbwalu,"Congo, The Democratic Republic of the",,208725
Baudhuinville,"Congo, The Democratic Republic of the",,209000
Miabi,"Congo, The Democratic Republic of the",,209161
Mbuji-Mayi,"Congo, The Democratic Republic of the",,209228
Manono,"Congo, The Democratic Republic of the",,209598
Malemba-Nkulu,"Congo, The Democratic Republic of the",,209856
Lusambo,"Congo, The Democratic Republic of the",,210379
Luputa,"Congo, The Democratic Republic of the",,210399
Lukula,"Congo, The Democratic Republic of the",,210674
Luebo,"Congo, The Democratic Republic of the",,210939
Lubero,"Congo, The Democratic Republic of the",,211069
Lubao,"Congo, The Democratic Republic of the",,211098
Lodja,"Congo, The Democratic Republic of the",,211647
Lisala,"Congo, The Democratic Republic of the",,211734
Kongolo,"Congo, The Democratic Republic of the",,212360
Kisangani,"Congo, The Democratic Republic of the",,212730
Kirumba,"Congo, The Democratic Republic of the",,212760
Kipamba,"Congo, The Democratic Republic of the",,212795
Kindu,"Congo, The Democratic Republic of the",,212902
Kayna,"Congo, The Democratic Republic of the",,213576
Katwa,"Congo, The Democratic Republic of the",,213666
Katanda,"Congo, The Democratic Republic of the",,213851
Kasongo,"Congo, The Democratic Republic of the",,213940
Kanyobagonga,"Congo, The Democratic Republic of the",,214297
Kanyama,"Congo, The Democratic Republic of the",,214390
Kananga,"Congo, The Democratic Republic of the",,214481
Kampene,"Congo, The Democratic Republic of the",,214575
Kamina,"Congo, The Democratic Republic of the",,214614
Kalima,"Congo, The Democratic Republic of the",,214925
Kalemie,"Congo, The Democratic Republic of the",,214974
Kabinda,"Congo, The Democratic Republic of the",,215527
Kabeya-Kamwanga,"Congo, The Democratic Republic of the",,215558
Kabare,"Congo, The Democratic Republic of the",,215605
Kabalo,"Congo, The Democratic Republic of the",,215668
Isiro,"Congo, The Democratic Republic of the",,215771
Ilebo,"Congo, The Democratic Republic of the",,215976
Goma,"Congo, The Democratic Republic of the",,216281
Gbadolite,"Congo, The Democratic Republic of the",,216404
Gandajika,"Congo, The Democratic Republic of the",,216449
Djugu,"Congo, The Democratic Republic of the",,217100
Demba,"Congo, The Democratic Republic of the",,217389
Butembo,"Congo, The Democratic Republic of the",,217562
Buta,"Congo, The Democratic Republic of the",,217570
Businga,"Congo, The Democratic Republic of the",,217637
Bunia,"Congo, The Democratic Republic of the",,217695
Bumba,"Congo, The Democratic Republic of the",,217745
Bukavu,"Congo, The Democratic Republic of the",,217831
Bukama,"Congo, The Democratic Republic of the",,217834
Bondo,"Congo, The Democratic Republic of the",,218253
Boende,"Congo, The Democratic Republic of the",,218680
Binga,"Congo, The Democratic Republic of the",,218855
Beni,"Congo, The Democratic Republic of the",,219057
Basoko,"Congo, The Democratic Republic of the",,219414
Bakwa,"Congo, The Democratic Republic of the",,220075
Babamba,"Congo, The Democratic Republic of the",,220121
Aru,"Congo, The Democratic Republic of the",,220223
Aketi,"Congo, The Democratic Republic of the",,220448
Tshilenge,"Congo, The Democratic Republic of the",,922083
Mokambo,"Congo, The Democratic Republic of the",,922559
Malemba,"Congo, The Democratic Republic of the",,922597
Lubumbashi,"Congo, The Democratic Republic of the",,922704
Likasi,"Congo, The Democratic Republic of the",,922741
Kolwezi,"Congo, The Democratic Republic of the",,922773
Kipushi,"Congo, The Democratic Republic of the",,922806
Kambove,"Congo, The Democratic Republic of the",,923058
Fungurume,"Congo, The Democratic Republic of the",,923186
Zongo,"Congo, The Democratic Republic of the",,2310763
Tshela,"Congo, The Democratic Republic of the",,2311127
Nioki,"Congo, The Democratic Republic of the",,2311968
Mushie,"Congo, The Democratic Republic of the",,2312249
Moanda,"Congo, The Democratic Republic of the",,2312393
Mbanza-Ngungu,"Congo, The Democratic Republic of the",,2312888
Mbandaka,"Congo, The Democratic Republic of the",,2312895
Matadi,"Congo, The Democratic Republic of the",,2313002
Masi-Manimba,"Congo, The Democratic Republic of the",,2313011
Mangai,"Congo, The Democratic Republic of the",,2313084
Libenge,"Congo, The Democratic Republic of the",,2313762
Kutu,"Congo, The Democratic Republic of the",,2313874
Kinshasa,"Congo, The Democratic Republic of the",,2314302
Kimpese,"Congo, The Democratic Republic of the",,2314523
Kikwit,"Congo, The Democratic Republic of the",,2314705
Kenge,"Congo, The Democratic Republic of the",,2314935
Kasongo-Lunda,"Congo, The Democratic Republic of the",,2315026
Kasangulu,"Congo, The Democratic Republic of the",,2315057
Inongo,"Congo, The Democratic Republic of the",,2315417
Inkisi,"Congo, The Democratic Republic of the",,2315419
Idiofa,"Congo, The Democratic Republic of the",,2315579
Gemena,"Congo, The Democratic Republic of the",,2315728
Dungu,"Congo, The Democratic Republic of the",,2315961
Dibaya-Lubwe,"Congo, The Democratic Republic of the",,2316091
Bulungu,"Congo, The Democratic Republic of the",,2316259
Boma,"Congo, The Democratic Republic of the",,2316702
Bolobo,"Congo, The Democratic Republic of the",,2316748
Basankusu,"Congo, The Democratic Republic of the",,2317285
Bandundu Province,"Congo, The Democratic Republic of the",,2317397
Masina,"Congo, The Democratic Republic of the",,2593460
Hyosha,"Congo, The Democratic Republic of the",,8329635
Mwene,"Congo, The Democratic Republic of the",,8461573
Kituku,"Congo, The Democratic Republic of the",,9946557
Mangina,"Congo, The Democratic Republic of the",,11905965
Zemio,Central African Republic,,235826
Ndélé,Central African Republic,,237379
Ippy,Central African Republic,,238566
Bria,Central African Republic,,239899
Bangassou,Central African Republic,,240498
Bambari,Central African Republic,,240604
Alindao,Central African Republic,,240999
Yaloké,Central African Republic,,2382505
Sibut,Central African Republic,,2383119
Paoua,Central African Republic,,2383523
Nola,Central African Republic,,2383827
Mbaïki,Central African Republic,,2384770
Kouango,Central African Republic,,2385535
Kaga-Bandoro,Central African Republic,,2386012
Kabo,Central African Republic,,2386042
Dekoa,Central African Republic,,2387319
Carnot,Central African Republic,,2387495
Bozoum,Central African Republic,,2387546
Bouca,Central African Republic,,2387890
Bouar,Central African Republic,,2387926
Bossembélé,Central African Republic,,2388025
Bossangoa,Central African Republic,,2388036
Bocaranga,Central African Republic,,2388625
Boali,Central African Republic,,2388720
Bimbo,Central African Republic,,2388873
Berbérati,Central African Republic,,2389086
Bégoua,Central African Republic,,2389422
Batangafo,Central African Republic,,2389691
Baoro,Central African Republic,,2389804
Bangui,Central African Republic,,2389853
Baboua,Central African Republic,,2390513
Sibiti,Congo,,2255285
Pointe-Noire,Congo,,2255414
Owando,Congo,,2255542
Ouésso,Congo,,2255564
Mossendjo,Congo,,2256895
Mossaka,Congo,,2256900
Mouyondzi,Congo,,2257329
Makoua,Congo,,2257879
Loutété,Congo,,2258080
Loudima,Congo,,2258248
Dolisie,Congo,,2258261
Loandjili,Congo,,2258378
Bouansa,Congo,,2258604
Kayes,Congo,,2259383
Impfondo,Congo,,2259655
Gamboma,Congo,,2259947
Djambala,Congo,,2260401
Brazzaville,Congo,,2260535
Bétou,Congo,,2260945
Mindouli,Congo,,2565524
Pokola,Congo,,2565574
Oyo,Congo,,2569660
Nkayi,Congo,,8521334
Zürich,Switzerland,,2657896
Zug,Switzerland,,2657908
Yverdon-les-Bains,Switzerland,,2657941
Winterthur,Switzerland,,2657970
Wil,Switzerland,,2657996
Wetzikon,Switzerland,,2658010
Wettingen,Switzerland,,2658011
Vevey,Switzerland,,2658145
Vernier,Switzerland,,2658154
Uster,Switzerland,,2658216
Thun,Switzerland,,2658377
Steffisburg,Switzerland,,2658494
Sitten,Switzerland,,2658576
Sierre,Switzerland,,2658606
Zürich (Kreis 11) / Seebach,Switzerland,,2658656
Schaffhausen,Switzerland,,2658761
Sankt Gallen,Switzerland,,2658822
Renens,Switzerland,,2659070
Rapperswil,Switzerland,,2659099
Pully,Switzerland,,2659127
Onex,Switzerland,,2659296
Olten,Switzerland,,2659297
Zürich (Kreis 11) / Oerlikon,Switzerland,,2659310
Nyon,Switzerland,,2659422
Neuchâtel,Switzerland,,2659496
Muttenz,Switzerland,,2659522
Montreux,Switzerland,,2659601
Monthey,Switzerland,,2659613
Meyrin,Switzerland,,2659667
Luzern,Switzerland,Luxembourg,2659811
Lugano,Switzerland,,2659836
Littau,Switzerland,Luxembourg,2659873
Lausanne,Switzerland,,2659994
La Chaux-de-Fonds,Switzerland,,2660076
Kriens,Switzerland,Luxembourg,2660104
Kreuzlingen,Switzerland,,2660108
Köniz,Switzerland,,2660119
Kloten,Switzerland,,2660127
Jona,Switzerland,,2660221
Horgen,Switzerland,,2660305
Zürich (Kreis 10) / Höngg,Switzerland,,2660306
Herisau,Switzerland,,2660365
Grenchen,Switzerland,,2660512
Gossau,Switzerland,,2660549
Genève,Switzerland,,2660646
Fribourg,Switzerland,,2660718
Frauenfeld,Switzerland,,2660727
Emmen,Switzerland,Luxembourg,2660911
Dübendorf,Switzerland,,2660971
Dietikon,Switzerland,,2661015
Chur,Switzerland,,2661169
Cham,Switzerland,,2661228
Carouge,Switzerland,,2661265
Burgdorf,Switzerland,,2661321
Bulle,Switzerland,,2661337
Biel/Bienne,Switzerland,,2661513
Bern,Switzerland,,2661552
Bellinzona,Switzerland,,2661567
Basel,Switzerland,,2661604
Baden,Switzerland,,2661646
Baar,Switzerland,,2661653
Zürich (Kreis 4) / Aussersihl,Switzerland,,2661666
Allschwil,Switzerland,,2661810
Adliswil,Switzerland,,2661861
Aarau,Switzerland,,2661881
Riehen,Switzerland,,3206590
Zürich (Kreis 10) / Wipkingen,Switzerland,,6295475
Zürich (Kreis 11) / Affoltern,Switzerland,,6295484
Zürich (Kreis 2) / Wollishofen,Switzerland,,6295495
Zürich (Kreis 3) / Sihlfeld,Switzerland,,6295498
Zürich (Kreis 6) / Unterstrass,Switzerland,,6295504
Zürich (Kreis 9) / Albisrieden,Switzerland,,6295512
Zürich (Kreis 9) / Altstetten,Switzerland,,6295513
Stadt Winterthur (Kreis 1),Switzerland,,6295520
Zürich (Kreis 12),Switzerland,,6295523
Seen (Kreis 3),Switzerland,,6295531
Zürich (Kreis 3),Switzerland,,6295532
Zürich (Kreis 11),Switzerland,,6295533
Zürich (Kreis 9),Switzerland,,6295534
Oberwinterthur (Kreis 2),Switzerland,,6295536
Zürich (Kreis 10),Switzerland,,6295539
Zürich (Kreis 2),Switzerland,,6295540
Zürich (Kreis 8),Switzerland,,6295542
Zürich (Kreis 7),Switzerland,,6295548
Zürich (Kreis 6),Switzerland,,6295550
Lancy,Switzerland,,6691640
Zuénoula,Côte d'Ivoire,,2279172
Zoukougbeu,Côte d'Ivoire,,2279214
Zouan-Hounien,Côte d'Ivoire,,2279235
Zou,Côte d'Ivoire,,2279240
Zaliohouan,Côte d'Ivoire,,2279495
Zaïbo,Côte d'Ivoire,,2279513
Zagné,Côte d'Ivoire,,2279526
Yamoussoukro,Côte d'Ivoire,,2279755
Yabayo,Côte d'Ivoire,,2279841
Vavoua,Côte d'Ivoire,,2280045
Toumodi,Côte d'Ivoire,,2280316
Touba,Côte d'Ivoire,,2280376
Tortiya,Côte d'Ivoire,,2280405
Tengréla,Côte d'Ivoire,,2280589
Tiébissou,Côte d'Ivoire,,2280743
Tiassalé,Côte d'Ivoire,,2280761
Tanda,Côte d'Ivoire,,2280995
Tafiré,Côte d'Ivoire,,2281103
Tabou,Côte d'Ivoire,,2281120
Sinfra,Côte d'Ivoire,,2281606
Sassandra,Côte d'Ivoire,,2281951
Saïoua,Côte d'Ivoire,,2281979
San-Pédro,Côte d'Ivoire,,2282006
Sakassou,Côte d'Ivoire,,2282178
Sahoua,Côte d'Ivoire,,2282189
Rubino,Côte d'Ivoire,,2282240
Petit Grabo,Côte d'Ivoire,,2282506
Petitgoa I,Côte d'Ivoire,,2282521
Pélézi,Côte d'Ivoire,,2282566
Para,Côte d'Ivoire,,2282650
Oupoyo,Côte d'Ivoire,,2282800
Oumé,Côte d'Ivoire,,2282827
Ouangolodougou,Côte d'Ivoire,,2282907
Okrouyo,Côte d'Ivoire,,2282983
Okromodou,Côte d'Ivoire,,2282985
Odienné,Côte d'Ivoire,,2283016
Niellé,Côte d'Ivoire,,2283456
Niapidou,Côte d'Ivoire,,2283504
Niakaramandougou,Côte d'Ivoire,,2283616
Niablé,Côte d'Ivoire,,2283646
Ndouci,Côte d'Ivoire,,2283823
Nambingué,Côte d'Ivoire,,2284030
Moussadougou,Côte d'Ivoire,,2284159
Mignouré,Côte d'Ivoire,,2284314
M’Bengué,Côte d'Ivoire,,2284460
M’Batto,Côte d'Ivoire,,2284477
M’Bahiakro,Côte d'Ivoire,,2284489
Mankono,Côte d'Ivoire,,2284589
Man,Côte d'Ivoire,,2284647
Aboisso Comoé,Côte d'Ivoire,,2284679
Mahapleu,Côte d'Ivoire,,2284719
Maféré,Côte d'Ivoire,,2284744
Mabéhiri,Côte d'Ivoire,,2284777
Luénoufla,Côte d'Ivoire,,2284787
Logoualé,Côte d'Ivoire,,2285092
Lobakuya,Côte d'Ivoire,,2285161
Lakota,Côte d'Ivoire,,2285449
Koumassi,Côte d'Ivoire,,2285853
Kouibly,Côte d'Ivoire,,2285905
Kaouara,Côte d'Ivoire,,2286023
Korhogo,Côte d'Ivoire,,2286304
Kong,Côte d'Ivoire,,2286458
Konéfla,Côte d'Ivoire,,2286469
Kolia,Côte d'Ivoire,,2286632
Ahigbé Koffikro,Côte d'Ivoire,,2286819
Katiola,Côte d'Ivoire,,2287298
Kahin,Côte d'Ivoire,,2287653
Issia,Côte d'Ivoire,,2287790
Hiré,Côte d'Ivoire,,2287884
Guiglo,Côte d'Ivoire,,2287958
Guibéroua,Côte d'Ivoire,,2287970
Guézon,Côte d'Ivoire,,2287980
Guézon,Côte d'Ivoire,,2287981
Guéyo,Côte d'Ivoire,,2287987
Guéssabo,Côte d'Ivoire,,2288002
Guépaouo,Côte d'Ivoire,,2288010
Grand-Lahou,Côte d'Ivoire,,2288105
Grand-Bassam,Côte d'Ivoire,,2288115
Affery,Côte d'Ivoire,,2288118
Goya,Côte d'Ivoire,,2288138
Goya,Côte d'Ivoire,,2288139
Gonaté,Côte d'Ivoire,,2288357
Gohouo,Côte d'Ivoire,,2288404
Gadouan,Côte d'Ivoire,,2288439
Gbabam,Côte d'Ivoire,,2288718
Gaoulou,Côte d'Ivoire,,2288759
Gagnoa,Côte d'Ivoire,,2288829
Ferkessédougou,Côte d'Ivoire,,2289049
Fengolo,Côte d'Ivoire,,2289071
Ebilassokro,Côte d'Ivoire,,2289433
Dianra,Côte d'Ivoire,,2289515
Duekoué,Côte d'Ivoire,,2289549
Doukouya,Côte d'Ivoire,,2289633
Doropo,Côte d'Ivoire,,2289724
Divo,Côte d'Ivoire,,2289887
Diourouzon,Côte d'Ivoire,,2289902
Dignago,Côte d'Ivoire,,2289950
Dimbokro,Côte d'Ivoire,,2289983
Dikodougou,Côte d'Ivoire,,2290000
Diégonéfla,Côte d'Ivoire,,2290099
Diawala,Côte d'Ivoire,,2290173
Daoukro,Côte d'Ivoire,,2290412
Danané,Côte d'Ivoire,,2290462
Daloa,Côte d'Ivoire,,2290486
Dagbao I,Côte d'Ivoire,,2290555
Dabou,Côte d'Ivoire,,2290582
Dabakala,Côte d'Ivoire,,2290609
Buyo,Côte d'Ivoire,,2290648
Boundiali,Côte d'Ivoire,,2290836
Bouna,Côte d'Ivoire,,2290849
Bouaké,Côte d'Ivoire,,2290956
Bouaflé,Côte d'Ivoire,,2290964
Bonoufla,Côte d'Ivoire,,2291086
Bonoua,Côte d'Ivoire,,2291087
Bongouanou,Côte d'Ivoire,,2291113
Bondoukou,Côte d'Ivoire,,2291136
Boboniessoko,Côte d'Ivoire,,2291391
Bloléquin,Côte d'Ivoire,,2291451
Bingerville,Côte d'Ivoire,,2291580
Biéby,Côte d'Ivoire,,2291636
Bianouan,Côte d'Ivoire,,2291663
Biankouma,Côte d'Ivoire,,2291666
Béoumi,Côte d'Ivoire,,2291779
Bédiala,Côte d'Ivoire,,2291924
Bécédi-Brignan,Côte d'Ivoire,,2291929
Bayota,Côte d'Ivoire,,2291962
Gbapleu,Côte d'Ivoire,,2292085
Baoutifla,Côte d'Ivoire,,2292090
Bangolo,Côte d'Ivoire,,2292179
Bangolo Tahouake,Côte d'Ivoire,,2292180
Balakouya,Côte d'Ivoire,,2292324
Baibli,Côte d'Ivoire,,2292380
Bahé-Blaon,Côte d'Ivoire,,2292391
Azaguié,Côte d'Ivoire,,2292531
Arrah,Côte d'Ivoire,,2292755
Anyama,Côte d'Ivoire,,2292852
Andé,Côte d'Ivoire,,2292932
Akoupé,Côte d'Ivoire,,2293107
Agnibilékrou,Côte d'Ivoire,,2293260
Agboville,Côte d'Ivoire,,2293268
Adzopé,Côte d'Ivoire,,2293342
Adiaké,Côte d'Ivoire,,2293428
Aboisso,Côte d'Ivoire,,2293507
Abobo,Côte d'Ivoire,,2293521
Abidjan,Côte d'Ivoire,,2293538
Abengourou,Côte d'Ivoire,,2293549
Marcory,Côte d'Ivoire,,2595323
Erémankono,Côte d'Ivoire,,2596874
Ahouanou,Côte d'Ivoire,,2596898
Séguéla,Côte d'Ivoire,,2596934
Soubré,Côte d'Ivoire,,2596935
Borotou-Koro,Côte d'Ivoire,,2597400
Diéhiba,Côte d'Ivoire,,7848483
Kranzadougou,Côte d'Ivoire,,7848493
Nizahon II,Côte d'Ivoire,,7848497
Zéaglo,Côte d'Ivoire,,7849068
Aboka,Côte d'Ivoire,,7849082
Bonon,Côte d'Ivoire,,7849539
Belleville,Côte d'Ivoire,,7849877
Grand-Zattry,Côte d'Ivoire,,7849902
Loboville,Côte d'Ivoire,,7849905
Nzianouan,Côte d'Ivoire,,7850551
Méagui,Côte d'Ivoire,,10629379
Ancien-Prozi,Côte d'Ivoire,,12687195
Bléniméouin,Côte d'Ivoire,,12687196
Djapadji,Côte d'Ivoire,,12687197
Fronan,Côte d'Ivoire,,12687198
Gabiadji,Côte d'Ivoire,,12687199
Galébré,Côte d'Ivoire,,12687200
Gligbeuadji,Côte d'Ivoire,,12687201
Ogoudou,Côte d'Ivoire,,12687203
Touih,Côte d'Ivoire,,12687204
Dagadji,Côte d'Ivoire,,12687206
Gnatroa,Côte d'Ivoire,,12687207
Watté,Côte d'Ivoire,,12687208
Touagui,Côte d'Ivoire,,12687494
Gnago,Côte d'Ivoire,,12687508
Gnépasso,Côte d'Ivoire,,12687527
Gagny,Côte d'Ivoire,,12687528
Gbolouville,Côte d'Ivoire,,12687966
Vrouo,Côte d'Ivoire,,12688212
Bognonzra,Côte d'Ivoire,,12688220
Belleville,Côte d'Ivoire,,12688221
Flakièdougou,Côte d'Ivoire,,12689422
Avarua,Cook Islands,,4035715
Viña del Mar,Chile,,3868121
Villarrica,Chile,,3868158
Villa Alemana,Chile,,3868192
Victoria,Chile,,3868326
Valparaíso,Chile,,3868626
Vallenar,Chile,,3868633
Valdivia,Chile,,3868707
Tomé,Chile,,3869657
Tocopilla,Chile,,3869716
Temuco,Chile,,3870011
Talcahuano,Chile,,3870282
Talca,Chile,,3870294
Talagante,Chile,,3870306
San Vicente de Tagua Tagua,Chile,,3871276
San Vicente,Chile,,3871286
Santiago,Chile,,3871336
Santa Cruz,Chile,,3871616
San Javier,Chile,,3872154
San Felipe,Chile,,3872255
San Carlos,Chile,,3872326
San Bernardo,Chile,,3872348
San Antonio,Chile,,3872395
Río Bueno,Chile,,3873145
Rengo,Chile,,3873441
Rancagua,Chile,,3873775
Quilpué,Chile,,3874096
Quillota,Chile,,3874119
Punta Arenas,Chile,,3874787
Puerto Varas,Chile,,3874930
Quellón,Chile,,3874943
Puerto Natales,Chile,,3874958
Puerto Montt,Chile,,3874960
Puerto Aysén,Chile,,3874997
Puente Alto,Chile,,3875024
Pucón,Chile,,3875070
Pozo Almonte,Chile,,3875235
Penco,Chile,,3876664
Peñaflor,Chile,,3876685
Parral,Chile,,3877146
Panguipulli,Chile,,3877348
Paine,Chile,,3877739
Ovalle,Chile,,3877918
Osorno,Chile,,3877949
Nueva Imperial,Chile,,3878456
Nacimiento,Chile,,3879123
Mulchén,Chile,,3879200
Molina,Chile,,3879627
Melipilla,Chile,,3880107
Machalí,Chile,,3881102
Lota,Chile,,3881276
Los Ángeles,Chile,,3882428
Los Andes,Chile,,3882434
Loncoche,Chile,,3882582
Llaillay,Chile,,3883035
Linares,Chile,,3883167
Limache,Chile,,3883214
Lebu,Chile,,3883457
Lautaro,Chile,,3883615
La Unión,Chile,,3883629
La Serena,Chile,,3884373
Lampa,Chile,,3885273
La Ligua,Chile,,3885456
Laja,Chile,,3885509
Iquique,Chile,,3887127
Illapel,Chile,,3887344
Hacienda La Calera,Chile,,3888214
Graneros,Chile,,3888749
El Monte,Chile,,3890949
Diego de Almagro,Chile,,3892454
Curicó,Chile,,3892870
Curanilahue,Chile,,3892892
Coronel,Chile,,3893532
Coquimbo,Chile,,3893629
Copiapó,Chile,,3893656
Constitución,Chile,,3893726
Concepción,Chile,,3893894
Collipulli,Chile,,3894177
Coyhaique,Chile,,3894426
Chimbarongo,Chile,,3895061
Chillán,Chile,,3895088
Chiguayante,Chile,,3895138
Chicureo,Chile,,3895165
Cauquenes,Chile,,3896105
Castro,Chile,,3896218
Cartagena,Chile,,3896433
Cañete,Chile,,3896924
Calama,Chile,,3897347
Cabrero,Chile,,3897557
Buin,Chile,,3897774
Arica,Chile,,3899361
Arauco,Chile,,3899462
Antofagasta,Chile,,3899539
Angol,Chile,,3899629
Ancud,Chile,,3899695
Alto Hospicio,Chile,,3899887
Las Animas,Chile,,6458708
La Pintana,Chile,,7281017
Lo Prado,Chile,,7281020
Yokadouma,Cameroon,,2220853
Yaoundé,Cameroon,,2220957
Yagoua,Cameroon,,2221030
Wum,Cameroon,,2221053
Touboro,Cameroon,,2221362
Tonga,Cameroon,,2221394
Tombel,Cameroon,,2221408
Tiko,Cameroon,,2221504
Tibati,Cameroon,,2221530
Tcholliré,Cameroon,,2221607
Tchéboa,Cameroon,,2221631
Souza Gare,Cameroon,,2221802
Sangmélima,Cameroon,,2222230
Pitoa,Cameroon,,2222568
Penja,Cameroon,,2222623
Oku,Cameroon,,2223198
Okoa,Cameroon,,2223226
Obala,Cameroon,,2223293
Nkoteng,Cameroon,,2223734
Nkongsamba,Cameroon,,2223763
Nkambe,Cameroon,,2224163
Njombé,Cameroon,,2224197
Ngaoundéré,Cameroon,,2224827
Nanga Eboko,Cameroon,,2225457
Muyuka,Cameroon,,2225726
Mutengene,Cameroon,,2225728
Mora,Cameroon,,2225991
Mokolo,Cameroon,,2226275
Melong,Cameroon,,2227230
Meïganga,Cameroon,,2227402
Mbouda,Cameroon,,2227613
Mbanga,Cameroon,,2228005
Mbandjok,Cameroon,,2228028
Mbalmayo,Cameroon,,2228079
Maroua,Cameroon,,2228373
Manjo,Cameroon,,2228499
Mamfe,Cameroon,,2228675
Magba,Cameroon,,2228964
Maga,Cameroon,,2228977
Loum,Cameroon,,2229152
Lolodorf,Cameroon,,2229267
Limbe,Cameroon,,2229411
Lagdo,Cameroon,,2229681
Kumbo,Cameroon,,2229748
Kumba,Cameroon,,2229752
Kribi,Cameroon,,2229761
Kousséri,Cameroon,,2229798
Kekem,Cameroon,,2230378
Kaélé,Cameroon,,2230599
Guidiguis,Cameroon,,2230873
Guider,Cameroon,,2230876
Garoua Boulaï,Cameroon,,2231319
Garoua,Cameroon,,2231320
Fundong,Cameroon,,2231482
Foumbot,Cameroon,,2231504
Foumban,Cameroon,,2231506
Fontem,Cameroon,,2231564
Figuil,Cameroon,,2231636
Eséka,Cameroon,,2231881
Ekondo Titi,Cameroon,,2232102
Edéa,Cameroon,,2232239
Ébolowa,Cameroon,,2232283
Dschang,Cameroon,,2232444
Douala,Cameroon,,2232593
Dizangué,Cameroon,,2232997
Buea,Cameroon,,2233410
Bogo,Cameroon,,2233805
Bertoua,Cameroon,,2234359
Bélabo,Cameroon,,2234536
Batouri,Cameroon,,2234663
Banyo,Cameroon,,2234794
Bangangté,Cameroon,,2234865
Bandjoun,Cameroon,,2234904
Bamusso,Cameroon,,2234941
Ndop,Cameroon,,2234942
Bamenda,Cameroon,,2234974
Bali,Cameroon,,2235029
Bafut,Cameroon,,2235186
Bafoussam,Cameroon,,2235189
Bafia,Cameroon,,2235194
Bafang,Cameroon,,2235196
Ambam,Cameroon,,2235660
Akonolinga,Cameroon,,2235776
Abong Mbang,Cameroon,,2236053
Ngaoundal,Cameroon,,2576483
Blangwa,Cameroon,,2596834
Zhefang,China,,1279471
Zhangfeng,China,,1279485
Zepu,China,,1279501
Zibihu,China,,1279553
Yingpan,China,,1279575
Rikaze,China,,1279715
Tengyue,China,,1279891
Jiuquan,China,,1279945
Shigu,China,,1280006
Shangyun,China,,1280023
Shangpa,China,,1280031
Shache,China,,1280037
Ruidian,China,,1280124
Qushi,China,,1280186
Qiemo,China,,1280249
Qarek,China,,1280267
Qamdo,China,,1280281
Yingjiang,China,,1280328
Oytograk,China,,1280361
Nagqu,China,,1280517
Qaraqash,China,,1280541
Mengmao,China,,1280570
Menglang,China,,1280574
Mangshi,China,,1280623
Mangnai Zhen,China,,1280625
Liuku,China,,1280703
Lhasa,China,,1280737
Laojunmiao,China,,1280757
Bonan,China,,1280759
Langru,China,,1280763
Kokyar,China,,1280822
Kashgar,China,,1280849
Kaqun,China,,1280873
Judian,China,,1280921
Jinhua,China,,1280945
Jinding,China,,1280948
Jietou,China,,1280951
Jiayuguan,China,,1280957
Huatugou,China,,1281003
Houqiao,China,,1281015
Hotan,China,,1281019
Gudong,China,,1281157
Elixku,China,,1281278
Dêqên,China,,1281368
Langgar,China,,1281622
Baoshan,China,,1281673
Atush,China,,1281743
Layka,China,,1346629
Saybag,China,,1346630
Arix,China,,1346644
Xambabazar,China,,1346645
Xinyuan,China,,1529046
Wusu,China,,1529099
Ürümqi,China,,1529102
Turpan,China,,1529114
Tacheng,China,,1529167
Shihezi,China,,1529195
Sandaohezi,China,,1529239
Qapqal,China,,1529279
Kuqa,China,,1529363
Korla,China,,1529376
Karamay,China,,1529401
Jelilyüzi,China,,1529420
Ghulja,China,,1529435
Hoxtolgay,China,,1529452
Hami,China,,1529484
Fuyun,China,,1529504
Emin,China,,1529522
Dushanzi,China,,1529528
Dure,China,,1529529
Dunhuang,China,,1529531
Changji,China,,1529569
Burqin,China,,1529574
Baijiantan,China,,1529626
Aral,China,,1529641
Altay,China,,1529651
Aqsu,China,,1529660
Oymak,China,,1538338
Kax,China,,1538369
Baytokay,China,,1538370
Yengitam,China,,1538371
Dadamtu,China,,1538375
Yuqunweng,China,,1538377
Panjim,China,,1538378
Liangji,China,,1549360
Lanshan,China,,1549362
Qing’an,China,,1549365
Malingshan,China,,1549428
Chenlou,China,,1549500
Hegou,China,,1549510
Gangshang,China,,1549538
Zouzhuang,China,,1549554
Tangzhang,China,,1549622
Hanwang,China,,1549635
Yitang,China,,1549651
Xuzhuang,China,,1549660
Nianzhuang,China,,1549667
Tashan,China,,1549691
Zizhuang,China,,1549693
Liuji,China,,1549696
Jiangzhuang,China,,1549734
Daizhuang,China,,1549741
Zhangzhuang,China,,1549743
Xinglou,China,,1549747
Huzhai,China,,1549750
Heqiao,China,,1549754
Fanlou,China,,1549756
Hekou,China,,1549771
Songlou,China,,1549774
Sunlou,China,,1549795
Zhuzhai,China,,1549804
Zhaozhuang,China,,1549810
Anguo,China,,1549817
Shizhai,China,,1549819
Yaxing,China,,1783554
Lintan Chengguanzhen,China,,1783557
Zunyi,China,,1783621
Zuitai,China,,1783626
Zoucheng,China,,1783633
Nima,China,,1783666
Ziyang Chengguanzhen,China,,1783682
Ziyang,China,,1783683
Zitong,China,,1783700
Zishui,China,,1783701
Zigong,China,,1783745
Zhuzhou,China,,1783763
Zhuyuan,China,,1783771
Zhuyang,China,,1783782
Zhuxi,China,,1783793
Zhutuo,China,,1783802
Zhuoshui,China,,1783858
Zhumadian,China,,1783873
Zhujiajiao,China,,1783920
Shangqiu,China,,1783934
Zhuji,China,,1783940
Zhouqu Chengguanzhen,China,,1783956
Zhucheng,China,,1783988
Zhuanghe,China,,1784055
Zhouzhuang,China,,1784074
Zhouxi,China,,1784089
Zhoukou,China,,1784130
Zhoujia,China,,1784157
Zhoucun,China,,1784178
Yuxi,China,,1784185
Báigōng Jiēdào,China,,1784199
Zhongzhai,China,,1784207
Zhongxing,China,,1784253
Zhongxin,China,,1784272
Zhongshu,China,,1784310
Zhonghe,China,,1784388
Zhonghe,China,,1784393
Zhongduo,China,,1784417
Gusong,China,,1784450
Zhongchao,China,,1784452
Zhong’ao,China,,1784475
Zhigou,China,,1784527
Zhicheng,China,,1784553
Zhicheng,China,,1784554
Zhenzhou,China,,1784580
Zhenxi,China,,1784595
Zhenping Chengguanzhen,China,,1784617
Zhenjiang,China,,1784642
Zhaobaoshan,China,,1784647
Zhengzhou,China,,1784658
Zhengxing,China,,1784669
Zhengji,China,,1784697
Zhengding,China,,1784712
Zhelou,China,,1784750
Xinghua,China,,1784820
Zhaotong,China,,1784841
Zhaoqing,China,,1784853
Zhaogezhuang,China,,1784929
Zhaodun,China,,1784939
Zhaoyuan,China,,1784953
Zhanjiang,China,,1784990
Zhanhe,China,,1784994
Zhangzhou,China,,1785018
Zhangzhai,China,,1785022
Zhangye,China,,1785036
Zhangjiachuan,China,,1785212
Zhangji,China,,1785222
Zibo,China,,1785286
Anyang,China,,1785294
Zhancheng,China,,1785345
Zhabei,China,,1785412
Zaozhuang,China,,1785453
Zaoyang,China,,1785462
Yuyao,China,,1785545
Yingchuan,China,,1785566
Yuxia,China,,1785572
Yuxi,China,,1785577
Yushan,China,,1785616
Kunshan,China,,1785623
Yunyang,China,,1785655
Yuntai,China,,1785685
Yunshan,China,,1785688
Yunnanyi,China,,1785692
Yunmeng Chengguanzhen,China,,1785698
Yunmen,China,,1785699
Jinghong,China,,1785710
Yunjin,China,,1785711
Pizhou,China,,1785716
Yunfu,China,,1785725
Yuncheng,China,,1785738
Yulinshi,China,,1785777
Yulin,China,,1785781
Wulingyuan,China,,1785805
Yujia,China,,1785827
Yuexi,China,,1785891
Yudong,China,,1785964
Yuci,China,,1785974
Yucheng,China,,1785980
Yuanyang,China,,1786016
Huaiyang,China,,1786042
Yuanshang,China,,1786043
Yuanping,China,,1786060
Qianjiang,China,,1786067
Heyuan,China,,1786112
Youxi,China,,1786145
Youting,China,,1786150
Youchou,China,,1786209
Yongzhou,China,,1786217
Yongxing,China,,1786232
Yongxing,China,,1786242
Yongxin,China,,1786249
Yongqing,China,,1786272
Yongning,China,,1786291
Yongjia,China,,1786330
Yongfeng,China,,1786357
Yongchuan,China,,1786378
Yongbei,China,,1786382
Yong’an,China,,1786395
Yizhuang,China,,1786408
Yishui,China,,1786455
Yinma,China,,1786515
Zhongxiang,China,,1786546
Yingtan,China,,1786577
Yingshang Chengguanzhen,China,,1786587
Chengzhong,China,,1786640
Yinchuan,China,,1786657
Yima,China,,1786676
Yigou,China,,1786720
Qingzhou,China,,1786731
Yichun,China,,1786746
Yicheng,China,,1786759
Yixing,China,,1786760
Yichang,China,,1786764
Yibin,China,,1786770
Yezhou,China,,1786778
Yeyuan,China,,1786783
Yatou,China,,1786855
Yashan,China,,1786867
Yaowan,China,,1786910
Yaoji,China,,1786969
Yanzibu,China,,1787019
Yanzhou,China,,1787031
Yantai,China,,1787093
Yanliang,China,,1787144
Yanjing,China,,1787162
Yanjia,China,,1787188
Yangzhou,China,,1787227
Yangzhou,China,,1787266
Yanguan,China,,1787292
Yangtun,China,,1787297
Yangshuo,China,,1787323
Zhangjiagang,China,,1787331
Yangquan,China,,1787351
Yangliuqing,China,,1787437
Yangjiaying,China,,1787503
Yanghe,China,,1787587
Yanggu,China,,1787601
Yangcun,China,,1787646
Yancheng,China,,1787746
Yan’an,China,,1787765
Yajiang,China,,1787786
Ya'an,China,,1787816
Tongshan,China,,1787824
Xuyong,China,,1787828
Xucheng,China,,1787837
Shangrao,China,,1787858
Xunyang,China,,1787873
Xunsi,China,,1787879
Xunchang,China,,1787901
Xujiang,China,,1787925
Xuchang,China,,1788046
Xuantan,China,,1788061
Xuanzhou,China,,1788081
Xixiang,China,,1788206
Xixiang,China,,1788207
Xiuying,China,,1788245
Xiulin,China,,1788268
Xiugu,China,,1788269
Xituo,China,,1788272
Xiongzhou,China,,1788402
Huayuan,China,,1788406
Xinzhou,China,,1788450
Xinzhou,China,,1788452
Xinzhou,China,,1788461
Xinzhi,China,,1788462
Xinzhai,China,,1788492
Xinyu,China,,1788508
Hancheng,China,,1788522
Xinyang,China,,1788534
Xinxing,China,,1788561
Xinxiang,China,,1788572
Xintian,China,,1788590
Xintai,China,,1788618
Xinshi,China,,1788638
Xinmin,China,,1788720
Xinmiao,China,,1788725
Xinji,China,,1788816
Xining,China,,1788852
Shangmei,China,,1788869
Xinhe,China,,1788887
Xingtai,China,,1788927
Xingren,China,,1788944
Xinglong,China,,1788974
Xinglong,China,,1788984
Xingguo,China,,1789030
Ankang,China,,1789065
Wenfeng,China,,1789101
Xindian,China,,1789118
Xindi,China,,1789137
Feicheng,China,,1789176
Xincheng,China,,1789181
Xinshi,China,,1789198
Xinyi,China,,1789262
Sanshui,China,,1789273
Ximeicun,China,,1789289
Wacheng Neighborhood,China,,1789427
Xihe,China,,1789462
Xigang,China,,1789496
Xiema,China,,1789546
Xichang,China,,1789647
Xichang,China,,1789649
Xiazhuang,China,,1789691
Xiazhuang,China,,1789693
Xiazhuang,China,,1789699
Xiazhen,China,,1789703
Xiasi,China,,1789787
Haining,China,,1789799
Gongyi,China,,1789897
Xiaoweizhai,China,,1789945
Xiaoshan,China,,1789998
Xiaomian,China,,1790059
Xiaolingwei,China,,1790100
Jinfeng,China,,1790251
Xiaogan,China,,1790254
Xiaochuan,China,,1790296
Xianyang,China,,1790353
Xiantao,China,,1790371
Xianshuigu,China,,1790379
Xiannü,China,,1790392
Xianning,China,,1790396
Xianju,China,,1790413
Xiangzhou,China,,1790434
Zhuhai,China,,1790437
Xiangcheng,China,,1790442
Wenxing,China,,1790451
Xiangxiang,China,,1790471
Xiangtan,China,,1790492
Xiangshui,China,,1790497
Xiangyang,China,,1790587
Xiangcheng Chengguanzhen,China,,1790601
Xianfeng,China,,1790615
Xi’an,China,,1790630
Xiamen,China,,1790645
Xiagezhuang,China,,1790744
Wuzhou,China,,1790840
Wuzhen,China,,1790848
Wuyang,China,,1790885
Wuxue,China,,1790894
Wushan,China,,1790920
Wuxi,China,,1790923
Wutongshu,China,,1790938
Wushan,China,,1791007
Wuqiao,China,,1791036
Dongyang,China,,1791056
Wuling,China,,1791119
Changde,China,,1791121
Wujing,China,,1791161
Wujia,China,,1791188
Wujia,China,,1791214
Wuhu,China,,1791236
Wuhan,China,,1791247
Wuhai,China,,1791249
Wugang,China,,1791272
Wudong,China,,1791300
Wuda,China,,1791325
Wucheng,China,,1791347
Wenzhou,China,,1791388
Wenxian Chengguanzhen,China,,1791406
Wenshang,China,,1791428
Wenquan,China,,1791439
Wenling,China,,1791464
Wenjiang,China,,1791484
Wenheng,China,,1791493
Tianfu,China,,1791536
Wenchang,China,,1791544
Weituo,China,,1791596
Weinan,China,,1791636
Weimiao,China,,1791638
Weiji,China,,1791663
Weihai,China,,1791673
Weifang,China,,1791681
Wayaobu,China,,1791706
Wayao,China,,1791707
Wanxian,China,,1791748
Wanshun,China,,1791760
Wanshui,China,,1791762
Wansheng,China,,1791765
Wanning,China,,1791779
Wangwu,China,,1791867
Wangu,China,,1791875
Wangpu,China,,1791925
Wangji,China,,1792052
Yinzhu,China,,1792087
Wangfen,China,,1792105
Waina,China,,1792232
Wafangdian,China,,1792260
Tuxiang,China,,1792289
Tushan,China,,1792301
Huangshan,China,,1792359
Loushanguan,China,,1792516
Tongzhou,China,,1792520
Tongxi,China,,1792557
Fuding,China,,1792585
Tongren,China,,1792592
Tongling,China,,1792621
Tongjing,China,,1792636
Tongchuan,China,,1792692
Tieqiao,China,,1792760
Tiefu,China,,1792795
Tiaoshi,China,,1792818
Tianzhuang,China,,1792834
Tianshui,China,,1792892
Tianpeng,China,,1792916
Tianliu,China,,1792936
Tianjin,China,,1792947
Chengtangcun,China,,1793036
Taozhuang,China,,1793089
Taoyuan,China,,1793102
Taoluo,China,,1793139
Taolin,China,,1793142
Tantou,China,,1793230
Tanjia,China,,1793274
Tangzhai,China,,1793286
Tangwu,China,,1793315
Tangshan,China,,1793346
Tangping,China,,1793364
Tangjiazhuang,China,,1793385
Binhe,China,,1793419
Tanggu,China,,1793424
Tangba,China,,1793463
Taizhou,China,,1793505
Taiyuan,China,,1793511
Taixing,China,,1793533
Taiping,China,,1793614
Shanghe,China,,1793674
Taihe,China,,1793685
Taishan,China,,1793700
Taicang,China,,1793703
Tai’an,China,,1793724
Tai’an,China,,1793725
Suzhou,China,,1793743
Suyangshan,China,,1793747
Suqian,China,,1793771
Suozhen,China,,1793774
Suizhou,China,,1793879
Suixi,China,,1793889
Suicheng,China,,1793899
Suining,China,,1793900
Songjiang,China,,1794035
Songcheng,China,,1794060
Songbai,China,,1794067
Shangsi,China,,1794103
Sitou,China,,1794126
Sishui,China,,1794140
Simen,China,,1794203
Simao,China,,1794209
Dachang Shandao,China,,1794227
Sihu,China,,1794254
Shunhe,China,,1794348
Shuizhai,China,,1794371
Shuitu,China,,1794395
Shuikou,China,,1794461
Shuikou,China,,1794465
Shuijiang,China,,1794478
Laixi,China,,1794479
Shuangshi,China,,1794592
Shuanglong,China,,1794650
Shuangjiang,China,,1794682
Shuangjiang,China,,1794686
Shuanghe,China,,1794700
Shuanggou,China,,1794725
Shouxian,China,,1794782
Shouguang,China,,1794794
Shizuishan,China,,1794806
Shizilu,China,,1794825
Shiyan,China,,1794903
Shiwan,China,,1794947
Shiwan,China,,1794948
Shituo,China,,1794949
Shitanjing,China,,1794971
Shiquan,China,,1795026
Shiqiaozi,China,,1795029
Shiqiao,China,,1795055
Shiqi,China,,1795060
Shimen,China,,1795140
Shima,China,,1795164
Shima,China,,1795166
Xianglong,China,,1795179
Shilong,China,,1795184
Tongchuanshi,China,,1795196
Shikang,China,,1795241
Shijiazhuang,China,,1795270
Shijiao,China,,1795299
Shiji,China,,1795320
Shihui,China,,1795330
Shidui,China,,1795411
Shichuan,China,,1795443
Shibuzi,China,,1795470
Shetan,China,,1795544
Shenzhen,China,,1795565
Yanta,China,,1795579
Chentuan,China,,1795587
Shenjiamen,China,,1795632
Yunlong,China,,1795751
Shawan,China,,1795776
Rensha,China,,1795811
Shaping,China,,1795833
Shaping,China,,1795842
Shaoxing,China,,1795855
Shaowu,China,,1795857
Shaoshan,China,,1795860
Shaoguan,China,,1795874
Shaodian,China,,1795880
Shancheng,China,,1795919
Shanwei,China,,1795928
Shantou,China,,1795940
Shanting,China,,1795941
Shankou,China,,1795986
Shanji,China,,1795993
Shangluo,China,,1796068
Shangkou,China,,1796186
Shanghuang,China,,1796209
Shanghai,China,,1796236
Shaji,China,,1796385
Shahecheng,China,,1796421
Shahe,China,,1796427
Shagang,China,,1796449
Sanzhuang,China,,1796506
Sanya,China,,1796556
Sanqu,China,,1796642
Sanming,China,,1796663
Sanmenxia,China,,1796669
Sanjiao,China,,1796755
Sanjiang,China,,1796771
Sanhui,China,,1796797
Xiaodu,China,,1796799
Sangzhe,China,,1796841
Changsha,China,,1796989
Runing,China,,1797038
Rui’an,China,,1797063
Ronglong,China,,1797100
Rongjiang,China,,1797106
Fuqing,China,,1797120
Jieyang,China,,1797121
Rizhuang,China,,1797126
Renzhao,China,,1797158
Renyi,China,,1797161
Renxian,China,,1797172
Renqiu,China,,1797181
Renhe,China,,1797213
Quzhou,China,,1797264
Qujing,China,,1797318
Qufu,China,,1797333
Quanzhou,China,,1797353
Wuxi,China,,1797417
Zhuangyuan,China,,1797438
Qiuji,China,,1797471
Qishan,China,,1797505
Qiongshan,China,,1797535
Qionghu,China,,1797543
Qinzhou,China,,1797551
Qinnan,China,,1797575
Qinhuangdao,China,,1797595
Yizhou,China,,1797632
Jinjiang,China,,1797658
Qingshuping,China,,1797715
Qingshizui,China,,1797755
Qingshanquan,China,,1797766
Qingquan,China,,1797793
Qingping,China,,1797804
Huai'an,China,,1797873
Qingfu,China,,1797915
Qingdao,China,,1797929
Qingyuan,China,,1797945
Qincheng,China,,1797959
Qina,China,,1797962
Qishan,China,,1797972
Hongqiao,China,,1798082
Qiaotou,China,,1798131
Qiaotou,China,,1798134
Qiaoguan,China,,1798182
Qianliu,China,,1798290
Puzi,China,,1798408
Puyang Chengguanzhen,China,,1798422
Puyang,China,,1798425
Putian,China,,1798449
Puji,China,,1798462
Puqi,China,,1798473
Yongning,China,,1798480
Pulandian,China,,1798490
Pu’an,China,,1798537
Poyang,China,,1798548
Pingyin,China,,1798632
Pingyi,China,,1798634
Gutao,China,,1798636
Pingxiang,China,,1798654
Pingtan,China,,1798684
Pingshan,China,,1798713
Pingnan,China,,1798733
Pingliang,China,,1798760
Pingli,China,,1798763
Pingjin,China,,1798778
Pingdu,China,,1798821
Pingdingshan,China,,1798827
Pianjiao,China,,1798886
Pengze,China,,1798900
Pengcheng,China,,1798946
Peicheng,China,,1798972
Picheng,China,,1798973
Panlong,China,,1799037
Panghai,China,,1799084
Pan’an,China,,1799100
Paipu,China,,1799117
Guang’an,China,,1799194
Ningyang,China,,1799348
Yutan,China,,1799352
Hanyuan,China,,1799362
Ninghai,China,,1799383
Ninghai,China,,1799384
Ningbo,China,,1799397
Nianbo,China,,1799471
Neijiang,China,,1799491
Nanzhou,China,,1799552
Nanzhang Chengguanzhen,China,,1799574
Nanyang,China,,1799629
Nanxi,China,,1799686
Nantong,China,,1799722
Nanshu,China,,1799749
Pucheng,China,,1799832
Nanping,China,,1799845
Nanping,China,,1799846
Nanning,China,,1799869
Nanma,China,,1799897
Nanlong,China,,1799908
Nanjing,China,,1799962
Nanjian,China,,1799986
Nanhu,China,,1800006
Nangong,China,,1800065
Nanfeng,China,,1800088
Nanfeng,China,,1800089
Nandu,China,,1800101
Nanding,China,,1800107
Nancun,China,,1800130
Nanchong,China,,1800146
Nanchang,China,,1800163
Nanbin,China,,1800175
Naliang,China,,1800217
Nada,China,,1800234
Mu’er,China,,1800333
Mudong,China,,1800334
Miyang,China,,1800430
Mingshui,China,,1800498
Mingguang,China,,1800519
Minggang,China,,1800521
Mingcun,China,,1800524
Micheng,China,,1800544
Miaoyu,China,,1800557
Mianyang,China,,1800627
Mianyang,China,,1800629
Mentougou,China,,1800657
Mengyin,China,,1800675
Mengcheng Chengguanzhen,China,,1800764
Meizhou,China,,1800779
Meishan,China,,1800818
Wuchuan,China,,1800829
Meijiang,China,,1800854
Mawu,China,,1800966
Mawang,China,,1800982
Mapo,China,,1801098
Maoming,China,,1801180
Maocun,China,,1801243
Malianzhuang,China,,1801355
Majie,China,,1801401
Zhijiang,China,,1801455
Macheng,China,,1801582
Maba,China,,1801615
Ma’anshan,China,,1801620
Luzhou,China,,1801640
Lüshun,China,,1801722
Lushar,China,,1801734
Lushan,China,,1801740
Luoyang,China,,1801792
Luoyang,China,,1801797
Luoyang,China,,1801799
Luorong,China,,1801850
Luoqi,China,,1801859
Luoping,China,,1801862
Luomen,China,,1801876
Luolong,China,,1801885
Luojiang,China,,1801909
Luohuang,China,,1801926
Luohe,China,,1801934
Luocheng,China,,1801983
Lulou,China,,1802020
Lucheng,China,,1802068
Lüeyang Chengguanzhen,China,,1802136
Kangding,China,,1802171
Lubu,China,,1802177
Luancheng,China,,1802204
Lu’an,China,,1802206
Loudi,China,,1802238
Longyan,China,,1802276
Longxing,China,,1802296
Longtan,China,,1802407
Longtan,China,,1802408
Longshui,China,,1802420
Longshi,China,,1802426
Longshan,China,,1802441
Longquan,China,,1802476
Longmen,China,,1802501
Longhua,China,,1802523
Longlin,China,,1802541
Longgang,China,,1802550
Longju,China,,1802563
Longgu,China,,1802640
Longgang,China,,1802651
Longfeng,China,,1802659
Long’e,China,,1802665
Longchi,China,,1802685
Longcheng,China,,1802686
Longchang,China,,1802695
Licheng,China,,1802788
Lixin,China,,1802802
Lixian,China,,1802811
Liuyin,China,,1802870
Guankou,China,,1802875
Liuxin,China,,1802880
Liutuan,China,,1802901
Puning,China,,1802940
Liuquan,China,,1802949
Lishui,China,,1803245
Lishi,China,,1803257
Lintong,China,,1803266
Liuzhou,China,,1803300
Linyi,China,,1803318
Linxia Chengguanzhen,China,,1803331
Linxi,China,,1803334
Linshui,China,,1803352
Linshi,China,,1803353
Linqu,China,,1803364
Linqiong,China,,1803365
Qingnian,China,,1803367
Linping,China,,1803374
Linjiang,China,,1803395
Linjiang,China,,1803397
Linjiacun,China,,1803402
Dongta,China,,1803449
Linghe,China,,1803522
Lingcheng,China,,1803549
Beiliu,China,,1803551
Lingao,China,,1803560
Linfeng,China,,1803564
Linfen,China,,1803567
Lincang,China,,1803590
Xishan,China,,1803616
Liji,China,,1803698
Ligezhuang,China,,1803728
Lidu,China,,1803753
Lichuan,China,,1803782
Licheng,China,,1803791
Licha,China,,1803793
Liaolan,China,,1803822
Liaocheng,China,,1803834
Lianzhou,China,,1803841
Hepu,China,,1803842
Anning,China,,1803886
Wuwei,China,,1803936
Liangzhai,China,,1803940
Liangxiang,China,,1803948
Liangshui,China,,1803979
Jiangbei,China,,1803998
Liancheng,China,,1804106
Lianjiang,China,,1804120
Leshan,China,,1804153
Lengshuitan,China,,1804162
Lengshuijiang,China,,1804169
Leiyang,China,,1804208
Lecheng,China,,1804252
Laohekou,China,,1804386
Lanzhou,China,,1804430
Lanxi,China,,1804442
Lianyuan,China,,1804451
Langfang,China,,1804540
Langao Chengguanzhen,China,,1804550
Laizhou,China,,1804578
Laiyang,China,,1804586
Laiwu,China,,1804591
Laisu,China,,1804593
Laibin,China,,1804609
Labuleng,China,,1804618
Kunyang,China,,1804645
Kunming,China,,1804651
Kuangshi,China,,1804687
Kongtan,China,,1804730
Kaiyuan,China,,1804850
Kaili,China,,1804866
Kaihua,China,,1804874
Kaifeng,China,,1804879
Juye,China,,1804892
Junlian,China,,1804935
Juexi,China,,1804976
Juegang,China,,1804979
Liulin,China,,1804996
Jiyuan,China,,1805012
Jizhou,China,,1805029
Jiuxian,China,,1805093
Jiushan,China,,1805117
Jiujiang,China,,1805179
Jiudian,China,,1805220
Jishui,China,,1805267
Qianzhou,China,,1805270
Jinzhou,China,,1805298
Jinxiang,China,,1805334
Jinshi,China,,1805379
Jinsha,China,,1805408
Jinjiang,China,,1805501
Jinjiang,China,,1805505
Jinji,China,,1805515
Jining,China,,1805518
Jinhua,China,,1805528
Jingzhou,China,,1805540
Jingzhi,China,,1805543
Tianchang,China,,1805563
Jingui,China,,1805576
Jingmen,China,,1805611
Jingling,China,,1805618
Jingguan,China,,1805661
Jingdezhen,China,,1805680
Jinchang,China,,1805733
Jincheng,China,,1805741
Jinan,China,,1805753
Jimo,China,,1805757
Jijiang,China,,1805798
Jiexiu,China,,1805833
Jieshou,China,,1805844
Jieshi,China,,1805857
Jielong,China,,1805873
Jiehu,China,,1805884
Jiazi,China,,1805935
Jiayue,China,,1805947
Jiaxing,China,,1805953
Jiawang,China,,1805962
Jiasi,China,,1805967
Jiaozuo,China,,1805987
Jiaoshi,China,,1806020
Jiaogong,China,,1806079
Jiaozhou,China,,1806096
Ningde,China,,1806097
Jianshan,China,,1806155
Jian’ou,China,,1806167
Jiangzhuang,China,,1806188
Jiangyan,China,,1806218
Jianguang,China,,1806248
Jiangshan,China,,1806271
Jiangping,China,,1806282
Jiangmen,China,,1806299
Jiangluo,China,,1806300
Jiangkou,China,,1806316
Jiangkou,China,,1806327
Jiangjia,China,,1806368
Yangjiang,China,,1806408
Jiang’an,China,,1806422
Jianchang,China,,1806439
Ji’an,China,,1806445
Guangyuan,China,,1806466
Qionghai,China,,1806488
Jiachuan,China,,1806516
Huzhou,China,,1806535
Hutang,China,,1806591
Cixi,China,,1806602
Huoqiu Chengguanzhen,China,,1806651
Huolu,China,,1806657
Humen,China,,1806696
Huizhou,China,,1806776
Huixian Chengguanzhen,China,,1806788
Huilong,China,,1806840
Huicheng,China,,1806880
Huicheng,China,,1806881
Huguo,China,,1806900
Hufeng,China,,1806912
Huazhou,China,,1806960
Huayin,China,,1806988
Huashan,China,,1807035
Huankou,China,,1807090
Huangzhou,China,,1807112
Huangshi,China,,1807234
Huangshan,China,,1807259
Dasha,China,,1807301
Huangpi,China,,1807308
Huangmei,China,,1807339
Huangji,China,,1807452
Huanghua,China,,1807467
Huanggang,China,,1807508
Daxing,China,,1807544
Dingcheng,China,,1807553
Xingyi,China,,1807566
Huaiyuan Chengguanzhen,China,,1807645
Huainan,China,,1807681
Huaicheng,China,,1807687
Huaihua,China,,1807689
Huaidian,China,,1807695
Huaibei,China,,1807700
Huacheng,China,,1807738
Houzhen,China,,1807761
Hongzhou,China,,1807916
Honglu,China,,1808075
Donghe,China,,1808103
Hongjiang,China,,1808106
Honghe,China,,1808133
Hong’an,China,,1808176
Hezuo,China,,1808181
Heze,China,,1808198
Hechuan,China,,1808212
Hetoudian,China,,1808249
Heshan,China,,1808316
Hepo,China,,1808336
Hengyang,China,,1808370
Hengshui,China,,1808392
Hengbei,China,,1808517
Helin,China,,1808541
Hejiang,China,,1808612
Heishui,China,,1808652
Hefei,China,,1808722
Hede,China,,1808744
Hecun,China,,1808747
Hebian,China,,1808769
Hebi,China,,1808770
Heba,China,,1808783
Haomen,China,,1808820
Haojiaqiao,China,,1808829
Hanzhong,China,,1808857
Hanyuan,China,,1808861
Hanyin Chengguanzhen,China,,1808863
Fu’an,China,,1808872
Hanting,China,,1808879
Hanjia,China,,1808916
Hangzhou,China,,1808926
Hangu,China,,1808931
Hanfeng,China,,1808950
Changzhi,China,,1808956
Handan,China,,1808963
Hanchuan,China,,1808977
Hancheng,China,,1808981
Haizhou,China,,1809003
Haiyang,China,,1809023
Haitou,China,,1809034
Jiaojiang,China,,1809061
Haimen,China,,1809062
Haikou,China,,1809077
Haikou,China,,1809078
Guyuan,China,,1809152
Guye,China,,1809159
Guxian,China,,1809178
Guxi,China,,1809193
Gupi,China,,1809250
Guozhen,China,,1809263
Guofu,China,,1809338
Gunan,China,,1809380
Gulin,China,,1809408
Guli,China,,1809412
Guiyang,China,,1809461
Guixi,China,,1809467
Guiren,China,,1809483
Guiping,China,,1809486
Guilin,China,,1809498
Guigang,China,,1809532
Gucheng Chengguanzhen,China,,1809610
Guanzhuang,China,,1809646
Guanyin,China,,1809677
Guanhu,China,,1809849
Guangzhou,China,,1809858
Guangshun,China,,1809877
Guangshui,China,,1809879
Guandu,China,,1809962
Guandu,China,,1809963
Gongtan,China,,1810085
Gongping,China,,1810101
Gongmen,China,,1810107
Gongguan,China,,1810136
Gelan,China,,1810235
Gejiu,China,,1810240
Gecheng,China,,1810266
Gaozuo,China,,1810279
Gaozhou,China,,1810295
Gaoyou,China,,1810309
Gaoping,China,,1810437
Gaomi,China,,1810458
Gaoliu,China,,1810472
Gaoliu,China,,1810473
Gaojia,China,,1810509
Gaogu,China,,1810552
Gaogou,China,,1810553
Gao’an,China,,1810625
Ganzhou,China,,1810638
Gantang,China,,1810668
Gantang,China,,1810672
Ganshui,China,,1810677
Gangu Chengguanzhen,China,,1810724
Gangtou,China,,1810725
Fuzhou,China,,1810820
Fuzhou,China,,1810821
Fujia,China,,1810822
Fuyang,China,,1810845
Fuyang,China,,1810846
Wofo,China,,1810870
Qingyang,China,,1810920
Fulu,China,,1810963
Fuling,China,,1810979
Fuji,China,,1811028
Foshan,China,,1811103
Fenyi,China,,1811114
Fenshui,China,,1811140
Fengyi,China,,1811184
Fengcheng,China,,1811200
Fengrun,China,,1811260
Fengkou,China,,1811305
Fengjia,China,,1811327
Fenggao,China,,1811374
Fenggang,China,,1811378
Feicheng,China,,1811440
Fangshan,China,,1811542
Fangcun,China,,1811583
Fangcheng Chengguanzhen,China,,1811594
Ezhou,China,,1811619
Enshi,China,,1811720
Encheng,China,,1811729
Eman,China,,1811737
Ehen Hudag,China,,1811746
Duzhou,China,,1811758
Duyun,China,,1811764
Dushi,China,,1811786
Dushan,China,,1811794
Duobao,China,,1811829
Dunhou,China,,1811844
Ducheng,China,,1811929
Duoba,China,,1811970
Xinyi,China,,1812057
Dongying,China,,1812101
Dongxing,China,,1812138
Dongxi,China,,1812168
Dongtai,China,,1812228
Dongsheng,China,,1812256
Dongkan,China,,1812427
Donghai,China,,1812521
Dongguan,China,,1812545
Dongdu,China,,1812597
Dongcun,China,,1812621
Dongchuan,China,,1812630
Xinle,China,,1812647
Dingzhou,China,,1812728
Dingxi,China,,1812749
Dingtao,China,,1812754
Dingshi,China,,1812760
Dingjia,China,,1812792
Dezhou,China,,1812955
Deyang,China,,1812961
Deqing,China,,1812981
Dengzhou,China,,1812988
Dengzhou,China,,1812990
Songyang,China,,1813016
Degan,China,,1813032
Liping,China,,1813033
Dazhong,China,,1813088
Zhangjiajie,China,,1813171
Daye,China,,1813206
Lijiang,China,,1813253
Daxing,China,,1813299
Daxie,China,,1813315
Dazhou,China,,1813325
Dawukou,China,,1813344
Datun,China,,1813425
Datong,China,,1813451
Dashun,China,,1813520
Dashan,China,,1813591
Fenghua,China,,1813658
Daotian,China,,1813755
Daokou,China,,1813775
Danshui,China,,1813812
Danjiangkou,China,,1813828
Gushu,China,,1813851
Dangjiang,China,,1813868
Tanchang Chengguanzhen,China,,1813875
Xincheng,China,,1813892
Damiao,China,,1813927
Dalu,China,,1814001
Daliang,China,,1814082
Dalian,China,,1814087
Dali,China,,1814093
Dajin,China,,1814161
Dahuangshan,China,,1814272
Daguan,China,,1814385
Dafengdong,China,,1814430
Dachang,China,,1814545
Shuren,China,,1814612
Da’an,China,,1814646
Cuijiaji,China,,1814693
Cizhu,China,,1814712
Chuzhou,China,,1814757
Yangchun,China,,1814786
Yiwu,China,,1814870
Chongxing,China,,1814882
Chongqing,China,,1814906
Chonglong,China,,1814919
Chongkan,China,,1814921
Chizhou,China,,1814934
Chenzhou,China,,1815059
Chengyang,China,,1815184
Chengxian Chengguanzhen,China,,1815188
Chengxi,China,,1815193
Chengjiang,China,,1815249
Jiangyin,China,,1815251
Chenggu,China,,1815276
Chengdu,China,,1815286
Chenghua,China,,1815302
Chefushan,China,,1815345
Chaozhou,China,,1815395
Chaotian,China,,1815413
Chaohu,China,,1815427
Changzhou,China,,1815456
Changzhi,China,,1815463
Changyuan,China,,1815477
Changyi,China,,1815482
Changxin,China,,1815494
Changsha,China,,1815577
Changqing,China,,1815585
Changning,China,,1815617
Changli,China,,1815656
Changleng,China,,1815667
Changle,China,,1815669
Changle,China,,1815678
Changdian,China,,1815758
Changcheng,China,,1815779
Changba,China,,1815797
Chaigou,China,,1815847
Chahe,China,,1815856
Longxing,China,,1815878
Caoqiao,China,,1815971
Caohe,China,,1816026
Weining,China,,1816028
Cangzhou,China,,1816080
Caijia,China,,1816162
Caidian,China,,1816176
Buhe,China,,1816221
Bozhou,China,,1816234
Botou,China,,1816256
Boshan,China,,1816265
Baise,China,,1816269
Biyang,China,,1816316
Bishan,China,,1816329
Binzhou,China,,1816336
Bikou,China,,1816369
Bijie,China,,1816373
Bianzhuang,China,,1816406
Biantang,China,,1816412
Bengbu,China,,1816440
Beiwangli,China,,1816535
Beisu,China,,1816560
Beimeng,China,,1816620
Beijing,China,,1816670
Beihai,China,,1816705
Beidao,China,,1816751
Beibei,China,,1816790
Bayiji,China,,1816813
Bayan Hot,China,,1816821
Baiyang,China,,1816824
Shuanglong,China,,1816838
Batang,China,,1816851
Basuo,China,,1816858
Bashan,China,,1816865
Baoying,China,,1816890
Shaoyang,China,,1816920
Langzhong,China,,1816924
Baoluan,China,,1816929
Baojia,China,,1816942
Baoding,China,,1816971
Banqiao,China,,1817038
Balu,China,,1817137
Baizi,China,,1817193
Baiyin,China,,1817240
Baixi,China,,1817294
Baituo,China,,1817306
Baitu,China,,1817310
Baitao,China,,1817330
Baisha,China,,1817441
Baisha,China,,1817456
Baimajing,China,,1817543
Baima,China,,1817553
Bailin,China,,1817589
Baihua,China,,1817676
Baihecun,China,,1817701
Shangyu,China,,1817720
Baichihe,China,,1817762
Bachuan,China,,1817848
Babu,China,,1817858
Qilian,China,,1817862
Aoxi,China,,1817884
Qingyang,China,,1817925
Anyuan,China,,1817932
Shenliu,China,,1817952
Anshun,China,,1817968
Anqiu,China,,1817990
Anqing,China,,1817993
Anping,China,,1818002
Mabai,China,,1818004
Anlu,China,,1818016
Anlong,China,,1818019
Anliu,China,,1818020
Anju,China,,1818042
Anjiang,China,,1818051
Anhua,China,,1818062
Anfu,China,,1818082
Naxi,China,,1818086
Anbu,China,,1818116
Ahu,China,,1818165
Zhonghe,China,,1885400
Jiangyou,China,,1885823
Suzhou,China,,1886760
Zhoushan,China,,1886762
Dacheng,China,,1893595
Wuduan,China,,1897997
Guanshan,China,,1898013
Mudu,China,,1898359
Songling,China,,1898494
Lüfeng,China,,1904024
Xinsheng,China,,1904026
Yongxi,China,,1904046
Pulü,China,,1904048
Caijiagang,China,,1904050
Tieshan,China,,1904058
Hebao,China,,1904071
Baoxing,China,,1904072
Damiao,China,,1904076
Daxing,China,,1904080
Jinlong,China,,1904091
Sanjiao,China,,1904094
Guangpu,China,,1904121
Chenshi,China,,1904136
Qingfeng,China,,1904138
Wutan,China,,1904163
Wujian,China,,1904172
Hegeng,China,,1904174
Xianlong,China,,1904187
Ji’an,China,,1904188
Kaitang,China,,1905431
Bibo,China,,1905846
Jiuchao,China,,1906074
Zhaoxing,China,,1906095
Anfu,China,,1907959
Baijiawan,China,,1907960
Baliwan,China,,1907961
Dashi,China,,1907965
Dazhuang,China,,1907966
Guochuan,China,,1907969
Jinshan,China,,1907975
Jutou,China,,1907976
Kuanchuan,China,,1907977
Liuping,China,,1907979
Qianhu,China,,1907990
Shiqiao,China,,1907994
Suhe,China,,1907996
Wangyao,China,,1908000
Wangyin,China,,1908001
Wenquan,China,,1908004
Xingfeng,China,,1908009
Xinglong,China,,1908010
Xinxing,China,,1908011
Yebao,China,,1908015
Yongping,China,,1908016
Zhongshan,China,,1908018
Shima,China,,1909053
Banan,China,,1909733
Dianbu,China,,1912383
Yunshan,China,,1912420
Xiasi,China,,1914158
Conglin,China,,1914235
Ciyun,China,,1914237
Xiaba,China,,1914240
Anlan,China,,1914248
Shilong,China,,1914250
Nanpeng,China,,1914252
Huimin,China,,1914255
Ersheng,China,,1914256
Yufengshan,China,,1914265
Tongjiaxi,China,,1914267
Dasheng,China,,1914274
Taiping,China,,1914275
Tuchang,China,,1914276
Honghu,China,,1914280
Lanyang,China,,1914825
Guangcun,China,,1914915
Sandu,China,,1914927
Mutang,China,,1914932
Dongcheng,China,,1914952
Heqing,China,,1914965
Wuzhishan,China,,1916012
Lianghu,China,,1919014
Zhoucheng,China,,1920772
Dalianwan,China,,1921372
Xiaochangshan,China,,1921495
Wuyishan,China,,1922014
Yueyang,China,,1927639
Bojia,China,,1929434
Santangpu,China,,1930074
Zhaojia,China,,1942226
Gulu,China,,1942230
Zouma,China,,1942248
Yantai,China,,1942254
Sanmiao,China,,1942265
Rongxi,China,,1942269
Longsheng,China,,1942274
Lixi,China,,1948720
Hedong,China,,1997228
Zhenlai,China,,2033128
Shuangliao,China,,2033135
Zhaozhou,China,,2033147
Zhaoyuan,China,,2033149
Zhaodong,China,,2033168
Zhangjiakou,China,,2033196
Zhalantun,China,,2033225
Yushu,China,,2033242
Youhao,China,,2033301
Yingkou,China,,2033370
Yilan,China,,2033403
Yichun,China,,2033413
Yebaishou,China,,2033423
Yantongshan,China,,2033449
Yanji,China,,2033467
Yakeshi,China,,2033536
Xuanhua,China,,2033574
Xiuyan,China,,2033602
Xinqing,China,,2033667
Xinmin,China,,2033675
Xinglongshan,China,,2033739
Xingcheng,China,,2033766
Xilin Hot,China,,2033824
Xifeng,China,,2033866
Xiaoshi,China,,2033934
Wuchang,China,,2034141
Wangqing,China,,2034221
Hepingjie,China,,2034226
Wangkui,China,,2034228
Ulanhot,China,,2034312
Tumen,China,,2034340
Tongliao,China,,2034400
Tonghua,China,,2034414
Tieling,China,,2034439
Tieli,China,,2034440
Taonan,China,,2034497
Tailai,China,,2034599
Dorbod,China,,2034600
Tahe,China,,2034615
Sujiatun,China,,2034638
Suiling,China,,2034651
Suihua,China,,2034655
Suifenhe,China,,2034657
Songjianghe,China,,2034691
Siping,China,,2034714
Shunyi,China,,2034754
Shulan,China,,2034761
Shuangyashan,China,,2034786
Shuangyang,China,,2034791
Shuangcheng,China,,2034834
Shiguai,China,,2034918
Shenyang,China,,2034937
Shanhecun,China,,2034995
Shanhaiguan,China,,2034996
Shangzhi,China,,2035002
Sanchazi,China,,2035182
Salaqi,China,,2035196
Fendou,China,,2035225
Qitaihe,China,,2035261
Qiqihar,China,,2035265
Qinggang,China,,2035325
Songyuan,China,,2035399
Pingzhuang,China,,2035453
Panshi,China,,2035511
Panshan,China,,2035513
Nianzishan,China,,2035593
Nenjiang,China,,2035601
Nehe,China,,2035610
Nantai,China,,2035635
Nanpiao,China,,2035644
Lianhe,China,,2035669
Mujiayingzi,China,,2035707
Mudanjiang,China,,2035715
Mishan,China,,2035746
Antu,China,,2035754
Mingshui,China,,2035758
Meihekou,China,,2035801
Manzhouli,China,,2035836
Longjing,China,,2035966
Longjiang,China,,2035970
Longfeng,China,,2035980
Liuhe,China,,2036033
Lishu,China,,2036055
Linkou,China,,2036066
Linjiang,China,,2036069
Lingyuan,China,,2036075
Lingdong,China,,2036081
Liaozhong,China,,2036106
Longshan,China,,2036109
Liaoyang,China,,2036113
Lanxi,China,,2036226
Langxiang,China,,2036237
Langtoucun,China,,2036241
Kuandian,China,,2036283
Kaiyuan,China,,2036337
Kaitong,China,,2036338
Jixi,China,,2036389
Jiutai,China,,2036401
Jiupu,China,,2036403
Jishu,China,,2036418
Jinzhou,China,,2036427
Lianshan,China,,2036434
Jining,China,,2036458
Jilin,China,,2036502
Jidong,China,,2036519
Jiaohe,China,,2036536
Jiamusi,China,,2036581
Jalai Nur,China,,2036595
Jiagedaqi,China,,2036597
Hushitai,China,,2036619
Hunchun,China,,2036653
Hulan Ergi,China,,2036670
Hulan,China,,2036671
Huinan,China,,2036685
Huanren,China,,2036713
Huangnihe,China,,2036734
Huanan,China,,2036753
Huadian,China,,2036776
Honggang,China,,2036876
Hohhot,China,,2036892
Hengshan,China,,2036920
Helong,China,,2036933
Heishan,China,,2036959
Heihe,China,,2036973
Hegang,China,,2036986
Harbin,China,,2037013
Hailun,China,,2037069
Hailin,China,,2037075
Hailar,China,,2037078
Haicheng,China,,2037086
Gongzhuling,China,,2037222
Gongchangling,China,,2037240
Genhe,China,,2037252
Gannan,China,,2037311
Fuyuan,China,,2037330
Fuyu,China,,2037334
Fuyu,China,,2037335
Fuxin,China,,2037346
Fushun,China,,2037355
Jixian,China,,2037370
Fujin,China,,2037375
Beichengqu,China,,2037391
Luobei,China,,2037393
Fengcheng,China,,2037411
Erenhot,China,,2037485
Erdaojiang,China,,2037494
Dunhua,China,,2037534
Dongning,China,,2037611
Dongling,China,,2037620
Dongfeng,China,,2037658
Didao,China,,2037685
Dehui,China,,2037712
Datong,China,,2037799
Dashitou,China,,2037820
Dashiqiao,China,,2037823
Daqing,China,,2037860
Dandong,China,,2037886
Linghai,China,,2037913
Dalain Hob,China,,2037927
Dalai,China,,2037930
Chifeng,China,,2038067
Chengzihe,China,,2038080
Chengde,China,,2038087
Chaoyang,China,,2038118
Chaoyang,China,,2038120
Changtu,China,,2038139
Changping,China,,2038154
Changling,China,,2038158
Changchun,China,,2038180
Chaihe,China,,2038198
Boli,China,,2038274
Bin Xian,China,,2038283
Benxi,China,,2038300
Beipiao,China,,2038342
Bei’an,China,,2038365
Bayan,China,,2038421
Baotou,China,,2038432
Baoshan,China,,2038438
Baoqing,China,,2038446
Muling,China,,2038482
Baishishan,China,,2038529
Baiquan,China,,2038541
Baicheng,China,,2038569
Baishan,China,,2038584
Anshan,China,,2038632
Anda,China,,2038650
Oroqen Zizhiqi,China,,2038665
Acheng,China,,2038679
Songlingcun,China,,2047837
Shigang,China,,6310890
E’zhou,China,,6642286
Jinniu,China,,6644097
Xiangjiaba,China,,6648023
Shilin,China,,6825277
Bowangshan,China,,6913329
Shuanglong,China,,6921777
Panzhihua,China,,6929460
Taifu,China,,6963006
Zhongshan,China,,6986104
Tongchuan,China,,7064006
Changshu,China,,7283386
Shixing,China,,7290013
Jiashan,China,,7303248
Fenghuang,China,,7304020
Baiguan,China,,7326405
Zhongba,China,,7326411
Dengbu,China,,7328899
Baihe,China,,7329905
Puchi,China,,7338243
Maying,China,,7338250
Hanwang,China,,7340457
Majie,China,,7340460
Dianga,China,,7342980
Dongjiang,China,,7347727
Chengjiao,China,,7347732
Wuying,China,,7348380
Lianhua,China,,7348465
Weidian,China,,7348537
Shibao,China,,7352509
Luotang,China,,7372475
Yulong,China,,7372977
Paosha,China,,7373299
Xigaoshan,China,,7373329
Luoyu,China,,7373480
Shili,China,,7373600
Jiangxi,China,,7373656
Luhe,China,,7373672
Xiyu,China,,7373724
Shaoyu,China,,7373739
Hadapu Zhen,China,,7516804
Lichuan Zhen,China,,7516812
Tange,China,,7517266
Mali,China,,7517321
Shandan,China,,7517450
Gaolou,China,,7517492
Yuanyang,China,,7517497
Hualin,China,,7517557
Hezhou,China,,7576887
Zhu Cheng City,China,,7602670
Shangri-La,China,,7910932
Ulanqab,China,,8335361
Ordos,China,,8347664
Daocheng,China,,8395541
Chengxiang,China,,8397870
Tangfang,China,,8397876
Fengling,China,,8397878
Longjing,China,,8398262
Baolong,China,,8398265
Tonggu,China,,8398266
Sanxi,China,,8398672
Liangping,China,,8398673
Longxi,China,,8398676
Futian,China,,8398677
Dashu,China,,8399036
Kangle,China,,8399040
Fenhe,China,,8399041
Baidi,China,,8399042
Caotang,China,,8399043
Yongle,China,,8399044
Jiagao,China,,8399045
Qinglong,China,,8399049
Wuma,China,,8399050
Fengping,China,,8399052
Qinglian,China,,8399478
Heqian,China,,8400052
Maliu,China,,8400053
Heyan,China,,8400054
Guojia,China,,8400056
Baihe,China,,8400057
Dunhao,China,,8400058
Gaoqiao,China,,8400059
Yihe,China,,8400137
Jiulongshan,China,,8400138
Zhen’an,China,,8400139
Dade,China,,8400140
Fengle,China,,8400141
Zhendong,China,,8400142
Houba,China,,8400143
Changsha,China,,8400146
Nanmen,China,,8400147
Wushan,China,,8400149
Nanya,China,,8400150
Zhuxi,China,,8400151
Taizhou,China,,8400694
Houshan,China,,8403605
Lihe,China,,8403607
Xiongjia,China,,8403609
Tiancheng,China,,8403610
Zhoujiaba,China,,8403611
Taibai,China,,8403612
Gaoliang,China,,8403613
Zhonggulou,China,,8403614
Jiuchi,China,,8403615
Pailou,China,,8403616
Chenjiaba,China,,8403617
Bai’anba,China,,8403618
Shuanghekou,China,,8403619
Zhushan,China,,8403620
Danzi,China,,8403846
Changtan,China,,8403867
Tai’an,China,,8403868
Luotian,China,,8403872
Guocun,China,,8403877
Longsha,China,,8403881
Ganning,China,,8403882
Gaofeng,China,,8403883
Linxi,China,,8404735
Xialu,China,,8404770
Báishí Zhèn,China,,8405248
Caohui,China,,8405691
Xinmin,China,,8405692
Changlong,China,,8405693
Yong’an,China,,8405694
Pushun,China,,8405695
Gangjia,China,,8405696
Gaofeng,China,,8405699
Pingshan,China,,8405701
Baijia,China,,8405703
Panlong,China,,8405713
Yinping,China,,8405715
Jukui,China,,8405717
Bishan,China,,8405721
Huilong,China,,8405722
Mingda,China,,8405727
Lirang,China,,8405728
Hucheng,China,,8405731
Xinsheng,China,,8405732
Hexing,China,,8405736
Baohe,China,,8406198
Dongjia,China,,8406200
Shizhi,China,,8406204
Huwei,China,,8406205
Sanhe,China,,8406214
Xingyi,China,,8406218
Longkong,China,,8406221
Longhe,China,,8406223
Qingxichang,China,,8406649
Pingkai,China,,8406650
Zhongling,China,,8406675
Erong,China,,8406677
Guanzhuang,China,,8406686
Wanmu,China,,8407506
Tonggu,China,,8407510
Apengjiang,China,,8407595
Qianjiang,China,,8408334
Zhoubai,China,,8408335
Dianshui,China,,8408394
Sanhe,China,,8408551
Xintian,China,,8408661
Longshe,China,,8409070
Lianhu,China,,8409075
Tongle,China,,8416210
Zengfu,China,,8416213
Longqiao,China,,8416217
Lizhi,China,,8416218
Nantuo,China,,8416236
Qingxi,China,,8416237
Baisheng,China,,8416240
Yihe,China,,8416247
Yunji,China,,8416620
Changshouhu,China,,8416622
Haitang,China,,8416623
Shiyan,China,,8416624
Longhe,China,,8416625
Fengcheng,China,,8416626
Jiangnan,China,,8416627
Bake,China,,8416628
Dawan,China,,8416813
Gulu,China,,8416814
Lijia,China,,8416930
Shuangfengqiao,China,,8416931
Huixing,China,,8416933
Cuiyun,China,,8416934
Wangjia,China,,8416968
Tianfu,China,,8417103
Fuxing,China,,8417104
Dongyang,China,,8417106
Longfeng,China,,8417108
Shuanghuai,China,,8417530
Shuangfeng,China,,8417531
Shitan,China,,8417532
Xiaojia,China,,8417533
Laitan,China,,8417596
Qiantang,China,,8417598
Dashi,China,,8417599
Gulou,China,,8417600
Yanwo,China,,8417601
Erlang,China,,8417602
Longfeng,China,,8417603
Longxing,China,,8417604
Yangcheng,China,,8417605
Diaoyucheng,China,,8417606
Nanjin,China,,8417607
Baoding,China,,8418557
Zhifeng,China,,8418559
Shiwan,China,,8418560
Yulong,China,,8418561
Shuanglu,China,,8418584
Tangxiang,China,,8418585
Guchang,China,,8418774
Shenglilu,China,,8419424
Nandajie,China,,8419425
Shaoyun,China,,8419799
Qinggang,China,,8420195
Jianlong,China,,8420197
Shuangfu,China,,8421327
Zhiping,China,,8421919
Wenshan City,China,,8505006
Tuanbao,China,,8516975
Bole,China,,8521718
Liupanshui,China,,8533133
Huanggang,China,,8537264
Nanchuan,China,,8544703
Anwen,China,,8549392
Datong,China,,8549394
Guanba,China,,8549410
Nantong,China,,8549414
Maliuzui,China,,8549445
Anxiang,China,,8561889
Mugala,China,,8562558
Xingning,China,,8594670
Lingquan,China,,8649747
Damoujia,China,,8668394
Bageqi,China,,8992399
Tawakule,China,,8992603
Han’airike,China,,8992614
Ying’awati,China,,9019368
Rizhao,China,,9072919
Shanwang,China,,9123882
Puyang,China,,9181182
Taxkowrük,China,,9884157
Onyar,China,,9884161
Fudong,China,,9924467
Jianshui,China,,9931406
Tuantian,China,,9939651
Zhonghe,China,,9988213
Liuzhi,China,,10020191
Taoyuan,China,,10137154
Wanghong,China,,10188281
Hongguang Qidui,China,,10188419
Linhe,China,,10189869
Sansheng,China,,10315178
Gongqingcheng,China,,10378130
Xiping,China,,10429089
Xuzhou,China,,10630003
Xichuan,China,,10741023
Lianyungang,China,,10859300
Rugao,China,,10942183
Jinzhong,China,,10942283
Baoji,China,,10942359
Qipan,China,,11530931
Huocheng,China,,11694038
Longnan,China,,11778484
Bayan Nur,China,,11838258
Huoshilafu,China,,11890268
Gulebage,China,,11890878
Sandaoling Lutiankuang Wuqi Nongchang,China,,11895138
Siyeke,China,,11916190
Tumxuk,China,,12022102
Wulong,China,,12110889
Chongzuo,China,,12159964
Zhakou,China,,12252444
Fangchenggang,China,,12269572
Dali Old Town,China,,12277235
Haidong Zhen,China,,12277236
Yinqiao Zhen,China,,12277237
Wanqiao Zhen,China,,12277238
Yunlong,China,,12277239
Shuangtang,China,,12277242
Xindian,China,,12277243
Xinhe,China,,12277244
Dapeng,China,,12277245
Daxu,China,,12277246
Liguo,China,,12277994
Jiawang Zhen,China,,12277995
Dashahe,China,,12279163
Wanggou,China,,12279164
Jing'an,China,,12324233
Yingqiu,China,,12324243
Liushan,China,,12324245
Yishan,China,,12324246
Dasheng,China,,12324247
Huiqu,China,,12324248
Jinzhongzi,China,,12324249
Wushan,China,,12324259
Zheshan,China,,12324260
Buzhuang,China,,12324261
Longchi,China,,12324285
Xiaying,China,,12324286
Baicheng,China,,12324287
Jinggou,China,,12324298
Kanjia,China,,12324299
Huanglou,China,,12324301
Yidu,China,,12324302
Dongxia,China,,12324303
Heguan,China,,12324304
Miaozi,China,,12324438
Mihe,China,,12324439
Shaozhuang,China,,12324473
Tanfang,China,,12324474
Gucheng,China,,12324486
Hualong,China,,12324487
Jitai,China,,12324507
Taitou,China,,12324508
Yingli,China,,12324512
Siwei,China,,12324548
Ligang,China,,12324549
Lingwu,China,,12324550
Ningdong,China,,12324552
Wangyuan,China,,12324553
Minning,China,,12324554
Lijun,China,,12324555
Shizuishan,China,,12324556
Heshan,China,,12358444
Xihu,China,,12358445
Shangchong,China,,12358473
Sankeshu,China,,12358475
Hechi,China,,12358476
Xingdaohu,China,,12358477
Donghui,China,,12358502
Fazhanhe,China,,12358503
Fubang,China,,12358504
Huimin,China,,12358505
Mujia,China,,12358507
Nanling,China,,12358508
Nuofu,China,,12358509
Nuozhadu,China,,12358510
Zhutang,China,,12358511
Menghuan,China,,12358512
Fengping,China,,12358513
Nongzhang,China,,12358514
Taiping,China,,12358515
Beihai,China,,12358538
Hehua,China,,12358539
Mangbang,China,,12358540
Mazhan,China,,12358541
Mingguang,China,,12358542
Puchuan,China,,12358543
Wuhe,China,,12358564
Xinhua,China,,12358565
Miaojie,China,,12358566
Yongjian,China,,12358567
Yousuo,China,,12358568
Sanchuan,China,,12358569
Chenghai,China,,12358570
Shunzhou,China,,12358571
Jiuhe,China,,12358572
Xinyingpan,China,,12358573
Shilongba,China,,12358574
Hongqiao,China,,12358575
Wanzhou,China,,12358576
Zhuyi,China,,12358614
Yintai,China,,12358616
Jifeng,China,,12358632
Changdao,China,,12358707
Liufeng,China,,12358729
Xiejiawan,China,,12358745
Guojia,China,,12358747
Hongbao,China,,12358802
Dayang,China,,12359284
Maguan,China,,12359299
Muhe,China,,12359301
Qingyang,China,,12359313
Quankou,China,,12382532
Alamaiti,China,,12420915
Arele,China,,12420916
Awati,China,,12420917
Azhatebage,China,,12420918
Bage'awati,China,,12420919
Baishikante,China,,12420920
Dunbage,China,,12420927
Huangdi,China,,12420928
Kuoshi'airike,China,,12420930
Mixia,China,,12420931
Paikeqi,China,,12420932
Tage'erqi,China,,12420934
Tuomuwusitang,China,,12420983
Wudalike,China,,12420984
Yigai'erqi,China,,12440484
Yishikuli,China,,12440486
Bayandai,China,,12440489
Hudiyuzi,China,,12440491
Arewusitang,China,,12440503
Awuliya,China,,12440504
Samuyuzi,China,,12450711
Weiwu'eryuqiwen,China,,12450712
Arele,China,,12450713
Jiayi,China,,12450714
Buzhake,China,,12450717
Yisilamu'awati,China,,12450721
Akesalayi,China,,12450722
Jiahanbage,China,,12450725
Ka'ersai,China,,12450862
Kuiya,China,,12450864
Kuoyiqi,China,,12450865
Manglai,China,,12450866
Puqiakeqi,China,,12450867
Tuohula,China,,12450868
Tuwaite,China,,12450869
Wu'erqi,China,,12450870
Yawa,China,,12450871
Zhawa,China,,12450873
Dazeshan,China,,12450879
Dianzi,China,,12450880
Yanghe,China,,12450881
Dongwenquan,China,,12450883
Jieshi,China,,12450884
Qitang,China,,12450886
Shuanglonghu,China,,12450887
Jiaping,China,,12450916
Xihu,China,,12450949
Zhongshan,China,,12450950
Mingshan,China,,12450984
Caojie,China,,12489669
Liangping,China,,12489673
Xinglong,China,,12489685
Fuhuan,China,,12489793
Qingnian,China,,12489814
Shihao,China,,12489815
Yongcheng,China,,12489817
Zhuantang,China,,12489819
Longling County,China,,12492660
"Mianzhu, Deyang, Sichuan",China,,12492662
Pingwu County,China,,12492669
Tianjia,China,,12492805
Changling,China,,12493241
Weixinghu,China,,12495683
Zhuhai,China,,12495684
Hulunbuir,China,,12548253
Zipaquirá,Colombia,,3665542
Zarzal,Colombia,,3665559
Zaragoza,Colombia,,3665566
Yumbo,Colombia,,3665657
Yopal,Colombia,,3665688
Yondó,Colombia,,3665691
Yarumal,Colombia,,3665741
Villeta,Colombia,,3665895
Villavicencio,Colombia,,3665900
Villa del Rosario,Colombia,,3665913
Villanueva,Colombia,,3665934
Villanueva,Colombia,,3665951
Villamaría,Colombia,,3665973
Vélez,Colombia,,3666232
Valledupar,Colombia,,3666304
Urrao,Colombia,,3666395
Villa de San Diego de Ubaté,Colombia,,3666519
Turbo,Colombia,,3666570
Turbaco,Colombia,,3666577
Túquerres,Colombia,,3666582
Tunja,Colombia,,3666608
Tumaco,Colombia,,3666640
Tuluá,Colombia,,3666645
Tolú Viejo,Colombia,,3666936
Santiago de Tolú,Colombia,,3666939
Timbiquí,Colombia,,3667070
Tierralta,Colombia,,3667158
Tauramena,Colombia,,3667355
Tarqui,Colombia,,3667386
Tame,Colombia,,3667478
Tadó,Colombia,,3667579
Supía,Colombia,,3667697
Sucre,Colombia,,3667728
Suárez,Colombia,,3667773
Sonsón,Colombia,,3667820
Soledad,Colombia,,3667849
Sogamoso,Colombia,,3667873
Socorro,Colombia,,3667887
Soacha,Colombia,,3667905
Sitionuevo,Colombia,,3667918
Sincelejo,Colombia,,3667983
San Luis de Sincé,Colombia,,3667991
Simití,Colombia,,3668012
Silvania,Colombia,,3668028
Sibaté,Colombia,,3668087
Sevilla,Colombia,,3668132
Segovia,Colombia,,3668175
San Vicente,Colombia,,3668302
Santuario,Colombia,,3668323
Santo Tomás,Colombia,,3668332
Santa Rosa de Osos,Colombia,,3668451
Santa Rosa de Cabal,Colombia,,3668454
Santa Rosa,Colombia,,3668472
Santander de Quilichao,Colombia,,3668572
Santa Marta,Colombia,,3668605
Santa Lucía,Colombia,,3668655
San Pedro de Urabá,Colombia,,3669087
San Pablo,Colombia,,3669188
San Onofre,Colombia,,3669218
San Martín,Colombia,,3669332
San Marcos,Colombia,,3669346
San Lorenzo,Colombia,,3669440
San Juan Nepomuceno,Colombia,,3669454
San Juan de Urabá,Colombia,,3669461
San Juan del Cesar,Colombia,,3669469
San Jacinto,Colombia,,3669736
San Gil,Colombia,,3669808
San Estanislao,Colombia,,3669929
San Diego,Colombia,,3669947
San Carlos,Colombia,,3669997
San Benito Abad,Colombia,,3670038
San Antero,Colombia,,3670199
San Andrés,Colombia,,3670218
Sampués,Colombia,,3670280
Samaniego,Colombia,,3670293
Salgar,Colombia,,3670350
Salamina,Colombia,,3670370
Sahagún,Colombia,,3670419
Sabaneta,Colombia,,3670475
Sabanalarga,Colombia,,3670502
Sabanagrande,Colombia,,3670513
Sabana de Torres,Colombia,,3670520
Rovira,Colombia,,3670587
Roldanillo,Colombia,,3670644
Rivera,Colombia,,3670692
Riosucio,Colombia,,3670719
Rionegro,Colombia,,3670730
Riohacha,Colombia,,3670745
Rioblanco,Colombia,,3670764
Retiro,Colombia,,3670849
Restrepo,Colombia,,3670855
Repelón,Colombia,,3670874
Quinchía,Colombia,,3671091
Quimbaya,Colombia,,3671098
Quibdó,Colombia,,3671116
Purificación,Colombia,,3671208
Pupiales,Colombia,,3671228
Puerto Wilches,Colombia,,3671287
Puerto Triunfo,Colombia,,3671308
Puerto Tejada,Colombia,,3671315
Puerto Santander,Colombia,,3671325
Puerto Salgar,Colombia,,3671330
Puerto Rico,Colombia,,3671348
Puerto López,Colombia,,3671418
Puerto Leguízamo,Colombia,,3671437
Puerto Colombia,Colombia,,3671497
Puerto Carreño,Colombia,,3671519
Puerto Boyacá,Colombia,,3671531
Puerto Berrío,Colombia,,3671540
Puerto Asís,Colombia,,3671549
Puebloviejo,Colombia,,3671615
Pradera,Colombia,,3671772
Popayán,Colombia,,3671916
Ponedera,Colombia,,3671936
Polonuevo,Colombia,,3671950
Planeta Rica,Colombia,,3672068
Planadas,Colombia,,3672077
Pizarro,Colombia,,3672086
Pivijay,Colombia,,3672093
Pitalito,Colombia,,3672110
Pinillos,Colombia,,3672197
Piedecuesta,Colombia,,3672328
Pereira,Colombia,,3672486
Payandé,Colombia,,3672664
Patía,Colombia,,3672761
Pasto,Colombia,,3672778
Pamplona,Colombia,,3673045
Palmira,Colombia,,3673164
Palmar de Varela,Colombia,,3673220
Pailitas,Colombia,,3673379
Belalcázar,Colombia,,3673398
Padua,Colombia,,3673404
Pacho,Colombia,,3673424
Ocaña,Colombia,,3673662
Nueva Granada,Colombia,,3673756
Neiva,Colombia,,3673899
Neira,Colombia,,3673902
Nechí,Colombia,,3673976
Natagaima,Colombia,,3674010
Mosquera,Colombia,,3674292
Morales,Colombia,,3674412
Montería,Colombia,,3674453
Montenegro,Colombia,,3674463
Montelíbano,Colombia,,3674470
Moniquirá,Colombia,,3674572
Mompós,Colombia,,3674597
Momil,Colombia,,3674603
Mocoa,Colombia,,3674654
Mitú,Colombia,,3674676
Miranda,Colombia,,3674702
Melgar,Colombia,,3674885
Medellín,Colombia,,3674962
Marsella,Colombia,,3675212
San Sebastián de Mariquita,Colombia,,3675252
Marinilla,Colombia,,3675263
María la Baja,Colombia,,3675287
Manzanares,Colombia,,3675409
Manizales,Colombia,,3675443
Manatí,Colombia,,3675512
Malambo,Colombia,,3675595
Málaga,Colombia,,3675605
Maicao,Colombia,,3675657
Mahates,Colombia,,3675668
Magangué,Colombia,,3675692
Madrid,Colombia,,3675707
Luruaco,Colombia,,3675826
Los Patios,Colombia,,3675975
Lorica,Colombia,,3676397
Líbano,Colombia,,3676604
Leticia,Colombia,,3676623
Lérida,Colombia,,3676626
La Virginia,Colombia,,3676720
La Unión,Colombia,,3676923
La Unión,Colombia,,3676928
La Unión,Colombia,,3676934
La Tebaida,Colombia,,3677010
La Plata,Colombia,,3678097
La Mesa,Colombia,,3678405
La Jagua de Ibirico,Colombia,,3678674
La Estrella,Colombia,,3679065
La Dorada,Colombia,,3679277
La Ceja,Colombia,,3679554
Juan de Acosta,Colombia,,3680176
Jamundí,Colombia,,3680387
Ituango,Colombia,,3680434
Itagüí,Colombia,,3680450
Ipiales,Colombia,,3680539
Ibagué,Colombia,,3680656
Honda,Colombia,,3680840
Guamo,Colombia,,3681563
Guamal,Colombia,,3681596
Guaduas,Colombia,,3681702
Guadalupe,Colombia,,3681733
Guacarí,Colombia,,3681797
Granada,Colombia,,3681957
Girón,Colombia,,3682018
Girardot City,Colombia,,3682028
Gigante,Colombia,,3682047
Garzón,Colombia,,3682108
Nueva Granada,Colombia,,3682232
Galapa,Colombia,,3682238
Fusagasugá,Colombia,,3682274
Funza,Colombia,,3682281
Fundación,Colombia,,3682292
Frontino,Colombia,,3682313
Fresno,Colombia,,3682330
Fonseca,Colombia,,3682374
Floridablanca,Colombia,,3682385
Florida,Colombia,,3682393
Florencia,Colombia,,3682426
Flandes,Colombia,,3682458
Facatativá,Colombia,,3682516
Espinal,Colombia,,3682573
Envigado,Colombia,,3682631
El Zulia,Colombia,,3682682
El Retén,Colombia,,3683233
El Doncello,Colombia,,3684276
El Copey,Colombia,,3684452
El Charco,Colombia,,3684579
El Cerrito,Colombia,,3684615
El Carmen de Bolívar,Colombia,,3684666
El Carmen de Chucurí,Colombia,,3684689
El Banco,Colombia,,3684917
El Bagre,Colombia,,3684945
Duitama,Colombia,,3685084
Dosquebradas,Colombia,,3685095
Darien,Colombia,,3685273
Dabeiba,Colombia,,3685295
Curumaní,Colombia,,3685335
Cumaribo,Colombia,,3685435
Cúcuta,Colombia,,3685533
Cotorra,Colombia,,3685724
Corozal,Colombia,,3685823
Corinto,Colombia,,3685871
Copacabana,Colombia,,3685949
Concordia,Colombia,,3686013
Circasia,Colombia,,3686233
Cimitarra,Colombia,,3686255
Ciénaga de Oro,Colombia,,3686272
Ciénaga,Colombia,,3686279
Chivolo,Colombia,,3686445
Chiriguaná,Colombia,,3686479
Chiquinquirá,Colombia,,3686513
Chinú,Colombia,,3686540
Chinchiná,Colombia,,3686561
Chimichagua,Colombia,,3686585
Chigorodó,Colombia,,3686636
Chía,Colombia,,3686675
Chaparral,Colombia,,3686793
Cereté,Colombia,,3686922
Caucasia,Colombia,,3687025
Cartago,Colombia,,3687230
Cartagena,Colombia,,3687238
Carmen de Viboral,Colombia,,3687318
Candelaria,Colombia,,3687634
Candelaria,Colombia,,3687644
Campo de la Cruz,Colombia,,3687758
Campoalegre,Colombia,,3687806
Cali,Colombia,,3687925
Caldas,Colombia,,3687952
Calarcá,Colombia,,3687964
Cajicá,Colombia,,3688006
Caicedonia,Colombia,,3688071
Guadalajara de Buga,Colombia,,3688256
Buesaco,Colombia,,3688266
Buenaventura,Colombia,,3688451
Buenaventura,Colombia,,3688452
Bucaramanga,Colombia,,3688465
Bosconia,Colombia,,3688566
Bogotá,Colombia,,3688689
Betulia,Colombia,,3688840
Bello,Colombia,,3688928
Belén de Umbría,Colombia,,3688989
Becerril,Colombia,,3689026
Barranquilla,Colombia,,3689147
Barrancas,Colombia,,3689162
Barrancabermeja,Colombia,,3689169
Barbosa,Colombia,,3689205
Barbosa,Colombia,,3689206
Baranoa,Colombia,,3689235
Balboa,Colombia,,3689292
Ayapel,Colombia,,3689381
Astrea,Colombia,,3689458
Armenia,Colombia,,3689560
Arjona,Colombia,,3689570
Ariguaní,Colombia,,3689589
Arauca,Colombia,,3689718
Aracataca,Colombia,,3689759
Apartadó,Colombia,,3689798
Santa Fe de Antioquia,Colombia,,3689816
Anserma,Colombia,,3689833
Andes,Colombia,,3689899
Andalucía,Colombia,,3689905
Anaime,Colombia,,3689952
Albania,Colombia,,3690250
Aguazul,Colombia,,3690316
Aguadas,Colombia,,3690431
Aguachica,Colombia,,3690465
Acacías,Colombia,,3690577
Abejorral,Colombia,,3690592
Morales,Colombia,,3770718
Villa Rica,Colombia,,3770955
Fredonia,Colombia,,3780602
Bosconia,Colombia,,3781636
Carepa,Colombia,,3792375
Ciudad Bolívar,Colombia,,3792376
Tiquisio,Colombia,,3792380
Agustín Codazzi,Colombia,,3792383
San Martín,Colombia,,3792385
Isnos,Colombia,,3792389
Plato,Colombia,,3792392
San José del Guaviare,Colombia,,3828545
Orito,Colombia,,3829343
Piendamo,Colombia,,8633918
Turrialba,Costa Rica,,3621184
Tejar,Costa Rica,,3621335
Siquirres,Costa Rica,,3621440
San Vicente,Costa Rica,,3621505
San Rafael Arriba,Costa Rica,,3621655
San Rafael Abajo,Costa Rica,,3621659
San Rafael,Costa Rica,,3621689
San Pedro,Costa Rica,,3621717
San Pablo,Costa Rica,,3621729
San Miguel,Costa Rica,,3621753
San Juan de Dios,Costa Rica,,3621804
San Juan,Costa Rica,,3621819
San José,Costa Rica,,3621841
San José,Costa Rica,,3621849
San Isidro,Costa Rica,,3621889
San Francisco,Costa Rica,,3621911
San Felipe,Costa Rica,,3621922
San Diego,Costa Rica,,3621926
Quesada,Costa Rica,,3622190
Purral,Costa Rica,,3622217
Puntarenas,Costa Rica,,3622228
Limón,Costa Rica,,3622247
Patarrá,Costa Rica,,3622507
Paraíso,Costa Rica,,3622547
Nicoya,Costa Rica,,3622716
Mercedes Norte,Costa Rica,,3622881
Liberia,Costa Rica,,3623076
Ipís,Costa Rica,,3623394
Heredia,Costa Rica,,3623486
Guápiles,Costa Rica,,3623580
Guadalupe,Costa Rica,,3623593
Esparza,Costa Rica,,3623781
Curridabat,Costa Rica,,3623977
Colima,Costa Rica,,3624174
Chacarita,Costa Rica,,3624288
Cartago,Costa Rica,,3624370
Cañas,Costa Rica,,3624468
Calle Blancos,Costa Rica,,3624509
Aserrí,Costa Rica,,3624848
Alajuela,Costa Rica,,3624955
San Vicente de Moravia,Costa Rica,,6612154
Yara,Cuba,,3533753
Yaguajay,Cuba,,3533826
Viñales,Cuba,,3534094
Víbora Park,Cuba,,3534332
Vertientes,Cuba,,3534363
Venezuela,Cuba,,3534432
Vedado del Cotorro,Cuba,,3534597
Vedado,Cuba,,3534599
Varadero,Cuba,,3534632
San Germán,Cuba,,3534749
Unión de Reyes,Cuba,,3534761
Trinidad,Cuba,,3534915
Sibanicú,Cuba,,3536259
Santo Domingo,Cuba,,3536640
Santiago de las Vegas,Cuba,,3536724
Santiago de Cuba,Cuba,,3536729
Santa Cruz del Sur,Cuba,,3537840
Santa Cruz del Norte,Cuba,,3537845
Santa Clara,Cuba,,3537906
San Miguel del Padrón,Cuba,,3538803
San Luis,Cuba,,3539093
San José de las Lajas,Cuba,,3539560
Sancti Spíritus,Cuba,,3540667
San Cristobal,Cuba,,3540680
San Antonio de los Baños,Cuba,,3540885
Sagua la Grande,Cuba,,3541440
Sagua de Tánamo,Cuba,,3541446
Rodas,Cuba,,3541999
Río Guayabal de Yateras,Cuba,,3542137
Río Cauto,Cuba,,3542167
Remedios,Cuba,,3542455
Regla,Cuba,,3542502
Ranchuelo,Cuba,,3542744
Puerto Padre,Cuba,,3543299
Primero de Enero,Cuba,,3543498
Placetas,Cuba,,3543961
Pinar del Río,Cuba,,3544091
Perico,Cuba,,3544393
Pedro Betancourt,Cuba,,3544607
Palmira,Cuba,,3545040
Palma Soriano,Cuba,,3545064
Nuevitas,Cuba,,3545841
Nueva Gerona,Cuba,,3545867
Niquero,Cuba,,3545981
Naranjito,Cuba,,3546242
Morón,Cuba,,3546434
Moa,Cuba,,3546791
Minas de Matahambre,Cuba,,3546882
Minas,Cuba,,3546894
Media Luna,Cuba,,3547260
Matanzas,Cuba,,3547398
Mariel,Cuba,,3547600
Marianao,Cuba,,3547640
Manzanillo,Cuba,,3547867
Mantilla,Cuba,,3547932
Manicaragua,Cuba,,3547976
Maisí,Cuba,,3548441
Madruga,Cuba,,3548529
Los Palacios,Cuba,,3548993
Limonar,Cuba,,3549835
Víbora,Cuba,,3550209
Las Tunas,Cuba,,3550598
La Sierpe,Cuba,,3551184
La Salud,Cuba,,3551608
Lajas,Cuba,,3553343
Havana,Cuba,,3553478
Jovellanos,Cuba,,3555907
Jobabo,Cuba,,3556077
Jobabo,Cuba,,3556078
Jiguaní,Cuba,,3556168
Jesús Menéndez,Cuba,,3556268
Jatibonico,Cuba,,3556334
Jaruco,Cuba,,3556351
Jagüey Grande,Cuba,,3556437
Holguín,Cuba,,3556969
Guisa,Cuba,,3557332
Güira de Melena,Cuba,,3557347
Güines,Cuba,,3557378
Guantánamo,Cuba,,3557689
Guane,Cuba,,3557758
Guanajay,Cuba,,3557801
Guanabacoa,Cuba,,3557846
Guáimaro,Cuba,,3557923
Gibara,Cuba,,3558315
Fontanar,Cuba,,3558729
Fomento,Cuba,,3558744
Florida,Cuba,,3558771
Florencia,Cuba,,3558792
Esmeralda,Cuba,,3559318
Encrucijada,Cuba,,3559416
Cumanayagua,Cuba,,3562827
Cueto,Cuba,,3562895
Cruces,Cuba,,3563145
Corralillo,Cuba,,3563317
Contramaestre,Cuba,,3563504
Consolación del Sur,Cuba,,3563559
Condado,Cuba,,3563609
Colón,Cuba,,3563843
Colombia,Cuba,,3563856
Cojímar,Cuba,,3563908
Ciro Redondo,Cuba,,3564084
Cifuentes,Cuba,,3564114
Cienfuegos,Cuba,,3564124
Ciego de Ávila,Cuba,,3564178
Chambas,Cuba,,3564394
Cerro,Cuba,,3564436
Cauto Cristo,Cuba,,3564885
Cárdenas,Cuba,,3565432
Campechuela,Cuba,,3565951
Camajuaní,Cuba,,3566054
Camagüey,Cuba,,3566067
Calimete,Cuba,,3566134
Caibarién,Cuba,,3566356
Cacocum,Cuba,,3566429
Cabaiguán,Cuba,,3566603
Bejucal,Cuba,,3567546
Bayamo,Cuba,,3567597
Bauta,Cuba,,3567612
Bartolomé Masó,Cuba,,3567669
Baraguá,Cuba,,3567823
Baracoa,Cuba,,3567834
Banes,Cuba,,3567869
Balcón de la Lisa,Cuba,,3567924
Bahía Honda,Cuba,,3567995
Artemisa,Cuba,,3568312
Arroyo Naranjo,Cuba,,3568342
Amancio,Cuba,,3569024
Alquízar,Cuba,,3569136
Almendares,Cuba,,3569175
Alamar,Cuba,,3569370
Aguada de Pasajeros,Cuba,,3569546
Abreus,Cuba,,3569741
Ciudad Camilo Cienfuegos,Cuba,,3746181
Centro Habana,Cuba,,3746183
La Habana Vieja,Cuba,,3746184
Jimaguayú,Cuba,,3754915
Boyeros,Cuba,,6956647
Diez de Octubre,Cuba,,6956648
Plaza de la Revolución,Cuba,,8393989
Praia,Cabo Verde,,3374333
Mindelo,Cabo Verde,,3374462
Assomada,Cabo Verde,,3374888
Espargos,Cabo Verde,,8521418
Willemstad,Curaçao,,3513090
Flying Fish Cove,Christmas Island,,2078127
Protaras,Cyprus,,18918
Germasógeia,Cyprus,,145963
Stróvolos,Cyprus,,146054
Paphos,Cyprus,,146214
Nicosia,Cyprus,,146268
Mórfou,Cyprus,,146286
Limassol,Cyprus,,146384
Larnaca,Cyprus,,146400
Kyrenia,Cyprus,,146412
Káto Polemídia,Cyprus,,146516
Káto Lakatámeia,Cyprus,,146523
Famagusta,Cyprus,,146617
Aglantziá,Cyprus,,146619
Égkomi,Cyprus,,146638
Aradíppou,Cyprus,,146796
Dvůr Králové nad Labem,Czechia,,3061284
Znojmo,Czechia,,3061344
Zlín,Czechia,,3061370
Žižkov,Czechia,,3061412
Žďár nad Sázavou,Czechia,,3061695
Žatec,Czechia,,3061822
Vyškov,Czechia,,3062283
Vsetín,Czechia,,3062339
Varnsdorf,Czechia,,3063375
Valašské Meziříčí,Czechia,,3063447
Ústí nad Orlicí,Czechia,,3063546
Ústí nad Labem,Czechia,,3063548
Uherský Brod,Czechia,,3063736
Uherské Hradiště,Czechia,,3063739
Trutnov,Czechia,,3063907
Třinec,Czechia,,3064000
Třebíč,Czechia,,3064104
Teplice,Czechia,,3064288
Tábor,Czechia,,3064379
Svitavy,Czechia,,3064454
Šumperk,Czechia,,3064673
Strakonice,Czechia,,3065067
Starý Bohumín,Czechia,,3065281
Sokolov,Czechia,,3065617
Slaný,Czechia,,3065903
Rožnov pod Radhoštěm,Czechia,,3066651
Rakovník,Czechia,,3067051
Prostějov,Czechia,,3067421
Prosek,Czechia,,3067433
Příbram,Czechia,,3067542
Přerov,Czechia,,3067580
Prague,Czechia,,3067696
Pilsen,Czechia,,3068160
Písek,Czechia,,3068293
Pelhřimov,Czechia,,3068445
Pardubice,Czechia,,3068582
Otrokovice,Czechia,,3068690
Ostrov,Czechia,,3068766
Ostrava,Czechia,,3068799
Orlová,Czechia,,3068873
Opava,Czechia,,3068927
Olomouc,Czechia,,3069011
Nový Jičín,Czechia,,3069305
Nové Město,Czechia,,3069467
Neratovice,Czechia,,3069844
Náchod,Czechia,,3070122
Most,Czechia,,3070291
Modřany,Czechia,,3070420
Mladá Boleslav,Czechia,,3070544
Mělník,Czechia,,3070862
Louny,Czechia,,3071507
Litvínov,Czechia,,3071665
Litoměřice,Czechia,,3071677
Liberec,Czechia,,3071961
Libeň,Czechia,,3071966
Letňany,Czechia,,3072137
Kutná Hora,Czechia,,3072463
Kroměříž,Czechia,,3072649
Krnov,Czechia,,3072656
Kralupy nad Vltavou,Czechia,,3072929
Kopřivnice,Czechia,,3073254
Kolín,Czechia,,3073371
Klatovy,Czechia,,3073660
Klášterec nad Ohří,Czechia,,3073668
Kladno,Czechia,,3073699
Karviná,Czechia,,3073789
Karlovy Vary,Czechia,,3073803
Kadaň,Czechia,,3074020
Jirkov,Czechia,,3074110
Jindřichův Hradec,Czechia,,3074149
Jihlava,Czechia,,3074199
Jičín,Czechia,,3074204
Jablonec nad Nisou,Czechia,,3074603
Hranice,Czechia,,3074893
Hradec Králové,Czechia,,3074967
Hodonín,Czechia,,3075654
Havlíčkův Brod,Czechia,,3075919
Havířov,Czechia,,3075921
Frýdek-Místek,Czechia,,3076127
Děčín,Czechia,,3077244
Chrudim,Czechia,,3077539
Chomutov,Czechia,,3077685
Cheb,Czechia,,3077835
Český Těšín,Czechia,,3077882
České Budějovice,Czechia,,3077916
Česká Třebová,Czechia,,3077920
Česká Lípa,Czechia,,3077929
Bruntál,Czechia,,3078545
Brno,Czechia,,3078610
Břeclav,Czechia,,3078773
Braník,Czechia,,3078833
Brandýs nad Labem-Stará Boleslav,Czechia,,3078837
Bohumín,Czechia,,3079129
Blansko,Czechia,,3079273
Bílina,Czechia,,3079348
Beroun,Czechia,,3079467
Benešov,Czechia,,3079508
Černý Most,Czechia,,6269470
Zwickau,Germany,,2803560
Zweibrücken,Germany,,2803620
Zülpich,Germany,,2803723
Zossen,Germany,,2803870
Zittau,Germany,,2804008
Zirndorf,Germany,,2804034
Zerbst,Germany,,2804748
Zeitz,Germany,,2804922
Zehlendorf,Germany,,2805059
Xanten,Germany,,2805385
Wurzen,Germany,,2805597
Würzburg,Germany,,2805615
Würselen,Germany,,2805644
Wuppertal,Germany,,2805753
Wunstorf,Germany,,2805761
Wülfrath,Germany,,2805910
Wörth am Rhein,Germany,,2806081
Worms,Germany,,2806142
Wolfsburg,Germany,,2806654
Wolfratshausen,Germany,,2806768
Wolfenbüttel,Germany,,2806914
Wolfen,Germany,,2806919
Witzenhausen,Germany,,2807184
Wittstock,Germany,,2807201
Wittmund,Germany,,2807218
Wittlich,Germany,,2807240
Wittenberge,Germany,,2807344
Wittenau,Germany,,2807360
Witten,Germany,,2807363
Wismar,Germany,,2807465
Wipperfürth,Germany,,2807594
Winterhude,Germany,,2807748
Winsen,Germany,,2807845
Winnenden,Germany,,2807872
Wilnsdorf,Germany,,2808461
Wilmersdorf,Germany,,2808473
Willich,Germany,,2808559
Wilhelmstadt,Germany,,2808662
Wilhelmshaven,Germany,,2808720
Wilhelmsburg,Germany,,2808747
Wildeshausen,Germany,,2808893
Wiesloch,Germany,,2809138
Wiesbaden,Germany,,2809346
Wiehl,Germany,,2809517
Wetzlar,Germany,,2809889
Wetter,Germany,,2809984
Westerstede,Germany,,2810188
Westend,Germany,,2810538
Wesseling,Germany,,2810612
Wesel,Germany,,2810678
Petersberg,Germany,,2810706
Wertheim,Germany,,2810716
Wersten,Germany,,2810730
Wernigerode,Germany,,2810808
Werne,Germany,,2810833
Wermelskirchen,Germany,,2810855
Werl,Germany,,2810878
Werdohl,Germany,,2810919
Werder,Germany,,2810945
Werdau,Germany,,2810969
Wendlingen am Neckar,Germany,,2811204
Wenden,Germany,,2811278
Wendelstein,Germany,,2811292
Weiterstadt,Germany,,2811644
Weißwasser,Germany,,2811698
Weißenfels,Germany,,2811899
Weißenburg in Bayern,Germany,,2811909
Weinstadt-Endersbach,Germany,,2812145
Weinheim,Germany,,2812174
Weingarten,Germany,,2812204
Weimar,Germany,,2812482
Weilheim,Germany,,2812515
Weilerswist,Germany,,2812522
Weil der Stadt,Germany,,2812625
Weil am Rhein,Germany,,2812636
Weiden,Germany,,2813040
Weißensee,Germany,,2813187
Wegberg,Germany,,2813390
Weener,Germany,,2813433
Wedel,Germany,,2813464
Wedding,Germany,,2813472
Wassenberg,Germany,,2813786
Warstein,Germany,,2814005
Warendorf,Germany,,2814127
Waren,Germany,,2814131
Wardenburg,Germany,,2814146
Warburg,Germany,,2814153
Wangen,Germany,,2814270
Wandlitz,Germany,,2814305
Waltrop,Germany,,2814362
Walsrode,Germany,,2814462
Wallenhorst,Germany,,2814632
Waldshut-Tiengen,Germany,,2814791
Waldkraiburg,Germany,,2814874
Waldkirch,Germany,,2814883
Waldbröl,Germany,,2815137
Waiblingen,Germany,,2815330
Waghäusel,Germany,,2815487
Wadgassen,Germany,,2815559
Wadern,Germany,,2815565
Wachtberg,Germany,,2815678
Vreden,Germany,,2815824
Volksdorf,Germany,,2816607
Völklingen,Germany,,2816630
Voerde,Germany,,2817065
Vlotho,Germany,,2817105
Vilshofen,Germany,,2817202
Villingen-Schwenningen,Germany,,2817220
Viersen,Germany,,2817311
Viernheim,Germany,,2817324
Versmold,Germany,,2817537
Verl,Germany,,2817576
Verden,Germany,,2817599
Velbert,Germany,,2817724
Vegesack,Germany,,2817783
Vechta,Germany,,2817812
Vechelde,Germany,,2817813
Vaterstetten,Germany,,2817818
Varel,Germany,,2817873
Vaihingen an der Enz,Germany,,2817927
Uetersen,Germany,,2818067
Uslar,Germany,,2818094
Unterschleißheim,Germany,,2818766
Unterhaching,Germany,,2819465
Unterkrozingen,Germany,,2819974
Unna,Germany,,2820087
Ulm,Germany,,2820256
Uerdingen,Germany,,2820447
Uelzen,Germany,,2820456
Überlingen,Germany,,2820577
Übach-Palenberg,Germany,,2820621
Tuttlingen,Germany,,2820693
Tübingen,Germany,,2820860
Trossingen,Germany,,2820973
Troisdorf,Germany,,2821029
Trier,Germany,,2821164
Traunstein,Germany,,2821515
Traunreut,Germany,,2821517
Torgau,Germany,,2821807
Tönisvorst,Germany,,2821899
Tettnang,Germany,,2823368
Templin,Germany,,2823533
Tempelhof,Germany,,2823538
Teltow,Germany,,2823567
Telgte,Germany,,2823590
Tegel,Germany,,2823708
Taunusstein,Germany,,2823799
Taufkirchen,Germany,,2823812
Syke,Germany,,2824461
Sundern,Germany,,2824655
Sulzbach-Rosenberg,Germany,,2824801
Sulzbach,Germany,,2824841
Suhl,Germany,,2824948
Stuttgart,Germany,,2825297
Stuhr,Germany,,2825422
Strausberg,Germany,,2826082
Straubing,Germany,,2826099
Stralsund,Germany,,2826287
Straelen,Germany,,2826304
Stolberg,Germany,,2826595
Stockelsdorf,Germany,,2826861
Stockach,Germany,,2826909
Stendal,Germany,,2827479
Stellingen,Germany,,2827552
Steinhagen,Germany,,2828050
Steinfurt,Germany,,2828105
Steilshoop,Germany,,2828994
Steglitz,Germany,,2829109
Staßfurt,Germany,,2829422
Starnberg,Germany,,2829457
Stadtlohn,Germany,,2829758
Stadthagen,Germany,,2829777
Stadtallendorf,Germany,,2829804
Stade,Germany,,2829901
Staaken,Germany,,2829962
Sprockhövel,Germany,,2829998
Springe,Germany,,2830035
Speyer,Germany,,2830582
Spenge,Germany,,2830637
Sonthofen,Germany,,2831088
Sonneberg,Germany,,2831250
Sondershausen,Germany,,2831276
Sömmerda,Germany,,2831403
Soltau,Germany,,2831486
Solingen,Germany,,2831580
Soest,Germany,,2831708
Sinzig,Germany,,2831852
Sinsheim,Germany,,2831872
Singen,Germany,,2831924
Sindelfingen,Germany,,2831948
Simmerath,Germany,,2832023
Sigmaringen,Germany,,2832232
Siegen,Germany,,2832495
Siegburg,Germany,,2832521
Langenhorn,Germany,,2832561
Senftenberg,Germany,,2833073
Senden,Germany,,2833079
Senden,Germany,,2833080
Selm,Germany,,2833170
Seligenstadt,Germany,,2833242
Selb,Germany,,2833296
Sehnde,Germany,,2833475
Seevetal,Germany,,2833564
Seesen,Germany,,2833592
Seelze,Germany,,2833641
Schwetzingen,Germany,,2834240
Schwerte,Germany,,2834265
Schwerin,Germany,,2834282
Schwelm,Germany,,2834372
Schweinfurt,Germany,,2834498
Schwedt (Oder),Germany,,2834629
Schwarzenberg,Germany,,2834978
Schwanewede,Germany,,2835260
Schwandorf in Bayern,Germany,,2835297
Schwalmtal,Germany,,2835342
Schwalmstadt,Germany,,2835345
Schwalbach,Germany,,2835382
Schwäbisch Hall,Germany,,2835481
Schwäbisch Gmünd,Germany,,2835482
Schwabach,Germany,,2835537
Schrobenhausen,Germany,,2836084
Schramberg,Germany,,2836203
Schortens,Germany,,2836282
Schorndorf,Germany,,2836320
Schopfheim,Germany,,2836413
Schöneberg,Germany,,2836788
Schönebeck,Germany,,2836809
Schneverdingen,Germany,,2837291
Schnelsen,Germany,,2837343
Schneeberg,Germany,,2837470
Schmelz,Germany,,2837954
Schmargendorf,Germany,,2838009
Schmallenberg,Germany,,2838053
Schmalkalden,Germany,,2838059
Schlüchtern,Germany,,2838201
Schleswig,Germany,,2838634
Schkeuditz,Germany,,2839050
Schiffweiler,Germany,,2839316
Schifferstadt,Germany,,2839335
Bad Saulgau,Germany,,2841125
Sasel,Germany,,2841374
Sarstedt,Germany,,2841386
Sankt Wendel,Germany,,2841463
Sankt Ingbert,Germany,,2841590
Sankt Augustin,Germany,,2841648
Sangerhausen,Germany,,2841693
Salzwedel,Germany,,2842112
Salzkotten,Germany,,2842131
Salzgitter,Germany,,2842150
Saarlouis,Germany,,2842632
Saarbrücken,Germany,,2842647
Saalfeld,Germany,,2842688
Rüsselsheim am Main,Germany,,2842884
Rummelsburg,Germany,,2843106
Rudow,Germany,,2843350
Rudolstadt,Germany,,2843355
Rottweil,Germany,,2843636
Rottenburg,Germany,,2843729
Rotherbaum,Germany,,2843965
Roth,Germany,,2844265
Rotenburg,Germany,,2844437
Rostock,Germany,,2844588
Rösrath,Germany,,2844862
Rosenheim,Germany,,2844988
Ronnenberg,Germany,,2845222
Rissen,Germany,,2846455
Rinteln,Germany,,2846523
Rietberg,Germany,,2846843
Riesa,Germany,,2846939
Riegelsberg,Germany,,2847033
Ribnitz-Damgarten,Germany,,2847524
Rheinhausen,Germany,,2847631
Rheinfelden,Germany,,2847639
Rheine,Germany,,2847645
Rheinberg,Germany,,2847662
Rheinbach,Germany,,2847666
Rhede,Germany,,2847689
Rheda-Wiedenbrück,Germany,,2847690
Reutlingen,Germany,,2847736
Renningen,Germany,,2848175
Rendsburg,Germany,,2848245
Remscheid,Germany,,2848273
Remagen,Germany,,2848335
Reinickendorf,Germany,,2848756
Reinheim,Germany,,2848762
Reinbek,Germany,,2848845
Reichenbach/Vogtland,Germany,,2849156
Regensburg,Germany,,2849483
Rees,Germany,,2849548
Recklinghausen,Germany,,2849647
Ravensburg,Germany,,2849802
Ratingen,Germany,,2850174
Rathenow,Germany,,2850213
Ratekau,Germany,,2850235
Rastede,Germany,,2850253
Rastatt,Germany,,2850257
Rahlstedt,Germany,,2850872
Rahden,Germany,,2850887
Radolfzell,Germany,,2850954
Radevormwald,Germany,,2850995
Radebeul,Germany,,2851077
Radeberg,Germany,,2851079
Quickborn,Germany,,2851343
Quedlinburg,Germany,,2851465
Püttlingen,Germany,,2851584
Pulheim,Germany,,2851746
Puchheim,Germany,,2851782
Prenzlauer Berg,Germany,,2852217
Prenzlau,Germany,,2852218
Preetz,Germany,,2852280
Potsdam,Germany,,2852458
Porz am Rhein,Germany,,2852566
Porta Westfalica,Germany,,2852577
Poppenbüttel,Germany,,2852673
Plettenberg,Germany,,2853209
Plauen,Germany,,2853292
Pirna,Germany,,2853572
Pirmasens,Germany,,2853574
Pinneberg,Germany,,2853658
Pfungstadt,Germany,,2853924
Pfullingen,Germany,,2853928
Pforzheim,Germany,,2853969
Pfaffenhofen an der Ilm,Germany,,2854386
Petershagen,Germany,,2854655
Penzberg,Germany,,2854923
Peine,Germany,,2855047
Passau,Germany,,2855328
Pasing,Germany,,2855334
Parchim,Germany,,2855441
Papenburg,Germany,,2855525
Pankow,Germany,,2855598
Paderborn,Germany,,2855745
Oyten,Germany,,2855794
Overath,Germany,,2855859
Ottweiler,Germany,,2855917
Ottobrunn bei München,Germany,,2855935
Ottensen,Germany,,2856075
Othmarschen,Germany,,2856163
Osterholz-Scharmbeck,Germany,,2856500
Osnabrück,Germany,,2856883
Osdorf,Germany,,2856915
Oschersleben,Germany,,2856930
Oschatz,Germany,,2856944
Oranienburg,Germany,,2857129
Opladen,Germany,,2857185
Olsberg,Germany,,2857291
Olpe,Germany,,2857306
Oldenburg,Germany,,2857458
Olching,Germany,,2857472
Öhringen,Germany,,2857565
Offenburg,Germany,,2857798
Offenbach,Germany,,2857807
Oerlinghausen,Germany,,2857900
Oer-Erkenschwick,Germany,,2857904
Oelde,Germany,,2857943
Odenthal,Germany,,2858103
Ochtrup,Germany,,2858245
Oberursel,Germany,,2858738
Obertshausen,Germany,,2858763
Oberschöneweide,Germany,,2859103
Ober-Ramstadt,Germany,,2859380
Oberkirch,Germany,,2860080
Oberhausen,Germany,,2860410
Oberasbach,Germany,,2861402
Nürtingen,Germany,,2861632
Nürnberg,Germany,,2861650
Nümbrecht,Germany,,2861677
Nottuln,Germany,,2861733
Northeim,Germany,,2861814
Nördlingen,Germany,,2861914
Nordhorn,Germany,,2861934
Nordhausen,Germany,,2861982
Norderstedt,Germany,,2862026
Nordenham,Germany,,2862104
Norden,Germany,,2862118
Nippes,Germany,,2862375
Niendorf,Germany,,2862606
Nienburg,Germany,,2862620
Niederschönhausen,Germany,,2862888
Niederkrüchten,Germany,,2863199
Niederkassel,Germany,,2863223
Nieder-Ingelheim,Germany,,2863240
Nidderau,Germany,,2863712
Nidda,Germany,,2863716
Neu Wulmstorf,Germany,,2863795
Neuwied,Germany,,2863840
Neu-Ulm,Germany,,2863941
Neustrelitz,Germany,,2864005
Neustadt in Holstein,Germany,,2864034
Neustadt bei Coburg,Germany,,2864053
Neustadt an der Weinstraße,Germany,,2864054
Neustadt am Rübenberge,Germany,,2864058
Neue Neustadt,Germany,,2864072
Neuss,Germany,,2864118
Neuruppin,Germany,,2864276
Neunkirchen,Germany,,2864435
Neumünster,Germany,,2864475
Neumarkt in der Oberpfalz,Germany,,2864549
Neukölln,Germany,,2864695
Neu-Isenburg,Germany,,2864820
Neugraben-Fischbek,Germany,,2865260
Neufahrn bei Freising,Germany,,2865376
Neuenhagen,Germany,,2865716
Neuburg an der Donau,Germany,,2866070
Neubrück,Germany,,2866110
Neubrandenburg,Germany,,2866135
Neu-Anspach,Germany,,2866280
Nettetal,Germany,,2866333
Netphen,Germany,,2866375
Neckarsulm,Germany,,2866758
Naumburg,Germany,,2866906
Nauen,Germany,,2866930
Nagold,Germany,,2867164
Munster,Germany,,2867542
Münster,Germany,,2867543
Hannoversch Münden,Germany,,2867613
Munich,Germany,,2867714
Müllheim,Germany,,2867770
Mülheim,Germany,,2867838
Mühlheim am Main,Germany,,2867985
Stuttgart Mühlhausen,Germany,,2867993
Mühlhausen,Germany,,2867996
Mühldorf,Germany,,2868506
Mühlacker,Germany,,2868788
Much,Germany,,2868936
Mössingen,Germany,,2869019
Mosbach,Germany,,2869120
Moosburg,Germany,,2869449
Monheim am Rhein,Germany,,2869791
Mönchengladbach,Germany,,2869894
Mölln,Germany,,2869994
Moers,Germany,,2870221
Moabit,Germany,,2870310
Mittweida,Germany,,2870318
Minden,Germany,,2871039
Michelstadt,Germany,,2871284
Metzingen,Germany,,2871486
Mettmann,Germany,,2871535
Meschede,Germany,,2871668
Merzig,Germany,,2871675
Merseburg,Germany,,2871736
Meppen,Germany,,2871845
Menden,Germany,,2871983
Memmingen,Germany,,2871992
Melle,Germany,,2872079
Meissen,Germany,,2872155
Meiningen,Germany,,2872225
Meinerzhagen,Germany,,2872237
Meiderich,Germany,,2872347
Meerbusch,Germany,,2872504
Meerane,Germany,,2872519
Meckenheim,Germany,,2872582
Mechernich,Germany,,2872611
Mayen,Germany,,2872649
Marzahn,Germany,,2873074
Marsberg,Germany,,2873211
Marl,Germany,,2873263
Marktredwitz,Germany,,2873289
Marktoberdorf,Germany,,2873291
Markkleeberg,Germany,,2873352
Märkisches Viertel,Germany,,2873356
Marienfelde,Germany,,2873589
Mariendorf,Germany,,2873606
Marienberg,Germany,,2873632
Marburg an der Lahn,Germany,,2873759
Marbach am Neckar,Germany,,2873776
Mannheim,Germany,,2873891
Mainz,Germany,,2874225
Maintal,Germany,,2874230
Mahlsdorf,Germany,,2874455
Magdeburg,Germany,,2874545
Lurup,Germany,,2875023
Lünen,Germany,,2875107
Lüneburg,Germany,,2875115
Ludwigshafen am Rhein,Germany,,2875376
Ludwigsfelde,Germany,,2875379
Ludwigsburg,Germany,,2875392
Lüdinghausen,Germany,,2875417
Lüdenscheid,Germany,,2875457
Luckenwalde,Germany,,2875484
Lübeck,Germany,,2875601
Lubnjow,Germany,,2875623
Lübbecke,Germany,,2875626
Loxstedt,Germany,,2875645
Losheim,Germany,,2875831
Loschwitz,Germany,,2875846
Lörrach,Germany,,2875881
Lohr am Main,Germany,,2876147
Lohne,Germany,,2876185
Löhne,Germany,,2876187
Lohmar,Germany,,2876218
Löbtau,Germany,,2876683
Löbau,Germany,,2876755
Lippstadt,Germany,,2876865
Lingen,Germany,,2877088
Lindlar,Germany,,2877142
Lindau,Germany,,2877550
Limburg an der Lahn,Germany,,2877648
Limbach-Oberfrohna,Germany,,2877673
Lilienthal,Germany,,2877709
Lichterfelde,Germany,,2878018
Lichtenrade,Germany,,2878044
Lichtenfels,Germany,,2878074
Lichtenberg,Germany,,2878102
Leverkusen,Germany,,2878234
Leutkirch,Germany,,2878270
Leuben,Germany,,2878396
Leopoldshöhe,Germany,,2878673
Leonberg,Germany,,2878695
Lennestadt,Germany,,2878784
Lengerich,Germany,,2878840
Lemgo,Germany,,2878943
Leipzig,Germany,,2879139
Leinfelden-Echterdingen,Germany,,2879185
Leimen,Germany,,2879241
Leichlingen,Germany,,2879315
Lehrte,Germany,,2879367
Leer,Germany,,2879697
Lebach,Germany,,2879832
Laupheim,Germany,,2880077
Lauf an der Pegnitz,Germany,,2880144
Lauchhammer,Germany,,2880221
Lankwitz,Germany,,2880498
Langenhagen,Germany,,2881062
Langenfeld,Germany,,2881085
Langen,Germany,,2881276
Langen,Germany,,2881279
Landshut,Germany,,2881485
Landsberg am Lech,Germany,,2881509
Landau in der Pfalz,Germany,,2881646
Lampertheim,Germany,,2881695
Lahr,Germany,,2881885
Lahnstein,Germany,,2881889
Lage,Germany,,2881956
Laatzen,Germany,,2882087
Bad Laasphe,Germany,,2882091
Kürten,Germany,,2882318
Künzelsau,Germany,,2882439
Künzell,Germany,,2882440
Kulmbach,Germany,,2882588
Kronberg,Germany,,2883754
Kronach,Germany,,2883784
Kreuztal,Germany,,2884050
Kreuzberg,Germany,,2884161
Kreuzau,Germany,,2884245
Krefeld,Germany,,2884509
Köthen,Germany,,2885237
Korschenbroich,Germany,,2885397
Kornwestheim,Germany,,2885408
Korntal,Germany,,2885412
Korbach,Germany,,2885536
Köpenick,Germany,,2885656
Berlin Köpenick,Germany,,2885657
Konz,Germany,,2885672
Konstanz,Germany,,2885679
Königs Wusterhausen,Germany,,2885732
Königswinter,Germany,,2885734
Königstein im Taunus,Germany,,2885760
Königslutter am Elm,Germany,,2885800
Königsbrunn,Germany,,2885908
Köln,Germany,,2886242
Kolbermoor,Germany,,2886446
Koblenz,Germany,,2886946
Klotzsche,Germany,,2887366
Klingenstein,Germany,,2887716
Kleve,Germany,,2887835
Kleinzschocher,Germany,,2887933
Kleinmachnow,Germany,,2888523
Kladow,Germany,,2890136
Kitzingen,Germany,,2890158
Kirchlengern,Germany,,2890425
Kirchheim unter Teck,Germany,,2890473
Kirchhain,Germany,,2890504
Kierspe,Germany,,2891014
Kiel,Germany,,2891122
Kevelaer,Germany,,2891258
Kerpen,Germany,,2891524
Kempten (Allgäu),Germany,,2891621
Kempen,Germany,,2891643
Kelkheim,Germany,,2891832
Kelheim,Germany,,2891834
Kehl,Germany,,2891951
Kaulsdorf,Germany,,2892051
Kaufbeuren,Germany,,2892080
Kassel,Germany,,2892518
Karow,Germany,,2892705
Karlstadt,Germany,,2892786
Karlsruhe,Germany,,2892794
Karlshorst,Germany,,2892811
Karlsfeld,Germany,,2892874
Karben,Germany,,2892980
Kamp-Lintfort,Germany,,2893264
Kamenz,Germany,,2893437
Kamen,Germany,,2893438
Kaltenkirchen,Germany,,2893544
Kaiserslautern,Germany,,2894003
Kaarst,Germany,,2894375
Jülich,Germany,,2894553
Jüchen,Germany,,2894637
Johannisthal,Germany,,2894755
Jena,Germany,,2895044
Itzehoe,Germany,,2895569
Isernhagen Farster Bauerschaft,Germany,,2895664
Iserlohn,Germany,,2895669
Ingolstadt,Germany,,2895992
Ingelheim am Rhein,Germany,,2896020
Ilmenau,Germany,,2896514
Illingen,Germany,,2896538
Illertissen,Germany,,2896546
Idstein,Germany,,2896736
Idar-Oberstein,Germany,,2896753
Ibbenbueren,Germany,,2896817
Husum,Germany,,2897132
Hürth,Germany,,2897216
Hünfeld,Germany,,2897436
Hummelsbüttel,Germany,,2897674
Humboldtkolonie,Germany,,2897732
Hude,Germany,,2898079
Hückeswagen,Germany,,2898098
Hückelhoven,Germany,,2898111
Hoyerswerda,Germany,,2898304
Höxter,Germany,,2898321
Hövelhof,Germany,,2898364
Hörstel,Germany,,2898603
Horn,Germany,,2898917
Horb am Neckar,Germany,,2899101
Homburg,Germany,,2899449
Holzwickede,Germany,,2899538
Holzminden,Germany,,2899601
Holzkirchen,Germany,,2899676
Hohenstein-Ernstthal,Germany,,2901420
Hohen Neuendorf,Germany,,2901588
Hofheim am Taunus,Germany,,2902533
Hofgeismar,Germany,,2902559
Hof,Germany,,2902768
Hockenheim,Germany,,2902852
Hochheim am Main,Germany,,2903175
Hochfeld,Germany,,2903237
Hille,Germany,,2904725
Hildesheim,Germany,,2904789
Hilden,Germany,,2904795
Hilchenbach,Germany,,2904808
Hiddenhausen,Germany,,2904886
Heusweiler,Germany,,2904985
Heusenstamm,Germany,,2904992
Hettstedt,Germany,,2905206
Hessisch Oldendorf,Germany,,2905290
Herzogenrath,Germany,,2905455
Herzogenaurach,Germany,,2905457
Herten,Germany,,2905560
Herrenberg,Germany,,2905826
Herne,Germany,,2905891
Hermsdorf,Germany,,2905904
Herford,Germany,,2906121
Herdecke,Germany,,2906152
Herborn,Germany,,2906199
Heppenheim an der Bergstrasse,Germany,,2906268
Hennigsdorf,Germany,,2906331
Hennef (Sieg),Germany,,2906376
Hemmingen,Germany,,2906530
Hemer,Germany,,2906595
Helmstedt,Germany,,2906676
Hellersdorf,Germany,,2906809
Heinsberg,Germany,,2907201
Heilbad Heiligenstadt,Germany,,2907545
Heiligensee,Germany,,2907551
Heiligenhaus,Germany,,2907585
Heilbronn,Germany,,2907669
Heidenheim an der Brenz,Germany,,2907851
Heidenau,Germany,,2907887
Heidelberg,Germany,,2907911
Heide,Germany,,2908032
Hechingen,Germany,,2908495
Hausbruch,Germany,,2908942
Hattingen,Germany,,2909230
Hattersheim,Germany,,2909240
Haßloch,Germany,,2909313
Haselhorst,Germany,,2909794
Harvestehude,Germany,,2909972
Harsewinkel,Germany,,2910278
Haren,Germany,,2910514
Harburg,Germany,,2910685
Hannover,Germany,,2910831
Hanau am Main,Germany,,2911007
Hamminkeln,Germany,,2911051
Hamm,Germany,,2911234
Hamm,Germany,,2911240
Hameln,Germany,,2911271
Wandsbek,Germany,,2911285
Marienthal,Germany,,2911287
Hamburg-Mitte,Germany,,2911288
Eimsbüttel,Germany,,2911293
Altona,Germany,,2911296
Hamburg,Germany,,2911298
Halver,Germany,,2911384
Haltern am See,Germany,,2911395
Halstenbek,Germany,,2911408
Halle,Germany,,2911520
Halle (Saale),Germany,,2911522
Haldensleben I,Germany,,2911584
Halberstadt,Germany,,2911665
Hakenfelde,Germany,,2911710
Haiger,Germany,,2911964
Hagen,Germany,,2912621
Haar,Germany,,2913192
Haan,Germany,,2913195
Gütersloh,Germany,,2913366
Güstrow,Germany,,2913433
Gunzenhausen,Germany,,2913537
Günzburg,Germany,,2913555
Gummersbach,Germany,,2913761
Guben,Germany,,2913922
Großzschocher,Germany,,2914796
Groß-Umstadt,Germany,,2914929
Großostheim,Germany,,2915196
Groß-Gerau,Germany,,2915613
Großenhain,Germany,,2916630
Gronau,Germany,,2917138
Gröbenzell,Germany,,2917221
Grimma,Germany,,2917325
Griesheim,Germany,,2917412
Grevenbroich,Germany,,2917540
Greven,Germany,,2917544
Greiz,Germany,,2917737
Greifswald,Germany,,2917788
Grefrath,Germany,,2917816
Göttingen,Germany,,2918632
Gotha,Germany,,2918752
Goslar,Germany,,2918840
Görlitz,Germany,,2918987
Gorbitz,Germany,,2919039
Göppingen,Germany,,2919054
Gohlis,Germany,,2919502
Goch,Germany,,2919625
Glinde,Germany,,2919880
Glauchau,Germany,,2920020
Gladbeck,Germany,,2920236
Ginsheim-Gustavsburg,Germany,,2920329
Gilching,Germany,,2920433
Gifhorn,Germany,,2920478
Gießen,Germany,,2920512
Giengen an der Brenz,Germany,,2920620
Gevelsberg,Germany,,2920757
Gesundbrunnen,Germany,,2920789
Geseke,Germany,,2920834
Gescher,Germany,,2920842
Gersthofen,Germany,,2920891
Germersheim,Germany,,2921034
Germering,Germany,,2921039
Gerlingen,Germany,,2921061
Geretsried,Germany,,2921139
Gera,Germany,,2921232
Georgsmarienhütte,Germany,,2921242
Gelsenkirchen,Germany,,2921466
Gelnhausen,Germany,,2921473
Geldern,Germany,,2921528
Geislingen an der Steige,Germany,,2921653
Geilenkirchen,Germany,,2921837
Geesthacht,Germany,,2922102
Gauting,Germany,,2922230
Garmisch-Partenkirchen,Germany,,2922530
Garching,Germany,,2922582
Garbsen,Germany,,2922586
Ganderkesee,Germany,,2922731
Gaggenau,Germany,,2923362
Füssen,Germany,,2923507
Fürth,Germany,,2923544
Fürstenwalde,Germany,,2923588
Fürstenfeldbruck,Germany,,2923625
Fulda,Germany,,2923822
Fröndenberg,Germany,,2924206
Frohnau,Germany,,2924302
Friesoythe,Germany,,2924360
Friedrichshain,Germany,,2924573
Friedrichshagen,Germany,,2924577
Friedrichshafen,Germany,,2924585
Friedrichsfelde,Germany,,2924599
Friedrichsdorf,Germany,,2924625
Friedenau,Germany,,2924770
Friedberg,Germany,,2924802
Friedberg,Germany,,2924803
Freudenstadt,Germany,,2924894
Freudenberg,Germany,,2924915
Freital,Germany,,2925017
Freising,Germany,,2925034
Freilassing,Germany,,2925080
Freiburg,Germany,,2925177
Freiberg am Neckar,Germany,,2925189
Freiberg,Germany,,2925192
Frechen,Germany,,2925259
Frankfurt am Main,Germany,,2925533
Frankfurt (Oder),Germany,,2925535
Frankenthal,Germany,,2925550
Frankenberg,Germany,,2925629
Frankenberg,Germany,,2925630
Forst,Germany,,2925832
Forchheim,Germany,,2925910
Flörsheim,Germany,,2926120
Flensburg,Germany,,2926271
Fischeln,Germany,,2926565
Finsterwalde,Germany,,2926670
Stuttgart Feuerbach,Germany,,2927043
Fellbach,Germany,,2927268
Falkensee,Germany,,2927930
Eving,Germany,,2928313
Eutin,Germany,,2928381
Euskirchen,Germany,,2928396
Ettlingen,Germany,,2928615
Esslingen,Germany,,2928751
Essen,Germany,,2928810
Espelkamp,Germany,,2928874
Eschweiler,Germany,,2928963
Eschwege,Germany,,2928967
Eschborn,Germany,,2929134
Erwitte,Germany,,2929247
Erlangen,Germany,,2929567
Erkrath,Germany,,2929600
Erkelenz,Germany,,2929622
Erfurt,Germany,,2929670
Erftstadt,Germany,,2929671
Erding,Germany,,2929715
Eppingen,Germany,,2929831
Eppendorf,Germany,,2929853
Eppelborn,Germany,,2929865
Ennigerloh,Germany,,2930030
Ennepetal,Germany,,2930043
Enger,Germany,,2930182
Engelskirchen,Germany,,2930216
Emsdetten,Germany,,2930449
Emmerich,Germany,,2930509
Emmendingen,Germany,,2930523
Emden,Germany,,2930596
Eltville,Germany,,2930646
Elsdorf,Germany,,2930778
Elmshorn,Germany,,2930821
Ellwangen,Germany,,2930889
Eitorf,Germany,,2931361
Eißendorf,Germany,,2931396
Eislingen,Germany,,2931414
Eisenhüttenstadt,Germany,,2931481
Eisenach,Germany,,2931574
Einbeck,Germany,,2931804
Eilenburg,Germany,,2931871
Eilbek,Germany,,2931877
Ehingen,Germany,,2932924
Eggenstein-Leopoldshafen,Germany,,2933101
Edewecht,Germany,,2933364
Eckernförde,Germany,,2933627
Eberswalde,Germany,,2933882
Ebersbach an der Fils,Germany,,2933959
Eberbach,Germany,,2934020
Düsseldorf,Germany,,2934246
Düren,Germany,,2934486
Dülmen,Germany,,2934662
Duisburg,Germany,,2934691
Duderstadt,Germany,,2934728
Dresden,Germany,,2935022
Drensteinfurt,Germany,,2935042
Dreieich,Germany,,2935220
Dotzheim,Germany,,2935414
Dortmund,Germany,,2935517
Dorsten,Germany,,2935530
Dormagen,Germany,,2935825
Donauwörth,Germany,,2936253
Donaueschingen,Germany,,2936267
Döbeln,Germany,,2936658
Ditzingen,Germany,,2936705
Dinslaken,Germany,,2936871
Dingolfing,Germany,,2936909
Dillingen an der Donau,Germany,,2936974
Dillingen,Germany,,2936977
Dillenburg,Germany,,2936985
Dietzenbach,Germany,,2937040
Diepholz,Germany,,2937317
Dieburg,Germany,,2937591
Deutz,Germany,,2937790
Detmold,Germany,,2937936
Dessau,Germany,,2937959
Delmenhorst,Germany,,2938323
Delitzsch,Germany,,2938376
Delbrück,Germany,,2938389
Deggendorf,Germany,,2938540
Datteln,Germany,,2938784
Darmstadt,Germany,,2938913
Damme,Germany,,2939167
Dahlem,Germany,,2939440
Dachau,Germany,,2939623
Cuxhaven,Germany,,2939658
Crimmitschau,Germany,,2939747
Crailsheim,Germany,,2939797
Cottbus,Germany,,2939811
Coswig,Germany,,2939820
Coesfeld,Germany,,2939945
Coburg,Germany,,2939951
Cloppenburg,Germany,,2939969
Clausthal-Zellerfeld,Germany,,2939995
Chemnitz,Germany,,2940132
Charlottenburg,Germany,,2940187
Cham,Germany,,2940204
Celle,Germany,,2940213
Castrop-Rauxel,Germany,,2940231
Calw,Germany,,2940383
Buxtehude,Germany,,2940451
Butzbach,Germany,,2940512
Bürstadt,Germany,,2940938
Burscheid,Germany,,2940942
Burghausen,Germany,,2941279
Burgdorf,Germany,,2941405
Burg bei Magdeburg,Germany,,2941501
Büren,Germany,,2941570
Bünde,Germany,,2941694
Bühl,Germany,,2941976
Büdingen,Germany,,2942073
Buckow,Germany,,2942122
Bückeburg,Germany,,2942159
Buchholz in der Nordheide,Germany,,2942323
Französisch Buchholz,Germany,,2942341
Buchen in Odenwald,Germany,,2942634
Brühl,Germany,,2943320
Brüggen,Germany,,2943336
Bruckmühl,Germany,,2943408
Bruchsal,Germany,,2943560
Bruchköbel,Germany,,2943573
Britz,Germany,,2944027
Brilon,Germany,,2944079
Bretten,Germany,,2944200
Bremervörde,Germany,,2944354
Bremerhaven,Germany,,2944368
Bremen,Germany,,2944388
Braunschweig,Germany,,2945024
Brandenburg an der Havel,Germany,,2945358
Bramsche,Germany,,2945474
Brakel,Germany,,2945542
Brake (Unterweser),Germany,,2945545
Brackenheim,Germany,,2945591
Bottrop,Germany,,2945756
Bornheim,Germany,,2946111
Borna,Germany,,2946172
Borken,Germany,,2946228
Boppard,Germany,,2946366
Bonn,Germany,,2946447
Bönen,Germany,,2946478
Bogenhausen,Germany,,2947022
Bockum,Germany,,2947214
Bochum,Germany,,2947416
Bocholt,Germany,,2947421
Böblingen,Germany,,2947444
Bobingen,Germany,,2947449
Blomberg,Germany,,2947641
Blieskastel,Germany,,2947739
Blasewitz,Germany,,2948000
Blankenburg,Germany,,2948071
Bitterfeld-Wolfen,Germany,,2948164
Bingen am Rhein,Germany,,2948825
Billstedt,Germany,,2948917
Bietigheim-Bissingen,Germany,,2949012
Biesdorf,Germany,,2949073
Bielefeld,Germany,,2949186
Biebrich,Germany,,2949235
Biberach an der Riß,Germany,,2949423
Bexbach,Germany,,2949470
Beverungen,Germany,,2949475
Bernburg,Germany,,2950073
Bernau bei Berlin,Germany,,2950096
Berlin,Germany,,2950159
Bergneustadt,Germany,,2950294
Bergkamen,Germany,,2950344
Bergisch Gladbach,Germany,,2950349
Bergheim,Germany,,2950438
Bensheim,Germany,,2950978
Bendorf,Germany,,2951111
Bedburg,Germany,,2951648
Beckum,Germany,,2951654
Beckingen,Germany,,2951679
Bayreuth,Germany,,2951825
Bautzen,Germany,,2951881
Baunatal,Germany,,2951923
Baumschulenweg,Germany,,2951935
Bassum,Germany,,2952252
Bamberg,Germany,,2952984
Balingen,Germany,,2953089
Baiersbronn,Germany,,2953197
Baesweiler,Germany,,2953302
Bad Zwischenahn,Germany,,2953310
Bad Wildungen,Germany,,2953317
Bad Waldsee,Germany,,2953320
Bad Vilbel,Germany,,2953321
Bad Tölz,Germany,,2953324
Bad Soden am Taunus,Germany,,2953339
Bad Segeberg,Germany,,2953341
Bad Schwartau,Germany,,2953347
Bad Salzungen,Germany,,2953357
Bad Salzuflen,Germany,,2953358
Bad Säckingen,Germany,,2953363
Bad Reichenhall,Germany,,2953371
Bad Rappenau,Germany,,2953374
Bad Pyrmont,Germany,,2953379
Bad Oldesloe,Germany,,2953385
Bad Oeynhausen,Germany,,2953386
Bad Neustadt an der Saale,Germany,,2953389
Bad Neuenahr-Ahrweiler,Germany,,2953391
Bad Nauheim,Germany,,2953395
Bad Münstereifel,Germany,,2953398
Bad Münder am Deister,Germany,,2953400
Bad Mergentheim,Germany,,2953402
Bad Lippspringe,Germany,,2953405
Bad Langensalza,Germany,,2953413
Bad Kreuznach,Germany,,2953416
Bad Kissingen,Germany,,2953424
Bad Honnef,Germany,,2953435
Bad Homburg vor der Höhe,Germany,,2953436
Bad Hersfeld,Germany,,2953439
Bad Harzburg,Germany,,2953449
Bad Essen,Germany,,2953464
Baden-Baden,Germany,,2953504
Bad Dürkheim,Germany,,2953522
Bad Driburg,Germany,,2953525
Bad Berleburg,Germany,,2953545
Bad Bentheim,Germany,,2953552
Bad Aibling,Germany,,2953558
Backnang,Germany,,2953568
Babenhausen,Germany,,2953770
Aurich,Germany,,2954006
Augsburg,Germany,,2954172
Auerbach,Germany,,2954602
Aue,Germany,,2954695
Attendorn,Germany,,2954932
Aschersleben,Germany,,2955168
Ascheberg,Germany,,2955224
Aschaffenburg,Germany,,2955272
Bad Arolsen,Germany,,2955421
Arnstadt,Germany,,2955439
Arnsberg,Germany,,2955471
Apolda,Germany,,2955770
Aplerbeck,Germany,,2955773
Ansbach,Germany,,2955936
Annaberg-Buchholz,Germany,,2956005
Angermünde,Germany,,2956093
Andernach,Germany,,2956206
Amberg,Germany,,2956656
Alzey,Germany,,2956710
Alzenau in Unterfranken,Germany,,2956715
Altglienicke,Germany,,2957185
Altenburg,Germany,,2957773
Altena,Germany,,2957886
Altdorf bei Nürnberg,Germany,,2958024
Alsterdorf,Germany,,2958105
Alsfeld,Germany,,2958128
Alsdorf,Germany,,2958141
Alfter,Germany,,2958516
Alfeld,Germany,,2958533
Albstadt,Germany,,2958595
Aichach,Germany,,2958975
Ahrensburg,Germany,,2959083
Ahlen,Germany,,2959223
Ahaus,Germany,,2959279
Adlershof,Germany,,2959441
Achim,Germany,,2959681
Achern,Germany,,2959686
Aalen,Germany,,2959927
Neukirchen-Vluyn,Germany,,3205924
Vellmar,Germany,,3207197
Aachen,Germany,,3247449
Mörfelden-Walldorf,Germany,,3272460
Riedstadt,Germany,,3272941
Lauda-Königshofen,Germany,,3274966
Filderstadt,Germany,,3336891
Ostfildern,Germany,,3336892
Rodgau,Germany,,3336893
Gropiusstadt,Germany,,3337408
Seeheim-Jugenheim,Germany,,3337504
Bonn Hardtberg,Germany,,6472198
Charlottenburg-Nord,Germany,,6545288
Mitte,Germany,,6545310
Rheinstetten,Germany,,6558039
Altstadt Sud,Germany,,6691072
Altstadt Nord,Germany,,6691073
Neuehrenfeld,Germany,,6691076
Bilderstöckchen,Germany,,6691078
Stuttgart-Ost,Germany,,6930414
Bochum-Hordel,Germany,,6941055
St. Pauli,Germany,,6944296
Gallus,Germany,,7118093
Eidelstedt,Germany,,7274677
Eisleben Lutherstadt,Germany,,7284571
Halle-Neustadt,Germany,,7289614
Bergedorf,Germany,,7290243
Spandau,Germany,,7290252
Treptow,Germany,,7290255
Niederrad,Germany,,7290401
Wittenberg,Germany,,7303020
Äußere Neustadt,Germany,,7627288
Barmbek-Nord,Germany,,7932342
Barmbek-Süd,Germany,,7932343
Farmsen-Berne,Germany,,7932386
Falkenhagener Feld,Germany,,8334621
Neu-Hohenschönhausen,Germany,,8334622
Alt-Hohenschönhausen,Germany,,8334624
Fennpfuhl,Germany,,8334625
Hamburg-Nord,Germany,,8354626
Neustadt/Nord,Germany,,8593855
Neustadt/Süd,Germany,,8593856
Kalk,Germany,,8593861
Rodenkirchen,Germany,,8593863
Mülheim,Germany,,8593865
Gartenstadt,Germany,,8642860
Kröpeliner-Tor-Vorstadt,Germany,,9238414
Düsseldorf-Pempelfort,Germany,,11258605
Burglesum,Germany,,11594317
Altona-Altstadt,Germany,,11669492
Altona-Nord,Germany,,11669493
Dulsberg,Germany,,11669496
Hoheluft-Ost,Germany,,11669497
Sachsenheim,Germany,,11951298
Petershausen-West,Germany,,11952858
Kronberg Tal,Germany,,12035575
Remseck am Neckar,Germany,,12188617
Tadjoura,Djibouti,,220782
Obock,Djibouti,,221527
Djibouti,Djibouti,,223817
Dikhil,Djibouti,,223890
Arta,Djibouti,,225037
Ali Sabih,Djibouti,,225284
Vordingborg,Denmark,,2610020
Viborg,Denmark,,2610319
Vejle,Denmark,,2610613
Vanløse,Denmark,,2610734
Vallensbæk,Denmark,,2610789
Valby,Denmark,,2610802
Tønder,Denmark,,2611497
Taastrup,Denmark,,2611828
Svendborg,Denmark,,2612045
Stenløse,Denmark,,2612629
Sønderborg,Denmark,,2613102
Solrød Strand,Denmark,,2613233
Slagelse,Denmark,,2613460
Skive,Denmark,,2613731
Silkeborg,Denmark,,2614030
Roskilde,Denmark,,2614481
Rødovre,Denmark,,2614600
Ringsted,Denmark,,2614764
Randers,Denmark,,2615006
Odense,Denmark,,2615876
Nykøbing Falster,Denmark,,2615961
Nyborg,Denmark,,2616015
Næstved,Denmark,,2616038
Nørresundby,Denmark,,2616235
Middelfart,Denmark,,2616933
Lillerød,Denmark,,2617658
Køge,Denmark,,2618415
Copenhagen,Denmark,,2618425
Kolding,Denmark,,2618528
Klinteby Frihed,Denmark,,2618741
Kalundborg,Denmark,,2619154
Ishøj,Denmark,,2619377
Hvidovre,Denmark,,2619528
Horsens,Denmark,,2619771
Hørsholm,Denmark,,2619856
Holstebro,Denmark,,2620046
Holbæk,Denmark,,2620147
Hjørring,Denmark,,2620214
Hillerød,Denmark,,2620320
Herning,Denmark,,2620425
Helsingør,Denmark,,2620473
Hedensted,Denmark,,2620583
Haderslev,Denmark,,2620964
Greve,Denmark,,2621215
Glostrup,Denmark,,2621356
Frederikssund,Denmark,,2621912
Frederikshavn,Denmark,,2621927
Frederiksberg,Denmark,,2621942
Fredericia,Denmark,,2621951
Farum,Denmark,,2622306
Esbjerg,Denmark,,2622447
Charlottenlund,Denmark,,2623188
Brøndbyvester,Denmark,,2623340
Birkerød,Denmark,,2624112
Ballerup,Denmark,,2624341
Avedøre,Denmark,,2624427
Århus,Denmark,,2624652
Allerød,Denmark,,2624843
Aalborg,Denmark,,2624886
Albertslund,Denmark,,2624906
Aabenraa,Denmark,,2625070
Roseau,Dominica,,3575635
Villa Francisca,Dominican Republic,,3491941
Villa Consuelo,Dominican Republic,,3491946
Villa Bisonó,Dominican Republic,,3491948
Villa Altagracia,Dominican Republic,,3491952
Tamboril,Dominican Republic,,3492517
Santo Domingo,Dominican Republic,,3492908
Santiago de los Caballeros,Dominican Republic,,3492914
Santa Cruz de El Seibo,Dominican Republic,,3492984
Santa Cruz de Barahona,Dominican Republic,,3492985
San Pedro de Macorís,Dominican Republic,,3493032
San Juan de la Maguana,Dominican Republic,,3493081
San José de Ocoa,Dominican Republic,,3493100
San Francisco de Macorís,Dominican Republic,,3493146
San Fernando de Monte Cristi,Dominican Republic,,3493174
Puerto Plata,Dominican Republic,,3493175
Salvaleón de Higüey,Dominican Republic,,3493240
Salcedo,Dominican Republic,,3493283
Sabaneta,Dominican Republic,,3493383
Sabana Grande de Boyá,Dominican Republic,,3493482
Río Grande,Dominican Republic,,3493769
Quisqueya,Dominican Republic,,3494121
Punta Cana,Dominican Republic,,3494242
Neiba,Dominican Republic,,3495857
Nagua,Dominican Republic,,3496021
Monte Plata,Dominican Republic,,3496134
Monte Llano,Dominican Republic,,3496150
Moca,Dominican Republic,,3496331
Mao,Dominican Republic,,3496831
Las Matas de Farfán,Dominican Republic,,3500370
La Romana,Dominican Republic,,3500957
Jarabacoa,Dominican Republic,,3504158
Hato Mayor del Rey,Dominican Republic,,3504765
Esperanza,Dominican Republic,,3505855
Dajabón,Dominican Republic,,3508952
Cristo Rey,Dominican Republic,,3509183
Cotuí,Dominican Republic,,3509207
Constanza,Dominican Republic,,3509363
Concepción de La Vega,Dominican Republic,,3509382
Ciudad Nueva,Dominican Republic,,3509578
Bonao,Dominican Republic,,3511233
Boca Chica,Dominican Republic,,3511336
San Cristóbal,Dominican Republic,,3511540
Bella Vista,Dominican Republic,,3511550
Bayaguana,Dominican Republic,,3511626
Baní,Dominican Republic,,3512067
Bajos de Haina,Dominican Republic,,3512128
Azua,Dominican Republic,,3512208
Santo Domingo Oeste,Dominican Republic,,7874116
Santo Domingo Este,Dominican Republic,,8601412
Boumerdas,Algeria,,2474141
Zighout Youcef,Algeria,,2474399
Zeribet el Oued,Algeria,,2474506
Zeralda,Algeria,,2474583
Zemoura,Algeria,,2474638
Touggourt,Algeria,,2475475
Tolga,Algeria,,2475612
Tlemcen,Algeria,,2475687
Tizi Rached,Algeria,,2475740
Tizi Ouzou,Algeria,,2475744
Tizi-n-Tleta,Algeria,,2475752
Tizi Gheniff,Algeria,,2475764
Tissemsilt,Algeria,,2475860
Tirmitine,Algeria,,2475921
Tipasa,Algeria,,2476028
Tindouf,Algeria,,2476301
Timizart,Algeria,,2476396
Timimoun,Algeria,,2476403
el hed,Algeria,,2476412
Tighenif,Algeria,,2476700
Tiaret,Algeria,,2476897
Theniet el Had,Algeria,,2476915
Thenia,Algeria,,2476917
Ténès,Algeria,,2477148
Telerghma,Algeria,,2477255
Tébessa,Algeria,,2477461
Tebesbest,Algeria,,2477462
Tazoult-Lambese,Algeria,,2477528
Tamanghasset,Algeria,,2478216
Tamalous,Algeria,,2478226
Taïbet,Algeria,,2478509
Tadmaït,Algeria,,2478831
Tadjenanet,Algeria,,2478876
Sour el Ghozlane,Algeria,,2479161
Souma,Algeria,,2479183
Lardjem,Algeria,,2479203
Souk Ahras,Algeria,,2479215
Sougueur,Algeria,,2479247
Skikda,Algeria,,2479536
Sig,Algeria,,2479609
Sidi Okba,Algeria,,2479916
Sidi Moussa,Algeria,,2479966
Sidi Mérouane,Algeria,,2480198
Sidi Khaled,Algeria,,2480368
Sidi ech Chahmi,Algeria,,2480618
Sidi Bel Abbes,Algeria,,2481007
Sidi Amrane,Algeria,,2481058
Sidi Akkacha,Algeria,,2481207
Sidi Aïssa,Algeria,,2481246
Sidi Abdelli,Algeria,,2481389
Sfizef,Algeria,,2481639
Sétif,Algeria,,2481700
Sedrata,Algeria,,2482090
Seddouk,Algeria,,2482159
Sebdou,Algeria,,2482211
Saoula,Algeria,,2482390
Salah Bey,Algeria,,2482447
Saïda,Algeria,,2482572
Rouissat,Algeria,,2482886
Rouiba,Algeria,,2482908
Rouached,Algeria,,2482939
Robbah,Algeria,,2483000
Remchi,Algeria,,2483649
Relizane,Algeria,,2483668
Reguiba,Algeria,,2483746
Reghaïa,Algeria,,2483757
Reggane,Algeria,,2483761
Râs el Oued,Algeria,,2483936
Râs el Aïoun,Algeria,,2483968
Oum el Bouaghi,Algeria,,2484620
Ouled Slama Fouaga,Algeria,,2484777
Ouled Moussa,Algeria,,2484835
Ouled Mimoun,Algeria,,2484846
Ouled Haddaj,Algeria,,2484891
Ouled Djellal,Algeria,,2484933
Ouenza,Algeria,,2485540
Oued Zenati,Algeria,,2485551
Oued Sly,Algeria,,2485572
Oued Rhiou,Algeria,,2485582
Oued Fodda,Algeria,,2485618
Oued el Alleug,Algeria,,2485633
Oued el Abtal,Algeria,,2485636
Ouargla,Algeria,,2485801
Oran,Algeria,,2485926
N’Gaous,Algeria,,2486177
Nedroma,Algeria,,2486284
Naciria,Algeria,,2486505
M'Sila,Algeria,,2486690
Mouzaïa,Algeria,,2486825
Mostaganem,Algeria,,2487134
Mohammadia,Algeria,,2487293
Miliana,Algeria,,2487444
Mila,Algeria,,2487452
Metlili Chaamba,Algeria,,2487620
Messaad,Algeria,,2487772
Meskiana,Algeria,,2487805
Mers el Kebir,Algeria,,2487852
Merouana,Algeria,,2487882
Melouza,Algeria,,2488202
Mekla,Algeria,,2488500
Mehdia daira de meghila,Algeria,,2488616
Megarine,Algeria,,2488716
Meftah,Algeria,,2488722
Médéa,Algeria,,2488835
Mecheria,Algeria,,2489865
M’Daourouch,Algeria,,2489922
Mazouna,Algeria,,2489987
Mascara,Algeria,,2490098
Mansourah,Algeria,,2490180
Mansoûra,Algeria,,2490183
Makouda,Algeria,,2490297
Maghnia,Algeria,,2490584
L’Arbaa Naït Irathen,Algeria,,2491042
Larbaâ,Algeria,,2491050
Lakhdaria,Algeria,,2491134
Laghouat,Algeria,,2491191
Ksar el Boukhari,Algeria,,2491323
Ksar Chellala,Algeria,,2491335
Kolea,Algeria,,2491578
Khenchela,Algeria,,2491889
Khemis Miliana,Algeria,,2491911
Khemis el Khechna,Algeria,,2491913
Kerkera,Algeria,,2492345
Kaïs,Algeria,,2492809
Jijel,Algeria,,2492913
Djidiouia,Algeria,,2492920
Ighram,Algeria,,2493605
Hennaya,Algeria,,2493918
Héliopolis,Algeria,,2493956
Hassi Messaoud,Algeria,,2494029
Assi Bou Nif,Algeria,,2494065
Hassi Bahbah,Algeria,,2494073
Hammamet,Algeria,,2494548
Hammam Bou Hadjar,Algeria,,2494554
Hamma Bouziane,Algeria,,2494610
Hadjout,Algeria,,2494962
Guerara,Algeria,,2495524
Guemar,Algeria,,2495601
Guelma,Algeria,,2495662
Grarem,Algeria,,2495846
Ghazaouet,Algeria,,2496042
Ghardaïa,Algeria,,2496049
Gdyel,Algeria,,2496059
Frenda,Algeria,,2496232
Freha,Algeria,,2496241
Feraoun,Algeria,,2496573
Feidh el Botma,Algeria,,2496643
Fedj M’Zala,Algeria,,2496681
Es Senia,Algeria,,2497060
En Nedjma,Algeria,,2497269
El Oued,Algeria,,2497411
El Milia,Algeria,,2497509
El Meghaïer,Algeria,,2497655
El Malah,Algeria,,2497714
El Kseur,Algeria,,2497796
El Khroub,Algeria,,2497849
El Kala,Algeria,,2497988
El Idrissia,Algeria,,2498000
El Hadjira,Algeria,,2498172
El Hadjar,Algeria,,2498183
El Menia,Algeria,,2498305
El Eulma,Algeria,,2498392
El Bayadh,Algeria,,2498543
El Attaf,Algeria,,2498590
Chlef,Algeria,,2498611
El Arrouch,Algeria,,2498614
El Aouinet,Algeria,,2498667
El Amria,Algeria,,2498704
El Affroun,Algeria,,2498752
El Achir,Algeria,,2498766
El Abiodh Sidi Cheikh,Algeria,,2498775
El Abadia,Algeria,,2498782
Ech Chettia,Algeria,,2498954
Drean,Algeria,,2499055
Draa el Mizan,Algeria,,2499104
Draa Ben Khedda,Algeria,,2499116
Douéra,Algeria,,2499193
Djelfa,Algeria,,2500017
Djamaa,Algeria,,2500282
Didouche Mourad,Algeria,,2500401
Dellys,Algeria,,2500583
Debila,Algeria,,2500737
Dar el Beïda,Algeria,,2500889
Dar Chioukh,Algeria,,2500904
Constantine,Algeria,,2501152
Chorfa,Algeria,,2501289
Chiffa,Algeria,,2501323
Chetouane,Algeria,,2501362
Cheria,Algeria,,2501404
Cherchell,Algeria,,2501440
Cheraga,Algeria,,2501465
Chemini,Algeria,,2501508
Chellalat el Adhaouara,Algeria,,2501525
Chelghoum el Aïd,Algeria,,2501541
Chebli,Algeria,,2501680
Charef,Algeria,,2501767
Chabet el Ameur,Algeria,,2501873
Brezina,Algeria,,2502034
Bou Tlelis,Algeria,,2502239
Bou Saâda,Algeria,,2502385
Boumahra Ahmed,Algeria,,2502686
Boukadir,Algeria,,2502924
Bou Ismaïl,Algeria,,2502939
Bouïra,Algeria,,2502958
Bouinan,Algeria,,2502962
Bou Hanifia el Hamamat,Algeria,,2503033
Bougara,Algeria,,2503147
Bougaa,Algeria,,2503156
Boufarik,Algeria,,2503181
Boudouaou,Algeria,,2503229
Boudjima,Algeria,,2503237
Boû Arfa,Algeria,,2503468
Bordj Zemoura,Algeria,,2503620
Bordj Menaïel,Algeria,,2503641
Bordj Ghdir,Algeria,,2503654
Bordj el Kiffan,Algeria,,2503661
Bordj Bou Arreridj,Algeria,,2503701
Boghni,Algeria,,2503755
Blida,Algeria,,2503769
Biskra,Algeria,,2503826
Birkhadem,Algeria,,2503847
Birine,Algeria,,2503852
Bir el Djir,Algeria,,2503874
Bir el Ater,Algeria,,2503878
Besbes,Algeria,,2504072
Berrouaghia,Algeria,,2504099
Berriane,Algeria,,2504110
Berrahal,Algeria,,2504136
Bensekrane,Algeria,,2504385
Ben Mehidi,Algeria,,2504486
Beni Tamou,Algeria,,2504553
Beni Saf,Algeria,,2504581
Beni Mester,Algeria,,2504616
Beni Mered,Algeria,,2504622
Beni Douala,Algeria,,2504703
Beni Amrane,Algeria,,2504739
Béjaïa,Algeria,,2505329
Béchar,Algeria,,2505530
Batna City,Algeria,,2505572
Barika,Algeria,,2505629
Barbacha,Algeria,,2505651
Baraki,Algeria,,2505653
Bab Ezzouar,Algeria,,2505854
Azzaba,Algeria,,2505915
Azazga,Algeria,,2506043
Arzew,Algeria,,2506385
Arris,Algeria,,2506404
Arhribs,Algeria,,2506519
Arbatache,Algeria,,2506623
Aoulef,Algeria,,2506795
Annaba,Algeria,,2506999
Ammi Moussa,Algeria,,2507155
Amizour,Algeria,,2507169
Algiers,Algeria,,2507480
Akbou,Algeria,,2507646
Aïn Touta,Algeria,,2507877
Aïn Temouchent,Algeria,,2507901
Aïn Taya,Algeria,,2507912
Aïn Smara,Algeria,,2507926
Aïn Sefra,Algeria,,2507943
Aïn Oussera,Algeria,,2507972
Aïn Oulmene,Algeria,,2507979
Aïn M’Lila,Algeria,,2508002
’Aïn Merane,Algeria,,2508010
Aïn Kercha,Algeria,,2508059
Aïn Fakroun,Algeria,,2508102
’Aïn el Turk,Algeria,,2508119
’Aïn el Melh,Algeria,,2508130
’Aïn el Hammam,Algeria,,2508152
Ain el Hadjel,Algeria,,2508157
Aïn el Bya,Algeria,,2508174
’Aïn el Berd,Algeria,,2508180
’Aïn el Bell,Algeria,,2508184
’Aïn Deheb,Algeria,,2508225
Aïn Defla,Algeria,,2508228
Aïn Bessem,Algeria,,2508268
’Aïn Benian,Algeria,,2508275
Aïn Beïda,Algeria,,2508287
’Aïn Azel,Algeria,,2508295
Aïn Arnat,Algeria,,2508297
’Aïn Abid,Algeria,,2508309
Ahmed Bel Hadj,Algeria,,2508455
Aflou,Algeria,,2508737
Adrar,Algeria,,2508813
Abou el Hassan,Algeria,,2509031
BABOR - VILLE,Algeria,,6698360
In Salah,Algeria,,6930641
Ali Mendjeli,Algeria,,11204500
District of Taher,Algeria,,12326384
Collo,Algeria,,12640237
Maâtkas,Algeria,,12640238
Sidi Amar,Algeria,,12640239
Zamora,Ecuador,,3649959
Yaguachi Nuevo,Ecuador,,3650121
Vinces,Ecuador,,3650186
Ventanas,Ecuador,,3650267
El Empalme,Ecuador,,3650273
Tulcán,Ecuador,,3650472
Tena,Ecuador,,3650721
Sucre,Ecuador,,3650960
Santo Domingo de los Colorados,Ecuador,,3651297
Santa Rosa,Ecuador,,3651356
Santa Elena,Ecuador,,3651438
San Lorenzo de Esmeraldas,Ecuador,,3651694
Samborondón,Ecuador,,3652065
Salinas,Ecuador,,3652100
Rosa Zarate,Ecuador,,3652257
Riobamba,Ecuador,,3652350
Quito,Ecuador,,3652462
Quevedo,Ecuador,,3652567
Puyo,Ecuador,,3652584
Pujilí,Ecuador,,3652684
Puerto Francisco de Orellana,Ecuador,,3652743
Posorja,Ecuador,,3652928
Portoviejo,Ecuador,,3652941
Pomasqui,Ecuador,,3652977
Playas,Ecuador,,3653015
Piñas,Ecuador,,3653130
Pelileo,Ecuador,,3653287
Pedro Carbo,Ecuador,,3653295
Pasaje,Ecuador,,3653403
Otavalo,Ecuador,,3653693
Naranjito,Ecuador,,3653873
Naranjal,Ecuador,,3653882
Montecristi,Ecuador,,3654055
Montalvo,Ecuador,,3654064
Milagro,Ecuador,,3654215
Manta,Ecuador,,3654410
Machala,Ecuador,,3654533
Machachi,Ecuador,,3654536
Macas,Ecuador,,3654541
Loja,Ecuador,,3654667
La Troncal,Ecuador,,3654853
Latacunga,Ecuador,,3654870
La Maná,Ecuador,,3655117
La Libertad,Ecuador,,3655131
Nueva Loja,Ecuador,,3655185
Jipijapa,Ecuador,,3655446
Ibarra,Ecuador,,3655673
Huaquillas,Ecuador,,3655720
Guayaquil,Ecuador,,3657509
Guaranda,Ecuador,,3657571
Gualaceo,Ecuador,,3657670
Esmeraldas,Ecuador,,3657990
El Triunfo,Ecuador,,3658053
Eloy Alfaro,Ecuador,,3658192
Daule,Ecuador,,3658501
Cuenca,Ecuador,,3658666
Chone,Ecuador,,3659139
Cayambe,Ecuador,,3659578
Catamayo,Ecuador,,3659599
Cariamanga,Ecuador,,3659711
Calceta,Ecuador,,3659926
Boca Suno,Ecuador,,3660152
Balzar,Ecuador,,3660361
Bahía de Caráquez,Ecuador,,3660401
Babahoyo,Ecuador,,3660418
Azogues,Ecuador,,3660434
Atuntaqui,Ecuador,,3660478
Ambato,Ecuador,,3660689
Viljandi,Estonia,,587577
Tartu,Estonia,,588335
Tallinn,Estonia,,588409
Pärnu,Estonia,,589580
Nõmme,Estonia,,589947
Narva,Estonia,,590031
Maardu,Estonia,,590447
Kohtla-Järve,Estonia,,591260
Zefta,Egypt,,346030
Ţūkh,Egypt,,347236
Timayy al Imdīd,Egypt,,347289
Ţimā,Egypt,,347296
Ţūd,Egypt,,347422
Tanta,Egypt,,347497
Ţāmiyah,Egypt,,347542
Ţalkhā,Egypt,,347591
Talā,Egypt,,347612
Ţahţā,Egypt,,347634
Sumusţā as Sulţānī,Egypt,,347749
Sumusţā al Waqf,Egypt,,347751
Sohag,Egypt,,347796
Sīwah,Egypt,,347863
Sirs al Layyānah,Egypt,,347883
Sinnūris,Egypt,,347907
Sīdī Sālim,Egypt,,348112
Sīdī Ghāzī,Egypt,,348507
Sīdī Barānī,Egypt,,348548
Şidfā,Egypt,,348962
Shubrākhīt,Egypt,,349058
Shubrā al Khaymah,Egypt,,349076
Shirbīn,Egypt,,349114
Shibīn al Qanāţir,Egypt,,349156
Shibīn al Kawm,Egypt,,349158
Sharm el-Sheikh,Egypt,,349340
Sāqultah,Egypt,,349600
Şān al Ḩajar al Qiblīyah,Egypt,,349653
Samannūd,Egypt,,349715
Samālūţ,Egypt,,349717
Rosetta,Egypt,,350203
Ras Gharib,Egypt,,350207
Rafaḩ,Egypt,,350350
Quwaysinā,Egypt,,350370
Quţūr,Egypt,,350376
Qūş,Egypt,,350422
Qina,Egypt,,350550
Qifţ,Egypt,,350560
Qalyub,Egypt,,350789
Qillīn,Egypt,,350797
Qahā,Egypt,,350831
Naqādah,Egypt,,351356
Nag Hammâdi,Egypt,,351434
Nabarūh,Egypt,,351708
Muţūbas,Egypt,,351748
Mūţ,Egypt,,351766
Mīt Salsīl,Egypt,,352124
Mīt Ghamr,Egypt,,352181
Mīt Abū Ghālib,Egypt,,352250
Minyat an Naşr,Egypt,,352344
Minyā al Qamḩ,Egypt,,352352
Munūf,Egypt,,352354
Munsha‘at Abū ‘Umar,Egypt,,352440
Maţāy,Egypt,,352628
Mashtūl as Sūq,Egypt,,352679
Marsá Maţrūḩ,Egypt,,352733
Manshīyat al Qanāţir,Egypt,,352878
Manfalūţ,Egypt,,352913
Mallawī,Egypt,,352951
Maḩallat Damanah,Egypt,,353136
Maghāghah,Egypt,,353183
6th of October City,Egypt,,353219
Madīnat as Sādāt,Egypt,,353223
Madīnat an Naşr,Egypt,,353225
Al ‘Āshir min Ramaḑān,Egypt,,353229
Ash Shaykh Zuwayd,Egypt,,353471
Kirdāsah,Egypt,,353492
Kom Ombo,Egypt,,353802
Kawm Ḩamādah,Egypt,,353828
Kafr Shukr,Egypt,,354076
Kafr Şaqr,Egypt,,354105
Kafr Sa‘d,Egypt,,354123
Kafr az Zayyāt,Egypt,,354365
Aş Şalāḩāt,Egypt,,354440
Kafr ash Shaykh,Egypt,,354502
Kafr al Kurdī,Egypt,,354605
Kafr al Baţţīkh,Egypt,,354699
Kafr ad Dawwār,Egypt,,354775
Juhaynah,Egypt,,354981
Girga,Egypt,,355026
Jarājūs,Egypt,,355174
‘Izbat al Burj,Egypt,,355392
Ītāy al Bārūd,Egypt,,355417
Iţsā,Egypt,,355420
Esna,Egypt,,355449
Ihnāsīyah,Egypt,,355596
Idkū,Egypt,,355628
Edfu,Egypt,,355635
Ibshawāy,Egypt,,355648
Ḩalwān,Egypt,,355795
Hihyā,Egypt,,355939
Ḩawsh ‘Īsá,Egypt,,356000
Ḩadā’iq al Qubbah,Egypt,,356436
Fuwwah,Egypt,,356806
Farshūţ,Egypt,,356933
Fāraskūr,Egypt,,356945
Fāqūs,Egypt,,356989
Fāyīd,Egypt,,357039
Damietta,Egypt,,358048
Diyarb Najm,Egypt,,358095
Disūq,Egypt,,358108
Dishnā,Egypt,,358115
Dikirnis,Egypt,,358172
Dayrūţ,Egypt,,358269
Dayr Mawās,Egypt,,358274
Darāw,Egypt,,358388
Damanhur,Egypt,,358448
Būsh,Egypt,,358600
Port Said,Egypt,,358619
Safaga,Egypt,,358620
Burj al ‘Arab,Egypt,,358631
Biyalā,Egypt,,358726
Birkat as Sab‘,Egypt,,358769
Bilqās,Egypt,,358821
Bilbeis,Egypt,,358840
Bibā,Egypt,,358870
Basyūn,Egypt,,358970
Banī ‘Ubayd,Egypt,,359169
Banī Suwayf,Egypt,,359173
Banī Mazār,Egypt,,359212
Banhā,Egypt,,359280
Balţīm,Egypt,,359304
Az Zaynīyah Qiblī,Egypt,,359480
Zagazig,Egypt,,359493
Awsīm,Egypt,,359576
El-Tor,Egypt,,359678
At Tall al Kabīr,Egypt,,359710
Aţfīḩ,Egypt,,359749
Assiut,Egypt,,359783
Aswān,Egypt,,359792
Suez,Egypt,,359796
As Sinbillāwayn,Egypt,,359815
As Sibā‘īyah,Egypt,,359823
As Sarw,Egypt,,359841
As Sanţah,Egypt,,359849
As Sallūm,Egypt,,359867
As Sāḩil,Egypt,,359892
Aş Şaff,Egypt,,359900
Ash Shuhadā’,Egypt,,359953
Ashmūn,Egypt,,360048
Ar Raḩmānīyah,Egypt,,360150
Ar Radīsīyah Qiblī,Egypt,,360159
Armant,Egypt,,360170
Al Wāsiţah,Egypt,,360464
Al Waqf,Egypt,,360471
Luxor,Egypt,,360502
Al Qūşīyah,Egypt,,360526
Al Quşayr,Egypt,,360531
Al Qurayn,Egypt,,360542
Al Qaşşāşīn,Egypt,,360577
Al Qanţarah,Egypt,,360610
Al Qanāyāt,Egypt,,360612
Al Qanāţir al Khayrīyah,Egypt,,360615
Cairo,Egypt,,360630
Minya,Egypt,,360686
Al Maţarīyah,Egypt,,360716
Al Marāghah,Egypt,,360748
Al Manzalah,Egypt,,360754
Al Mansurah,Egypt,,360761
Al Minshāh,Egypt,,360773
Al Maḩmūdīyah,Egypt,,360819
Al Maḩallah al Kubrá,Egypt,,360829
Al Khuşūş,Egypt,,360890
Al Khārjah,Egypt,,360923
Al Khānkah,Egypt,,360928
Giza,Egypt,,360995
Al Jammālīyah,Egypt,,361029
Ismailia,Egypt,,361055
Alexandria,Egypt,,361058
Al ‘Idwah,Egypt,,361098
Al Ibrāhīmīyah,Egypt,,361103
‘Izbat ‘Alī as Sayyid,Egypt,,361119
Al Ḩusaynīyah,Egypt,,361125
Al Ḩawāmidīyah,Egypt,,361179
Al Ḩāmūl,Egypt,,361213
Al Ḩammām,Egypt,,361219
Hurghada,Egypt,,361291
Al Ghanāyim,Egypt,,361301
Al Fayyum,Egypt,,361320
Al Fashn,Egypt,,361329
Al Burj,Egypt,,361360
Al Bayāḑīyah,Egypt,,361391
Al Bawīţī,Egypt,,361394
Al Başalīyah Baḩrī,Egypt,,361405
Al Balyanā,Egypt,,361435
Al Bājūr,Egypt,,361457
Al Badrashayn,Egypt,,361473
Al Badārī,Egypt,,361478
Al ‘Ayyāţ,Egypt,,361495
Arīsh,Egypt,,361546
Akhmīm,Egypt,,361661
Aga,Egypt,,361702
Ad Dilinjāt,Egypt,,361827
El Dabaa,Egypt,,361871
Abū Ţisht,Egypt,,361995
Abū Tīj,Egypt,,362004
Abu Suweir-el-Mahatta,Egypt,,362028
Abū Qurqāş,Egypt,,362277
Abū Kabīr,Egypt,,362485
Abū Ḩummuş,Egypt,,362552
Abū Ḩammād,Egypt,,362615
Abū an Numrus,Egypt,,362865
Abū al Maţāmīr,Egypt,,362882
Abnūb,Egypt,,362973
An Nūbārīyah,Egypt,,408919
Awlād Şaqr,Egypt,,409361
Bi’r al ‘Abd,Egypt,,410142
Badr,Egypt,,415561
Ar Riyāḑ,Egypt,,416047
Az Zarqā,Egypt,,419435
Dumyāţ al Jadīdah,Egypt,,421251
Badr,Egypt,,421600
Banī Suwayf al Jadīdah,Egypt,,433441
Aş Şāliḩīyah al Jadīdah,Egypt,,433774
Burj al ‘Arab al Jadīdah,Egypt,,434129
Madīnat Wādī an Naţrūn,Egypt,,434170
An Nāşirīyah,Egypt,,434418
Dār as Salām,Egypt,,444473
Ain Sukhna,Egypt,,7521348
New Cairo,Egypt,,7799991
El Shorouk,Egypt,,7799998
Al Qāhirah al Jadīdah,Egypt,,8134081
Aţ Ţārif,Egypt,,9073431
Al-'Ubūr,Egypt,,12451089
Al-Khārijah,Egypt,,12640357
Al-Minyā al-Jadīdah,Egypt,,12640359
An-Najaylah,Egypt,,12640361
Ar-Rawḍah,Egypt,,12640363
Ash-Shaykh Zāyid,Egypt,,12640364
Yūsuf aṣ-Ṣiddīq,Egypt,,12640381
New Bani Sewif City,Egypt,,13118928
Laayoune,Western Sahara,,2462881
Boujdour,Western Sahara,,2463029
Dakhla,Western Sahara,,2463447
Massawa,Eritrea,,330546
Keren,Eritrea,,333287
Himora,Eritrea,,334717
Barentu,Eritrea,,342711
Asmara,Eritrea,,343300
Assab,Eritrea,,343386
Mendefera,Eritrea,,344901
Zubia,Spain,,2509305
Zafra,Spain,,2509377
Yecla,Spain,,2509402
Villena,Spain,,2509463
Villarrobledo,Spain,,2509491
Vila-real,Spain,,2509509
Villanueva de la Serena,Spain,,2509553
Villajoyosa,Spain,,2509588
Vícar,Spain,,2509650
Vélez-Málaga,Spain,,2509769
Valencia,Spain,,2509954
Valdepeñas,Spain,,2509982
Utrera,Spain,,2510073
Ubrique,Spain,,2510112
Úbeda,Spain,,2510116
Totana,Spain,,2510224
Torrox,Spain,,2510245
Torrevieja,Spain,,2510253
Torre-Pacheco,Spain,,2510271
Torrent,Spain,,2510279
Torremolinos,Spain,,2510281
Torre del Mar,Spain,,2510309
Tomelloso,Spain,,2510392
Tomares,Spain,,2510394
Toledo,Spain,,2510409
Tías,Spain,,2510485
Telde,Spain,,2510542
Teguise,Spain,,2510573
Tarifa,Spain,,2510599
Talavera de la Reina,Spain,,2510693
Tacoronte,Spain,,2510725
Tavernes de la Valldigna,Spain,,2510743
Sueca,Spain,,2510764
Son Rapinya,Spain,,2510804
Silla,Spain,,2510880
Sevilla,Spain,,2510911
San Vicent del Raspeig,Spain,,2511032
Santomera,Spain,,2511050
Santa Pola,Spain,,2511102
Santa Lucía,Spain,,2511150
Santafé,Spain,,2511160
Santa Eulària des Riu,Spain,,2511162
Santa Cruz de Tenerife,Spain,,2511174
Santa Cruz de la Palma,Spain,,2511180
Santa Brígida,Spain,,2511202
San Roque,Spain,,2511239
San Pedro del Pinatar,Spain,,2511247
San Pedro Alcántara,Spain,,2511250
San Miguel De Abona,Spain,,2511287
Sanlúcar de Barrameda,Spain,,2511306
San Juan de Aznalfarache,Spain,,2511329
Sant Joan d'Alacant,Spain,,2511330
San Javier,Spain,,2511366
San Isidro,Spain,,2511371
San Fernando,Spain,,2511388
La Laguna,Spain,,2511401
San Bartolomé de Tirajana,Spain,,2511440
San Bartolomé,Spain,,2511447
Sant Antoni de Portmany,Spain,,2511448
Sagunto,Spain,,2511619
Rota,Spain,,2511700
Roquetas de Mar,Spain,,2511716
Ronda,Spain,,2511730
Rojales,Spain,,2511752
Rincón de la Victoria,Spain,,2511852
Ribarroja del Turia,Spain,,2511880
Requena,Spain,,2511930
Realejo Alto,Spain,,2511994
Puçol,Spain,,2512127
Puerto Real,Spain,,2512169
Puertollano,Spain,,2512177
Puerto del Rosario,Spain,,2512186
Puerto de la Cruz,Spain,,2512196
Puente-Genil,Spain,,2512232
La Pobla de Vallbona,Spain,,2512251
Priego de Córdoba,Spain,,2512282
Pozoblanco,Spain,,2512340
Pollença,Spain,,2512432
Pilar de la Horadada,Spain,,2512581
Picassent,Spain,,2512620
Paterna,Spain,,2512862
Palma,Spain,,2512989
Palma del Río,Spain,,2512990
Pájara,Spain,,2513026
Paiporta,Spain,,2513029
Osuna,Spain,,2513052
Orihuela,Spain,,2513076
Ontinyent,Spain,,2513106
Onda,Spain,,2513115
Oliva,Spain,,2513145
Novelda,Spain,,2513195
Níjar,Spain,,2513222
Nerja,Spain,,2513240
Navalmoral de la Mata,Spain,,2513324
Murcia,Spain,,2513416
Mula,Spain,,2513436
Mutxamel,Spain,,2513465
Motril,Spain,,2513477
Morón de la Frontera,Spain,,2513509
Montilla,Spain,,2513601
Montijo,Spain,,2513604
Moncada,Spain,,2513703
Molina de Segura,Spain,,2513759
Moguer,Spain,,2513791
Mogán,Spain,,2513798
Mislata,Spain,,2513811
Mijas,Spain,,2513882
Miguelturra,Spain,,2513885
Mérida,Spain,,2513917
Melilla,Spain,,2513947
Mazarrón,Spain,,2513983
Maspalomas,Spain,,2514042
Massamagrell,Spain,,2514066
Martos,Spain,,2514073
Marratxí,Spain,,2514097
Marchena,Spain,,2514158
Marbella,Spain,,2514169
Maracena,Spain,,2514176
Manzanares,Spain,,2514190
Manises,Spain,,2514197
Manacor,Spain,,2514216
Málaga,Spain,,2514256
Mairena del Aljarafe,Spain,,2514287
Mairena del Alcor,Spain,,2514288
Maó,Spain,,2514301
Lucena,Spain,,2514392
Los Palacios y Villafranca,Spain,,2514553
Los Llanos de Aridane,Spain,,2514651
Los Barrios,Spain,,2514824
Los Alcázares,Spain,,2514868
Lorca,Spain,,2514891
Lora del Río,Spain,,2514893
Loja,Spain,,2514946
Llucmajor,Spain,,2514984
Llíria,Spain,,2515036
Linares,Spain,,2515045
Lepe,Spain,,2515072
Lebrija,Spain,,2515096
La Unión,Spain,,2515151
Las Torres de Cotillas,Spain,,2515219
Las Palmas de Gran Canaria,Spain,,2515270
La Solana,Spain,,2515284
Las Cabezas de San Juan,Spain,,2515493
La Roda,Spain,,2515555
La Rinconada,Spain,,2515562
La Orotava,Spain,,2515692
La Oliva,Spain,,2515698
la Nucia,Spain,,2515701
La Línea de la Concepción,Spain,,2515812
L'Eliana,Spain,,2516004
La Carolina,Spain,,2516088
La Algaba,Spain,,2516217
Jumilla,Spain,,2516255
Jerez de la Frontera,Spain,,2516326
Javea,Spain,,2516336
Xàtiva,Spain,,2516345
Jaén,Spain,,2516395
Isla Cristina,Spain,,2516431
Ingenio,Spain,,2516443
Inca,Spain,,2516452
Icod de los Vinos,Spain,,2516474
Ibiza,Spain,,2516479
Ibi,Spain,,2516480
Huércal-Overa,Spain,,2516542
Huelva,Spain,,2516548
Hellín,Spain,,2516797
Güimar,Spain,,2516852
Guía de Isora,Spain,,2516860
Guardamar del Segura,Spain,,2516902
Guadix,Spain,,2516925
Granadilla de Abona,Spain,,2517111
Granada,Spain,,2517117
Gandia,Spain,,2517367
Gáldar,Spain,,2517436
Fuengirola,Spain,,2517595
Felanitx,Spain,,2517750
Estepona,Spain,,2517816
El Viso del Alcor,Spain,,2518040
El Puerto de Santa María,Spain,,2518207
El Grao,Spain,,2518444
El Ejido,Spain,,2518494
Elda,Spain,,2518505
Elche,Spain,,2518559
El Arahal,Spain,,2518729
Écija,Spain,,2518770
Dos Hermanas,Spain,,2518794
Don Benito,Spain,,2518820
Denia,Spain,,2518878
Daimiel,Spain,,2518924
Cullera,Spain,,2518949
Quart de Poblet,Spain,,2519068
Crevillente,Spain,,2519110
Coria del Río,Spain,,2519233
Córdoba,Spain,,2519240
Conil de la Frontera,Spain,,2519289
Coín,Spain,,2519367
Ciudad Real,Spain,,2519402
Cieza,Spain,,2519425
Xirivella,Spain,,2519466
Chipiona,Spain,,2519477
Chiclana de la Frontera,Spain,,2519513
Cehegín,Spain,,2519651
Catarroja,Spain,,2519690
Castilleja de la Cuesta,Spain,,2519738
Castelló de la Plana,Spain,,2519752
Cartaya,Spain,,2520052
Cártama,Spain,,2520055
Cartagena,Spain,,2520058
Carrizal,Spain,,2520069
Carmona,Spain,,2520118
Carlet,Spain,,2520121
Carcaixent,Spain,,2520150
Caravaca,Spain,,2520171
Candelaria,Spain,,2520283
Campo de Criptana,Spain,,2520413
Campiña,Spain,,2520425
El Campello,Spain,,2520447
Camas,Spain,,2520477
Calvià,Spain,,2520493
Calp,Spain,,2520496
Callosa de Segura,Spain,,2520502
Cadiz,Spain,,2520600
Cáceres,Spain,,2520611
Cabra,Spain,,2520645
Burriana,Spain,,2520709
Burjassot,Spain,,2520712
Bormujos,Spain,,2520833
Bétera,Spain,,2520968
Berja,Spain,,2521016
Benidorm,Spain,,2521088
Benetússer,Spain,,2521105
Benalmádena,Spain,,2521139
Baza,Spain,,2521215
Barrio de Peral,Spain,,2521249
Barbate,Spain,,2521335
Bailén,Spain,,2521410
Baeza,Spain,,2521413
Baena,Spain,,2521415
Badajoz,Spain,,2521420
Ayamonte,Spain,,2521456
Atarfe,Spain,,2521485
Atamaría,Spain,,2521486
Aspe,Spain,,2521510
Arucas,Spain,,2521519
Arroyo de la Miel,Spain,,2521554
Arrecife,Spain,,2521570
Arona,Spain,,2521582
Armilla,Spain,,2521590
Arcos de la Frontera,Spain,,2521665
Archena,Spain,,2521676
Antequera,Spain,,2521710
Andújar,Spain,,2521738
Altea,Spain,,2521804
Almuñécar,Spain,,2521847
Almoradí,Spain,,2521855
Almonte,Spain,,2521857
Almería,Spain,,2521886
Almendralejo,Spain,,2521893
Almassora,Spain,,2521909
Almansa,Spain,,2521923
Aljaraque,Spain,,2521964
Alicante,Spain,,2521978
Alhaurín el Grande,Spain,,2521985
Alhaurín de la Torre,Spain,,2521986
Alhama de Murcia,Spain,,2521992
Algemesí,Spain,,2522012
Algeciras,Spain,,2522013
Alfafar,Spain,,2522057
Aldaia,Spain,,2522077
Alcúdia,Spain,,2522091
Alcoy,Spain,,2522098
Alzira,Spain,,2522129
Alcázar de San Juan,Spain,,2522131
Alcantarilla,Spain,,2522152
Alcalá la Real,Spain,,2522160
Alcalá de Guadaira,Spain,,2522165
Alboraya,Spain,,2522203
Albolote,Spain,,2522208
Albal,Spain,,2522250
Albacete,Spain,,2522258
Alaquàs,Spain,,2522297
Agüimes,Spain,,2522325
Águilas,Spain,,2522333
Adra,Spain,,2522430
Adeje,Spain,,2522437
Grao de Murviedro,Spain,,2567529
Zarautz,Spain,,3104316
Zaragoza,Spain,,3104324
Zamora,Spain,,3104342
Viveiro,Spain,,3104475
Gasteiz / Vitoria,Spain,,3104499
Vinaròs,Spain,,3104584
Villaviciosa de Odón,Spain,,3104703
Villaverde,Spain,,3104748
Villaquilambre,Spain,,3105148
Vilanova i la Geltrú,Spain,,3105184
Villanueva del Pardillo,Spain,,3105214
Villanueva de la Cañada,Spain,,3105247
Vilalba,Spain,,3105522
Vilagarcía de Arousa,Spain,,3105575
Vilafranca del Penedès,Spain,,3105600
Vila-seca,Spain,,3105803
Vilaseca,Spain,,3105805
Viladecans,Spain,,3105935
Vigo,Spain,,3105976
Vic,Spain,,3106050
Vicálvaro,Spain,,3106054
El Vendrell,Spain,,3106180
Valls,Spain,,3106492
Vallecas,Spain,,3106601
Valladolid,Spain,,3106672
Valdemoro,Spain,,3106868
Rivas-Vaciamadrid,Spain,,3107112
Utebo,Spain,,3107139
Tui,Spain,,3107364
Tudela,Spain,,3107418
Tortosa,Spain,,3107677
Torrelodones,Spain,,3107765
Torrelavega,Spain,,3107775
Torrejón de Ardoz,Spain,,3107784
Torredembarra,Spain,,3107807
Tordera,Spain,,3107955
Tolosa,Spain,,3108008
Tetuán de las Victorias,Spain,,3108118
Teruel,Spain,,3108126
Teo,Spain,,3108165
Tàrrega,Spain,,3108285
Terrassa,Spain,,3108286
Tarragona,Spain,,3108288
Tarancón,Spain,,3108317
Soria,Spain,,3108681
Sitges,Spain,,3108877
Sestao,Spain,,3109041
Seseña,Spain,,3109050
Segovia,Spain,,3109256
Cerdanyola del Vallès,Spain,,3109402
Sant Vicenç dels Horts,Spain,,3109442
Barakaldo,Spain,,3109453
Santurtzi,Spain,,3109481
Sants,Spain,,3109493
Sant Just Desvern,Spain,,3109546
Santiago de Compostela,Spain,,3109642
Santa Perpètua de Mogoda,Spain,,3109689
Santander,Spain,,3109718
Barberà del Vallès,Spain,,3109804
Santa Uxía de Ribeira,Spain,,3109897
Santa Coloma de Gramenet,Spain,,3109981
San Sebastián de los Reyes,Spain,,3110040
Donostia / San Sebastián,Spain,,3110044
Sant Quirze del Vallès,Spain,,3110101
Sant Pere de Ribes,Spain,,3110143
San Martín de la Vega,Spain,,3110360
San Lorenzo de El Escorial,Spain,,3110458
Vilassar de Mar,Spain,,3110516
Sant Joan Despí,Spain,,3110519
Sanxenxo,Spain,,3110610
San Fernando de Henares,Spain,,3110627
Sant Feliu de Llobregat,Spain,,3110642
Sant Feliu de Guíxols,Spain,,3110643
Sant Cugat del Vallès,Spain,,3110718
Sant Celoni,Spain,,3110813
Sant Carles de la Ràpita,Spain,,3110821
Sant Boi de Llobregat,Spain,,3110834
Sant Andreu,Spain,,3110876
San Andrés del Rabanedo,Spain,,3110880
Sant Andreu de la Barca,Spain,,3110885
Sant Adrià de Besòs,Spain,,3110921
Sama,Spain,,3110962
Salt,Spain,,3110983
Salou,Spain,,3110986
Salamanca,Spain,,3111108
Sabadell,Spain,,3111199
Rubí,Spain,,3111294
Roses,Spain,,3111348
Ripollet,Spain,,3111605
Ribeira,Spain,,3111807
Reus,Spain,,3111933
Errenteria,Spain,,3112011
Redondela,Spain,,3112154
Puente de Vallecas,Spain,,3112737
Ponteareas,Spain,,3112761
Premià de Mar,Spain,,3112866
Pozuelo de Alarcón,Spain,,3112989
Poio,Spain,,3113035
Portugalete,Spain,,3113082
Porriño,Spain,,3113157
Pontevedra,Spain,,3113209
Ponferrada,Spain,,3113236
Plasencia,Spain,,3113331
Pinto,Spain,,3113415
Pineda de Mar,Spain,,3113526
Piera,Spain,,3113576
Peña Grande,Spain,,3113943
Valdebernardo,Spain,,3114183
Parla,Spain,,3114256
Parets del Vallès,Spain,,3114267
Pamplona,Spain,,3114472
Palencia,Spain,,3114531
Palamós,Spain,,3114566
Palafrugell,Spain,,3114567
Oviedo,Spain,,3114711
Oria,Spain,,3114957
Ourense,Spain,,3114965
Olot,Spain,,3115093
Olesa de Montserrat,Spain,,3115171
Oleiros,Spain,,3115177
Nigrán,Spain,,3115463
Navalcarnero,Spain,,3115659
Narón,Spain,,3115739
Mungia,Spain,,3115907
Móstoles,Spain,,3116025
Moratalaz,Spain,,3116156
Monzón,Spain,,3116224
Montornès del Vallès,Spain,,3116262
Monforte de Lemos,Spain,,3116478
Arrasate / Mondragón,Spain,,3116503
Montcada i Reixac,Spain,,3116527
Mollet del Vallès,Spain,,3116553
Molins de Rei,Spain,,3116562
Moaña,Spain,,3116653
Miranda de Ebro,Spain,,3116689
Mieres,Spain,,3116789
Mejorada del Campo,Spain,,3116963
Medina del Campo,Spain,,3117010
Mataró,Spain,,3117164
El Masnou,Spain,,3117232
Martorell,Spain,,3117331
Marín,Spain,,3117409
Manresa,Spain,,3117533
Manlleu,Spain,,3117539
Malgrat de Mar,Spain,,3117636
Majadahonda,Spain,,3117667
Madrid,Spain,,3117735
Lugo,Spain,,3117814
Logroño,Spain,,3118150
Lloret de Mar,Spain,,3118212
Laudio / Llodio,Spain,,3118228
Lleida,Spain,,3118514
León,Spain,,3118532
Leioa,Spain,,3118554
Leganés,Spain,,3118594
Las Rozas de Madrid,Spain,,3118848
Lasarte,Spain,,3119027
La Sagrera,Spain,,3119045
"Sant Pere, Santa Caterina i La Ribera",Spain,,3119123
Prosperidad,Spain,,3119198
La Pineda,Spain,,3119231
Lalín,Spain,,3119536
Laguna de Duero,Spain,,3119631
La Felguera,Spain,,3119739
A Estrada,Spain,,3119746
A Coruña,Spain,,3119841
Alameda de Osuna,Spain,,3120030
Irun,Spain,,3120304
Illescas,Spain,,3120410
Igualada,Spain,,3120431
Humanes de Madrid,Spain,,3120501
Huesca,Spain,,3120514
L'Hospitalet de Llobregat,Spain,,3120619
Hortaleza,Spain,,3120635
Horta,Spain,,3120637
Hernani,Spain,,3120811
Gernika-Lumo,Spain,,3120989
Getxo,Spain,,3121007
Guadalajara,Spain,,3121070
Granollers,Spain,,3121145
Gràcia,Spain,,3121245
Gijón,Spain,,3121424
Getafe,Spain,,3121437
Girona,Spain,,3121456
Gavà,Spain,,3121519
Gamonal,Spain,,3121663
Galdakao,Spain,,3121751
Galapagar,Spain,,3121766
Hondarribia,Spain,,3121881
Fuenlabrada,Spain,,3121960
Fuencarral,Spain,,3121969
Figueres,Spain,,3122453
Esplugues de Llobregat,Spain,,3122826
Esparreguera,Spain,,3122912
Ermua,Spain,,3123063
Erandio,Spain,,3123104
Entrevías,Spain,,3123115
El Prat de Llobregat,Spain,,3123329
El Goloso,Spain,,3123477
Ferrol,Spain,,3123493
El Escorial,Spain,,3123504
Campamento,Spain,,3123608
El Astillero,Spain,,3123667
el Raval,Spain,,3123673
Ejea de los Caballeros,Spain,,3123688
Eibar,Spain,,3123709
Durango,Spain,,3123773
Culleredo,Spain,,3124041
Cuenca,Spain,,3124132
Coslada,Spain,,3124408
Cornellà de Llobregat,Spain,,3124569
Colmenar Viejo,Spain,,3124765
Collado-Villalba,Spain,,3124794
el Clot,Spain,,3124932
Ciudad Lineal,Spain,,3124964
Ciutadella,Spain,,3124967
Ciempozuelos,Spain,,3125082
Chamartín,Spain,,3125239
Castro-Urdiales,Spain,,3125621
Castelldefels,Spain,,3125897
Castellar del Vallès,Spain,,3125915
Cardedeu,Spain,,3126317
Carballo,Spain,,3126369
Canovelles,Spain,,3126534
Canillejas,Spain,,3126558
Canillas,Spain,,3126563
Cangas do Morrazo,Spain,,3126577
Cambrils,Spain,,3126888
Cambre,Spain,,3126890
Camargo,Spain,,3126917
Calella,Spain,,3127007
Caldes de Montbui,Spain,,3127035
Calatayud,Spain,,3127047
Calahorra,Spain,,3127065
Calafell,Spain,,3127066
Burlata,Spain,,3127451
Burgos,Spain,,3127461
Boiro,Spain,,3127889
Boadilla del Monte,Spain,,3127958
Blanes,Spain,,3127978
Bilbao,Spain,,3128026
Bermeo,Spain,,3128174
Berga,Spain,,3128201
Benicàssim,Spain,,3128272
Benicarló,Spain,,3128273
Benavente,Spain,,3128291
Béjar,Spain,,3128382
la Barceloneta,Spain,,3128757
Barcelona,Spain,,3128760
Barbastro,Spain,,3128795
Barañáin,Spain,,3128824
Barajas de Madrid,Spain,,3128832
Banyoles,Spain,,3128885
Balaguer,Spain,,3128978
Badalona,Spain,,3129028
Azuqueca de Henares,Spain,,3129046
Avilés,Spain,,3129135
Ávila,Spain,,3129136
Arteixo,Spain,,3129329
Arroyomolinos,Spain,,3129356
Arganda,Spain,,3129636
Arenys de Mar,Spain,,3129661
Aravaca,Spain,,3129827
Aranjuez,Spain,,3129857
Aranda de Duero,Spain,,3129877
Amposta,Spain,,3130131
Amorebieta,Spain,,3130137
Algorta,Spain,,3130380
Algete,Spain,,3130383
Alcorcón,Spain,,3130564
Alcobendas,Spain,,3130583
Alcañiz,Spain,,3130606
Alcalá de Henares,Spain,,3130616
Nou Barris,Spain,,6252065
Pinar de Chamartín,Spain,,6324376
Playa del Ingles,Spain,,6354969
Puerto del Carmen,Spain,,6355013
Ceuta,Spain,,6362987
Moncloa-Aravaca,Spain,,6544099
Eixample,Spain,,6544100
Les Corts,Spain,,6544101
Sarrià-Sant Gervasi,Spain,,6544102
Horta-Guinardó,Spain,,6544103
Sants-Montjuïc,Spain,,6544104
Sant Martí,Spain,,6544105
Ciutat Vella,Spain,,6544106
Arganzuela,Spain,,6544487
San Blas-Canillejas,Spain,,6544488
Latina,Spain,,6544489
Usera,Spain,,6544490
Salamanca,Spain,,6544491
Chamberí,Spain,,6544492
Carabanchel,Spain,,6544493
Madrid Centro,Spain,,6544494
Retiro,Spain,,6544495
Barri Gòtic,Spain,,6544577
Lavapiés,Spain,,6545078
Cuatro Caminos,Spain,,6545089
El Viso,Spain,,6545097
Poble Sec,Spain,,6545103
Hostafrancs,Spain,,6545104
La Bordeta,Spain,,6545105
La Bonanova,Spain,,6545107
Las Tres Torres,Spain,,6545108
el Poblenou,Spain,,6545114
El Carmel,Spain,,6545261
l'Alfàs del Pi,Spain,,6559503
Las Gabias,Spain,,6559641
Delicias,Spain,,6615440
Almozara,Spain,,6615442
Montecanal,Spain,,6615443
Oliver-Valdefierro,Spain,,6615444
Santutxu,Spain,,6618856
Fort Pienc,Spain,,6690784
Dreta de l'Eixample,Spain,,6690786
Vallcarca,Spain,,6690791
Sagrada Família,Spain,,6690794
Sant Martí de Provençals,Spain,,6690839
Los Realejos,Spain,,6692471
Pasaia,Spain,,6693088
Basauri,Spain,,6697039
Sant Agustí,Spain,,6941125
Llefià,Spain,,6943537
Stadtzentrum,Spain,,6949575
Corvera de Asturias,Spain,,7115111
Tres Cantos,Spain,,7577022
Iturrama,Spain,,8050879
Ermitagaña,Spain,,8050880
Primer Ensanche,Spain,,8050888
Segundo Ensanche,Spain,,8050889
Fuencarral-El Pardo,Spain,,8285534
Villa de Vallecas,Spain,,8285535
Natahoyo,Spain,,8629192
Sarrià,Spain,,11549772
l'Antiga Esquerra de l'Eixample,Spain,,11549773
el Baix Guinardó,Spain,,11549774
la Prosperitat,Spain,,11549776
el Putxet i el Farró,Spain,,11549777
Provenals del Poblenou,Spain,,11549778
Sant Antoni,Spain,,11549779
la Vila de Gràcia,Spain,,11549783
la Nova Esquerra de l'Eixample,Spain,,11549784
Porta,Spain,,11549785
Sants - Badal,Spain,,11549787
la Maternitat i Sant Ramon,Spain,,11549788
Sant Gervasi - Galvany,Spain,,11549789
el Camp d'en Grassot i Gràcia Nova,Spain,,11549791
la Marina de Port,Spain,,11549793
Vilapicina i la Torre Llobeta,Spain,,11549794
el Camp de l'Arpa del Clot,Spain,,11549795
Navas,Spain,,11549805
la Guineueta,Spain,,11549806
les Roquetes,Spain,,11549807
la Verneda i la Pau,Spain,,11549811
el Turó de la Peira,Spain,,11549813
el Besòs i el Maresme,Spain,,11549814
el Guinardó,Spain,,11549815
Barri de Sant Andreu,Spain,,11549820
Barri de les Corts,Spain,,11549821
Almendrales,Spain,,11549926
Justicia,Spain,,11549927
Casco Histórico de Vallecas,Spain,,11549928
Castellana,Spain,,11549929
Casco Histórico de Vicálvaro,Spain,,11549930
Apostol Santiago,Spain,,11549931
Niño Jesús,Spain,,11549932
Lista,Spain,,11549933
Embajadores,Spain,,11549934
Valdezarza,Spain,,11549935
Nueva España,Spain,,11549937
Chopera,Spain,,11549938
Ibiza,Spain,,11549939
Puerta del Angel,Spain,,11549940
Recoletos,Spain,,11549942
Gaztambide,Spain,,11549943
Goya,Spain,,11549944
Fuente del Berro,Spain,,11549945
Arapiles,Spain,,11549946
Imperial,Spain,,11549947
Acacias,Spain,,11549948
Palacio,Spain,,11549949
Universidad,Spain,,11549950
Legazpi,Spain,,11549951
Delicias,Spain,,11549952
Palos de Moguer,Spain,,11549953
Pacífico,Spain,,11549954
Adelfas,Spain,,11549955
Estrella,Spain,,11549956
Guindalera,Spain,,11549958
Ciudad Jardín,Spain,,11549959
Hispanoamérica,Spain,,11549960
Berruguete,Spain,,11549961
Castilla,Spain,,11549962
Bellas Vistas,Spain,,11549963
Castillejos,Spain,,11549964
Almenara,Spain,,11549965
Valdeacederas,Spain,,11549966
Trafalgar,Spain,,11549967
Almagro,Spain,,11549968
Rios Rosas,Spain,,11549969
Vallehermoso,Spain,,11549970
Costillares,Spain,,11549972
Argüelles,Spain,,11549973
Pilar,Spain,,11549974
Lucero,Spain,,11549975
Vista Alegre,Spain,,11549977
Comillas,Spain,,11549978
Opañel,Spain,,11549979
La Paz,Spain,,11549980
Pueblo Nuevo,Spain,,11549981
Concepción,Spain,,11549983
Valverde,Spain,,11549984
Las Águilas,Spain,,11549985
Puerta Bonita,Spain,,11549986
Cármenes,Spain,,11549988
Aluche,Spain,,11549989
San Isidro,Spain,,11549990
Mirasierra,Spain,,11549991
Ciudad Universitaria,Spain,,11549993
Numancia,Spain,,11549994
Buenavista,Spain,,11549995
Abrantes,Spain,,11549996
Orcasitas,Spain,,11549997
Quintana,Spain,,11549999
Marroquina,Spain,,11550000
San Fermín,Spain,,11550001
Moscardó,Spain,,11550002
Pradolongo,Spain,,11550004
Portazgo,Spain,,11550005
San Diego,Spain,,11550006
Palomeras Bajas,Spain,,11550008
Palomeras Sureste,Spain,,11550009
Media Legua,Spain,,11550010
Fontarrón,Spain,,11550011
Vinateros,Spain,,11550012
Ventas,Spain,,11550013
San Pascual,Spain,,11550014
Piovera,Spain,,11550018
Pinar del Rey,Spain,,11550020
San Cristobal,Spain,,11550021
Los Rosales,Spain,,11550022
Los Angeles,Spain,,11550023
Santa Eugenia,Spain,,11550024
Valdefuentes,Spain,,11550025
Butarque,Spain,,11550026
Simancas,Spain,,11550027
Arcos,Spain,,11550028
Rosas,Spain,,11550029
Rejas,Spain,,11550030
Waal,Ethiopia,,53904
Fadhigaradle,Ethiopia,,62780
Ziway,Ethiopia,,325579
Yirga Ch’efē,Ethiopia,,325779
Yirga ‘Alem,Ethiopia,,325780
Yabēlo,Ethiopia,,326036
Wik’ro,Ethiopia,,326116
Werota,Ethiopia,,326206
Were Īlu,Ethiopia,,326259
Wenjī,Ethiopia,,326308
Wendo,Ethiopia,,326321
Wenago,Ethiopia,,326333
Welk’īt’ē,Ethiopia,,326355
Welench’ītī,Ethiopia,,326383
Weldiya,Ethiopia,,326406
Waka,Ethiopia,,326669
Tulu Bolo,Ethiopia,,327234
T’īs Isat,Ethiopia,,327472
Tīlīlī,Ethiopia,,327544
Tikil Dingay,Ethiopia,,327567
Tēpī,Ethiopia,,327694
Tarch’a Sodo,Ethiopia,,327913
Suntu,Ethiopia,,328069
Sīrē,Ethiopia,,328316
Shonē,Ethiopia,,328492
Sheraro,Ethiopia,,328592
Sheno,Ethiopia,,328598
Shashamane,Ethiopia,,328689
Shambu,Ethiopia,,328709
Shakiso,Ethiopia,,328716
Sendafa,Ethiopia,,328880
Sek’ot’a,Ethiopia,,328962
Sebeta,Ethiopia,,329114
Sagurē,Ethiopia,,329432
Robīt,Ethiopia,,329586
Robit,Ethiopia,,329592
Bale Robe,Ethiopia,,329607
Nek’emtē,Ethiopia,,330118
Nejo,Ethiopia,,330120
Negēlē,Ethiopia,,330134
Nefas Mewch’a,Ethiopia,,330158
Nazrēt,Ethiopia,,330186
Mot’a,Ethiopia,,330425
Mojo,Ethiopia,,330491
Mīzan Teferī,Ethiopia,,330534
Mīlē,Ethiopia,,330652
Mī’ēso,Ethiopia,,330691
Metu,Ethiopia,,330764
Metemma,Ethiopia,,330789
Metahāra,Ethiopia,,330811
Mertule Maryam,Ethiopia,,330874
Mersa,Ethiopia,,330888
Mer’āwī,Ethiopia,,330945
Mendī,Ethiopia,,331038
Mena,Ethiopia,,331064
Mek’ī,Ethiopia,,331163
Mek'ele,Ethiopia,,331180
Mehal Mēda,Ethiopia,,331226
Maych’ew,Ethiopia,,331416
Mambuk,Ethiopia,,331630
Maksenyit,Ethiopia,,331671
Lumamē,Ethiopia,,331872
Logīya,Ethiopia,,331958
Leku,Ethiopia,,332129
Lalibela,Ethiopia,,332288
Kuyera,Ethiopia,,332372
Korem,Ethiopia,,332746
K’olīto,Ethiopia,,332880
K’ola Diba,Ethiopia,,332896
Kofelē,Ethiopia,,332938
Kibre Mengist,Ethiopia,,333103
Kemisē,Ethiopia,,333356
Kombolcha,Ethiopia,,333373
Kele,Ethiopia,,333421
Kebri Dahar,Ethiopia,,333516
Kachīsī,Ethiopia,,333680
Jinka,Ethiopia,,333750
Jimma,Ethiopia,,333772
Jijiga,Ethiopia,,333795
Īteya,Ethiopia,,334043
Intich’o,Ethiopia,,334124
Insēno,Ethiopia,,334137
Injibara,Ethiopia,,334152
Inda Silasē,Ethiopia,,334227
Indabaguna,Ethiopia,,334252
Idaga Hamus,Ethiopia,,334478
Ibnat,Ethiopia,,334495
Huruta,Ethiopia,,334529
Hosa’ina,Ethiopia,,334609
Hīrna,Ethiopia,,334700
Hāyk’,Ethiopia,,334826
Hartīshēk,Ethiopia,,334898
Harar,Ethiopia,,335035
Harbu,Ethiopia,,335063
Hāgere Hiywet,Ethiopia,,335288
Hadero,Ethiopia,,335324
El Bahay,Ethiopia,,335425
Gurbetē,Ethiopia,,335478
Komtikas,Ethiopia,,335808
Gonder,Ethiopia,,336014
Gode,Ethiopia,,336259
Gobēsa,Ethiopia,,336317
Goba,Ethiopia,,336350
Waliso,Ethiopia,,336372
Ghinnir,Ethiopia,,336454
Gīnch’ī,Ethiopia,,336475
Gimja Bēt Maryam,Ethiopia,,336481
Gīmbīcho,Ethiopia,,336491
Gimbi,Ethiopia,,336496
Raqo,Ethiopia,,336511
Gīdolē,Ethiopia,,336526
Gasuba,Ethiopia,,336760
Genet,Ethiopia,,336931
Gelemso,Ethiopia,,337010
Gēdo,Ethiopia,,337083
Gedeb,Ethiopia,,337114
Gebre Guracha,Ethiopia,,337152
Gambēla,Ethiopia,,337405
Funyan Bīra,Ethiopia,,337614
Finote Selam,Ethiopia,,337712
Filakit,Ethiopia,,337748
Fichē,Ethiopia,,337771
Felege Neway,Ethiopia,,337853
Felana,Ethiopia,,337864
Golwayn,Ethiopia,,338123
Duramē,Ethiopia,,338404
Dubti,Ethiopia,,338554
Dolo,Ethiopia,,338670
Dodola,Ethiopia,,338726
Dire Dawa,Ethiopia,,338832
Dīla,Ethiopia,,338998
Dibate,Ethiopia,,339159
Dessie,Ethiopia,,339219
Dēra,Ethiopia,,339319
Dembī Dolo,Ethiopia,,339448
Dembech’a,Ethiopia,,339473
Degeh Bur,Ethiopia,,339594
Deder,Ethiopia,,339629
Bishoftu,Ethiopia,,339666
Debre Tabor,Ethiopia,,339686
Debre Mark’os,Ethiopia,,339708
Debre Birhan,Ethiopia,,339734
Debark’,Ethiopia,,339823
Dayē,Ethiopia,,339846
Dangila,Ethiopia,,340008
Dabat,Ethiopia,,340358
Ciro,Ethiopia,,340573
Ch’īna Hasen,Ethiopia,,340754
Ch’iko,Ethiopia,,340787
Sifra,Ethiopia,,340799
Ch’ench’a,Ethiopia,,340897
Ch’elenk’o,Ethiopia,,340938
Butajīra,Ethiopia,,341297
Burē,Ethiopia,,341397
Bonga,Ethiopia,,341742
Bodītī,Ethiopia,,341877
Bichena,Ethiopia,,342190
Bale Hawassa,Ethiopia,,342445
Bek’ojī,Ethiopia,,342478
Bedēsa,Ethiopia,,342558
Bedēsa,Ethiopia,,342559
Bedelē,Ethiopia,,342567
Batī,Ethiopia,,342641
Bambesi,Ethiopia,,342788
Bako,Ethiopia,,342856
Bahir Dar,Ethiopia,,342884
Babīlē,Ethiopia,,342965
Āykel,Ethiopia,,343050
Āyana,Ethiopia,,343081
Āwash,Ethiopia,,343134
Awasa,Ethiopia,,343137
Āt’aye,Ethiopia,,343244
Āsosa,Ethiopia,,343292
Āsela,Ethiopia,,343370
Āsbe Teferī,Ethiopia,,343402
Asaita,Ethiopia,,343409
Āsasa,Ethiopia,,343413
Arerti,Ethiopia,,343562
Āreka,Ethiopia,,343593
Arba Minch,Ethiopia,,343663
Ārabī,Ethiopia,,343749
Ara Ali,Ethiopia,,343759
Amba Giorgis,Ethiopia,,344102
‘Alem T’ēna,Ethiopia,,344267
‘Alem Ketema,Ethiopia,,344272
‘Alemaya,Ethiopia,,344282
Alamata,Ethiopia,,344357
Aksum,Ethiopia,,344420
Hagere Maryam,Ethiopia,,344620
Āgaro,Ethiopia,,344661
Adwa,Ethiopia,,344797
Ādīs Zemen,Ethiopia,,344923
Ādīs K’idamē,Ethiopia,,344928
Ādīs ‘Alem,Ethiopia,,344976
Addis Ababa,Ethiopia,,344979
Ādīgrat,Ethiopia,,345149
Ādēt,Ethiopia,,345353
Abomsa,Ethiopia,,345704
Ābīy Ādī,Ethiopia,,345731
Ābderafī,Ethiopia,,345818
Abala,Ethiopia,,345902
Qorof,Ethiopia,,444998
Kahandhale,Ethiopia,,6311119
Lasoano,Ethiopia,,6311120
Neefkuceliye,Ethiopia,,6311121
Yamarugley,Ethiopia,,6311122
Sodo,Ethiopia,,7910079
Kobo,Ethiopia,,8620932
Arsi Negele,Ethiopia,,8643798
Digih Habar Es,Ethiopia,,10239401
Chagni,Ethiopia,,11048860
Shendi,Ethiopia,,11048861
Burayu,Ethiopia,,12640444
Guder,Ethiopia,,12640445
May Cadera,Ethiopia,,12640446
Mehoni,Ethiopia,,12640447
Shinshicho,Ethiopia,,12640449
Wonji,Ethiopia,,12640451
Worabe,Ethiopia,,12640452
Adebaye,Ethiopia,,12640453
Damboya,Ethiopia,,12640454
Ginja Bet,Ethiopia,,12640455
Gutin,Ethiopia,,12640456
Kercha,Ethiopia,,12640458
Wacha,Ethiopia,,12640459
Wegeda,Ethiopia,,12640460
Ylöjärvi,Finland,,630752
Vuosaari,Finland,,631077
Vihti,Finland,,631707
Varkaus,Finland,,632370
Vantaa,Finland,,632453
Valkeakoski,Finland,,632672
Vaasa,Finland,,632978
Uusikaupunki,Finland,,633221
Tuusula,Finland,,633591
Turku,Finland,,633679
Tornio,Finland,,634093
Tampere,Finland,,634963
Taka-Töölö,Finland,,635080
Siilinjärvi,Finland,,636947
Sibbo,Finland,,637067
Seinäjoki,Finland,,637219
Savonlinna,Finland,,637292
Salo,Finland,,637948
Rovaniemi,Finland,,638936
Riihimäki,Finland,,639406
Rauma,Finland,,639734
Raisio,Finland,,640124
Raahe,Finland,,640276
Pori,Finland,,640999
Pitäjänmäki,Finland,,641374
Pirkkala,Finland,,641489
Oulunkylä,Finland,,643487
Oulu,Finland,,643492
Nurmijärvi,Finland,,644171
Nokia,Finland,,644450
Munkkiniemi,Finland,,645691
Mikkeli,Finland,,646005
Mellunkylä,Finland,,646218
Matinkylä,Finland,,646421
Mäntsälä,Finland,,646723
Lovisa,Finland,,647571
Loimaa,Finland,,647731
Lohja,Finland,,647751
Lieto,Finland,,648056
Leppävaara,Finland,,648232
Lempäälä,Finland,,648366
Lauttasaari,Finland,,648635
Laukaa,Finland,,648738
Lappeenranta,Finland,,648900
Lahti,Finland,,649360
Kirkkonummi,Finland,,649630
Kuusamo,Finland,,649924
Kuopio,Finland,,650224
Kouvola,Finland,,650859
Kotka,Finland,,650946
Korsholm,Finland,,651299
Kokkola,Finland,,651943
Klaukkala,Finland,,652305
Kerava,Finland,,653185
Kemi,Finland,,653281
Karhula,Finland,,654137
Kangasala,Finland,,654440
Kallio,Finland,,654706
Kajaani,Finland,,654899
Kaarina,Finland,,655130
Kaarela,Finland,,655143
Jyväskylä,Finland,,655194
Joensuu,Finland,,655808
Järvenpää,Finland,,655958
Janakkala,Finland,,656073
Jämsä,Finland,,656083
Jakobstad,Finland,,656130
Imatra,Finland,,656688
Iisalmi,Finland,,656820
Hyvinge,Finland,,656913
Hollola,Finland,,657530
Hervanta,Finland,,658120
Herttoniemi,Finland,,658132
Helsinki,Finland,,658225
Heinola,Finland,,658288
Haukipudas,Finland,,658629
Hamina,Finland,,659169
Hämeenlinna,Finland,,659180
Haaga,Finland,,659717
Forssa,Finland,,659935
Espoo,Finland,,660158
Laajasalo,Finland,,660407
Porvoo,Finland,,660561
Anjala,Finland,,661164
Viikki,Finland,,798763
Olari,Finland,,843404
Myyrmäki,Finland,,847422
Suutarila,Finland,,847506
Suurmetsä,Finland,,847507
Pohjois-Hervanta,Finland,,6940573
Espoonlahti,Finland,,7521636
Väståboland,Finland,,7911309
Sastamala,Finland,,8198723
Vartiokylä,Finland,,11962456
East Helsinki,Finland,,12747032
Suva,Fiji,,2198148
Sigatoka,Fiji,,2198365
Nadi,Fiji,,2202064
Lautoka,Fiji,,2204506
Labasa,Fiji,,2204582
Nasinu,Fiji,,8740209
Stanley,Falkland Islands (Malvinas),,3426691
Palikir - National Government Center,"Micronesia, Federated States of",,2081986
Tórshavn,Faroe Islands,,2611396
Yerres,France,,2967245
Wittenheim,France,,2967318
Wattrelos,France,,2967421
Wasquehal,France,,2967438
Voiron,France,,2967758
Vitry-sur-Seine,France,,2967849
Vitry-le-François,France,,2967856
Vitrolles,France,,2967870
Vitré,France,,2967879
Viry-Châtillon,France,,2967917
Viroflay,France,,2967934
Vincennes,France,,2968054
Villiers-sur-Marne,France,,2968142
Villiers-le-Bel,France,,2968176
Villeurbanne,France,,2968254
Villers-lès-Nancy,France,,2968368
Villepinte,France,,2968482
Villeparisis,France,,2968496
Villeneuve-sur-Lot,France,,2968515
Villeneuve-Saint-Georges,France,,2968529
Villeneuve-le-Roi,France,,2968546
Villeneuve-la-Garenne,France,,2968555
Villenave-d'Ornon,France,,2968620
Villemomble,France,,2968653
Villejuif,France,,2968705
Villefranche-sur-Saône,France,,2968748
Villefontaine,France,,2968771
Vigneux-sur-Seine,France,,2969109
Vierzon,France,,2969257
Vienne,France,,2969284
Vichy,France,,2969392
Vesoul,France,,2969562
Vertou,France,,2969612
Versailles,France,,2969679
Verrières-le-Buisson,France,,2969692
Vernon,France,,2969766
Verneuil-sur-Seine,France,,2969796
Verdun,France,,2969958
Vénissieux,France,,2970072
Vendôme,France,,2970110
Vence,France,,2970148
Vélizy-Villacoublay,France,,2970203
Vauréal,France,,2970432
Vaulx-en-Velin,France,,2970456
Vanves,France,,2970761
Vannes,France,,2970777
Vandœuvre-lès-Nancy,France,,2970797
Vallauris,France,,2970962
Valenciennes,France,,2971041
Valence,France,,2971053
Tulle,France,,2971482
Troyes,France,,2971549
Tremblay-en-France,France,,2971874
Trappes,France,,2972049
Tours,France,,2972191
Tournefeuille,France,,2972237
Tourlaville,France,,2972270
Tourcoing,France,,2972284
Toulouse,France,,2972315
Toulon,France,,2972328
Toul,France,,2972350
Torcy,France,,2972444
Thonon-les-Bains,France,,2972742
Thionville,France,,2972811
Thiais,France,,2972893
Tergnier,France,,2973146
Taverny,France,,2973258
Tassin-la-Demi-Lune,France,,2973317
Tarbes,France,,2973385
Talence,France,,2973495
Suresnes,France,,2973675
Sucy-en-Brie,France,,2973745
Strasbourg,France,,2973783
Stains,France,,2973841
Sotteville-lès-Rouen,France,,2974153
Sorgues,France,,2974188
Soisy-sous-Montmorency,France,,2974385
Soissons,France,,2974389
Six-Fours-les-Plages,France,,2974427
Sin-le-Noble,France,,2974494
Seynod,France,,2974655
Sèvres,France,,2974678
Sevran,France,,2974681
Sète,France,,2974733
Sens,France,,2975050
Senlis,France,,2975088
Sélestat,France,,2975233
Sedan,France,,2975349
Schiltigheim,France,,2975446
Sceaux,France,,2975469
Savigny-sur-Orge,France,,2975525
Savigny-le-Temple,France,,2975536
Saumur,France,,2975758
Sartrouville,France,,2975921
Sarreguemines,France,,2975964
Sarcelles,France,,2976043
Saran,France,,2976050
Sannois,France,,2976179
Sanary-sur-Mer,France,,2976258
Salon-de-Provence,France,,2976341
Sallanches,France,,2976406
Saint-Sébastien-sur-Loire,France,,2976984
Saint-Raphaël,France,,2977246
Saint-Quentin,France,,2977295
Saint-Priest,France,,2977356
Saint-Pol-sur-Mer,France,,2977388
Saint-Pierre-des-Corps,France,,2977491
Saint-Ouen-l'Aumône,France,,2977800
Saint-Ouen,France,,2977824
Saint-Omer,France,,2977845
Saint-Nazaire,France,,2977921
Saint-Michel-sur-Orge,France,,2977952
Saint-Médard-en-Jalles,France,,2978072
Saint-Maximin-la-Sainte-Baume,France,,2978100
Saint-Maur-des-Fossés,France,,2978179
Saint-Martin-d'Hères,France,,2978317
Saint-Mandé,France,,2978621
Saint-Malo,France,,2978640
Saint-Loup,France,,2978722
Saint-Louis,France,,2978742
Saint-Lô,France,,2978758
Saint-Leu-la-Forêt,France,,2978768
Saint-Leu,France,,2978771
Saint-Laurent-du-Var,France,,2978891
Saint-Jean-de-la-Ruelle,France,,2979316
Saint-Jean-de-Braye,France,,2979341
Saint-Herblain,France,,2979590
Saint-Gratien,France,,2979627
Saint-Germain-en-Laye,France,,2979783
Saint-Genis-Laval,France,,2979985
Saint-Fons,France,,2980097
Saint-Étienne-du-Rouvray,France,,2980236
Saint-Étienne,France,,2980291
Saintes,France,,2980340
Sainte-Marguerite,France,,2980467
Sainte-Geneviève-des-Bois,France,,2980558
Sainte-Foy-lès-Lyon,France,,2980586
Saint-Égrève,France,,2980636
Saint-Dizier,France,,2980816
Saint-Dié-des-Vosges,France,,2980827
Saint-Denis,France,,2980916
Saint-Cyr-sur-Loire,France,,2980935
Saint-Cyr-l'École,France,,2980942
Saint-Cloud,France,,2981041
Saint-Chamond,France,,2981206
Saint-Brieuc,France,,2981280
Saint-Avold,France,,2981492
Saint-Avertin,France,,2981512
Saint-Amand-les-Eaux,France,,2981839
Rueil-Malmaison,France,,2982235
Royan,France,,2982343
Rouen,France,,2982652
Roubaix,France,,2982681
Rosny-sous-Bois,France,,2982757
Ronchin,France,,2982944
Romorantin-Lanthenay,France,,2982967
Romans-sur-Isère,France,,2983011
Romainville,France,,2983026
Roissy-en-Brie,France,,2983074
Rodez,France,,2983154
Rochefort,France,,2983276
Roanne,France,,2983362
Ris-Orangis,France,,2983440
Riom,France,,2983489
Rillieux-la-Pape,France,,2983536
Rezé,France,,2983770
Rennes,France,,2983990
Reims,France,,2984114
Rambouillet,France,,2984513
Quimper,France,,2984701
Puteaux,France,,2985034
Port-de-Bouc,France,,2986025
Pontoise,France,,2986140
Pontivy,France,,2986160
Pontarlier,France,,2986302
Pont-à-Mousson,France,,2986306
Poitiers,France,,2986495
Poissy,France,,2986501
Ploemeur,France,,2986732
Plaisir,France,,2986930
Plaisance-du-Touch,France,,2986933
Pierrefitte-sur-Seine,France,,2987271
Pessac,France,,2987805
Pertuis,France,,2987825
Perpignan,France,,2987914
Périgueux,France,,2987967
Pau,France,,2988358
Paris,France,,2988507
Pantin,France,,2988621
Pamiers,France,,2988670
Palaiseau,France,,2988758
Ozoir-la-Ferrière,France,,2988867
Oyonnax,France,,2988888
Outreau,France,,2988936
Oullins,France,,2988998
Osny,France,,2989130
Orvault,France,,2989170
Orsay,France,,2989204
Orly,France,,2989297
Orléans,France,,2989317
Orange,France,,2989460
Olivet,France,,2989611
Octeville,France,,2989755
Noyon,France,,2989877
Noisy-le-Sec,France,,2990187
Noisy-le-Grand,France,,2990189
Noisiel,France,,2990192
Nogent-sur-Oise,France,,2990264
Nogent-sur-Marne,France,,2990265
Niort,France,,2990355
Nîmes,France,,2990363
Nice,France,,2990440
Nevers,France,,2990474
Neuilly-sur-Seine,France,,2990611
Neuilly-sur-Marne,France,,2990612
Neuilly-Plaisance,France,,2990616
Narbonne,France,,2990919
Nantes,France,,2990969
Nanterre,France,,2990970
Nancy,France,,2990999
Muret,France,,2991153
Mulhouse,France,,2991214
Moulins,France,,2991481
Mougins,France,,2991551
Morsang-sur-Orge,France,,2991719
Morlaix,France,,2991772
Mont-Saint-Aignan,France,,2992003
Montrouge,France,,2992017
Montreuil,France,,2992090
Montpellier,France,,2992166
Montmorency,France,,2992229
Montluçon,France,,2992292
Montivilliers,France,,2992367
Montigny-lès-Metz,France,,2992402
Montigny-lès-Cormeilles,France,,2992404
Montigny-le-Bretonneux,France,,2992415
Montgeron,France,,2992536
Montfermeil,France,,2992616
Montesson,France,,2992650
Montereau-Fault-Yonne,France,,2992671
Montélimar,France,,2992703
Mont-de-Marsan,France,,2992771
Montceau-les-Mines,France,,2992863
Montbrison,France,,2992890
Montbéliard,France,,2992938
Montauban,France,,2993002
Montargis,France,,2993024
Mons-en-Barœul,France,,2993207
Moissy-Cramayel,France,,2993572
Mitry-Mory,France,,2993679
Miramas,France,,2993760
Millau,France,,2993875
Meyzieu,France,,2994048
Meylan,France,,2994087
Meudon,France,,2994144
Metz,France,,2994160
Mérignac,France,,2994393
Menton,France,,2994497
Melun,France,,2994651
Meaux,France,,2994798
Mazargues,France,,2994895
Mayenne,France,,2994935
Maurepas,France,,2995041
Mauguio,France,,2995121
Maubeuge,France,,2995150
Massy,France,,2995206
Martigues,France,,2995387
Marseille,France,,2995469
Marmande,France,,2995642
Marly-le-Roi,France,,2995652
Marignane,France,,2995750
Marcq-en-Barœul,France,,2995908
Mantes-la-Ville,France,,2996146
Mantes-la-Jolie,France,,2996148
Manosque,France,,2996180
Mandelieu-la-Napoule,France,,2996255
Malakoff,France,,2996514
Maisons-Laffitte,France,,2996564
Maisons-Alfort,France,,2996568
Mâcon,France,,2996882
Lyon,France,,2996944
Lunéville,France,,2997110
Lunel,France,,2997116
Lucé,France,,2997246
Louviers,France,,2997336
Lourdes,France,,2997395
Lormont,France,,2997556
Lorient,France,,2997577
Loos,France,,2997620
Lons-le-Saunier,France,,2997626
Longjumeau,France,,2997712
Lomme,France,,2997803
Lognes,France,,2997904
Livry-Gargan,France,,2998056
L'Isle-sur-la-Sorgue,France,,2998127
Lisieux,France,,2998150
Lingolsheim,France,,2998224
Limoges,France,,2998286
Limeil-Brévannes,France,,2998305
Limay,France,,2998311
Lille,France,,2998324
Liévin,France,,2998431
Libourne,France,,2998517
L'Haÿ-les-Roses,France,,2998632
Le Vésinet,France,,2998854
Levallois-Perret,France,,2998975
Les Sables-d'Olonne,France,,2999683
Les Pennes-Mirabeau,France,,3000047
Les Pavillons-sous-Bois,France,,3000060
Les Olives,France,,3000138
Les Mureaux,France,,3000192
Les Lilas,France,,3000491
Les Herbiers,France,,3000648
Les Clayes-sous-Bois,France,,3001402
Le Puy-en-Velay,France,,3002465
Le Pré-Saint-Gervais,France,,3002499
Le Pontet,France,,3002570
Le Plessis-Trévise,France,,3002647
Le Plessis-Robinson,France,,3002650
Le Petit-Quevilly,France,,3002880
Le Perreux-sur-Marne,France,,3002965
Le Pecq,France,,3002984
Lens,France,,3003093
Le Mée-sur-Seine,France,,3003481
Le Mans,France,,3003603
Le Kremlin-Bicêtre,France,,3003737
Le Havre,France,,3003796
Le Grand-Quevilly,France,,3003952
Le Creusot,France,,3004427
Le Chesnay,France,,3004630
Le Cannet,France,,3004871
Le Bouscat,France,,3005066
Le Blanc-Mesnil,France,,3005269
Laxou,France,,3005417
La Valette-du-Var,France,,3005825
Laval,France,,3005866
Lattes,France,,3006121
La Teste-de-Buch,France,,3006283
La Seyne-sur-Mer,France,,3006414
La Roche-sur-Yon,France,,3006767
La Rochelle,France,,3006787
La Pomme,France,,3007221
Laon,France,,3007477
Lannion,France,,3007609
Lanester,France,,3007794
Landerneau,France,,3007874
Lambersart,France,,3008218
La Madeleine,France,,3008379
Lagny-sur-Marne,France,,3009071
La Garenne-Colombes,France,,3009169
La Garde,France,,3009223
La Flèche,France,,3009443
La Crau,France,,3009791
La Courneuve,France,,3009824
La Ciotat,France,,3010025
La Chapelle-sur-Erdre,France,,3010237
La Celle-Saint-Cloud,France,,3010529
Jouy-le-Moutier,France,,3012162
Joué-lès-Tours,France,,3012219
Joinville-le-Pont,France,,3012313
Ivry-sur-Seine,France,,3012621
Istres,France,,3012647
Issy-les-Moulineaux,France,,3012649
Issoire,France,,3012664
Illzach,France,,3012829
Illkirch-Graffenstaden,France,,3012834
Hyères,France,,3012937
Houilles,France,,3013097
Hérouville-Saint-Clair,France,,3013403
Herblay-sur-Seine,France,,3013477
Hénin-Beaumont,France,,3013525
Hem,France,,3013549
Hazebrouck,France,,3013619
Hayange,France,,3013627
Hautmont,France,,3013681
Yutz,France,,3013701
Haubourdin,France,,3013862
Halluin,France,,3014034
Haguenau,France,,3014078
Guyancourt,France,,3014143
Gujan-Mestras,France,,3014175
Guéret,France,,3014383
Guérande,France,,3014392
Grigny,France,,3014646
Grenoble,France,,3014728
Grasse,France,,3014856
Grande-Synthe,France,,3015160
Gradignan,France,,3015419
Goussainville,France,,3015490
Gonesse,France,,3015689
Givors,France,,3015902
Gif-sur-Yvette,France,,3016078
Gien,France,,3016097
Gentilly,France,,3016292
Gennevilliers,France,,3016321
Garges-lès-Gonesse,France,,3016621
Gardanne,France,,3016667
Garches,France,,3016675
Gap,France,,3016702
Gagny,France,,3016830
Frontignan,France,,3016956
Fresnes,France,,3017178
Fréjus,France,,3017253
Franconville,France,,3017341
Fougères,France,,3017609
Fos-sur-Mer,France,,3017651
Forbach,France,,3017805
Fontenay-sous-Bois,France,,3017910
Fontenay-le-Comte,France,,3017921
Fontenay-aux-Roses,France,,3017924
Fontainebleau,France,,3018074
Fontaine,France,,3018095
Floirac,France,,3018246
Fleury-les-Aubrais,France,,3018280
Flers,France,,3018339
Firminy,France,,3018455
Fécamp,France,,3018794
Faches-Thumesnil,France,,3019153
Eysines,France,,3019193
Évry,France,,3019256
Évreux,France,,3019265
Étampes,France,,3019459
La Baule-Escoublac,France,,3019766
Ermont,France,,3019897
Éragny,France,,3019952
Équeurdreville-Hainneville,France,,3019960
Épinay-sur-Seine,France,,3020020
Épinal,France,,3020035
Épernay,France,,3020062
Elbeuf,France,,3020307
Élancourt,France,,3020310
Écully,France,,3020392
Échirolles,France,,3020495
Eaubonne,France,,3020601
Dunkerque,France,,3020686
Dreux,France,,3020810
Draveil,France,,3020832
Drancy,France,,3020839
Draguignan,France,,3020850
Douarnenez,France,,3020996
Douai,France,,3021000
Domont,France,,3021150
Dole,France,,3021263
Dijon,France,,3021372
Digne-les-Bains,France,,3021382
Dieppe,France,,3021411
Deuil-la-Barre,France,,3021516
Denain,France,,3021605
Décines-Charpieu,France,,3021662
Dax,France,,3021670
Dammarie-les-Lys,France,,3021852
Cugnaux,France,,3022151
Croix,France,,3022376
Créteil,France,,3022530
Crépy-en-Valois,France,,3022569
Creil,France,,3022610
Cran-Gevrier,France,,3022700
Cournon-d'Auvergne,France,,3022988
Courbevoie,France,,3023141
Coulommiers,France,,3023240
Couëron,France,,3023324
Coudekerque-Branche,France,,3023356
Cormeilles-en-Parisis,France,,3023645
Corbeil-Essonnes,France,,3023763
Conflans-Sainte-Honorine,France,,3023924
Concarneau,France,,3024035
Compiègne,France,,3024066
Combs-la-Ville,France,,3024107
Pontault-Combault,France,,3024195
Colomiers,France,,3024223
Colombes,France,,3024266
Colmar,France,,3024297
Cognac,France,,3024440
Cluses,France,,3024532
Clichy-sous-Bois,France,,3024596
Clichy,France,,3024597
Clermont-Ferrand,France,,3024635
Clamart,France,,3024783
Cholet,France,,3025053
Choisy-le-Roi,France,,3025055
Chilly-Mazarin,France,,3025144
Chevilly-Larue,France,,3025314
Cherbourg-Octeville,France,,3025466
Chenôve,France,,3025496
Chennevières-sur-Marne,France,,3025509
Chelles,France,,3025622
Chaville,France,,3025715
Chaumont,France,,3025892
Chatou,France,,3026033
Châtillon,France,,3026083
Châtenay-Malabry,France,,3026108
Châtellerault,France,,3026141
Château-Thierry,France,,3026194
Châteauroux,France,,3026204
Châteaudun,France,,3026285
Chartres,France,,3026467
Charleville-Mézières,France,,3026613
Charenton-le-Pont,France,,3026637
Champs-sur-Marne,France,,3027014
Champigny-sur-Marne,France,,3027105
Chambéry,France,,3027422
Chamalières,France,,3027453
Chalon-sur-Saône,France,,3027484
Châlons-en-Champagne,France,,3027487
Challans,France,,3027513
Cestas,France,,3027763
Cesson-Sévigné,France,,3027767
Cergy,France,,3027883
Cenon,France,,3027950
Cavaillon,France,,3028134
Castres,France,,3028263
Castelnau-le-Lez,France,,3028337
Carvin,France,,3028486
Carrières-sous-Poissy,France,,3028521
Carquefou,France,,3028535
Carpentras,France,,3028542
Carcassonne,France,,3028641
Canteleu,France,,3028779
Cannes,France,,3028808
Cambrai,France,,3029030
Caluire-et-Cuire,France,,3029096
Calais,France,,3029162
Cahors,France,,3029213
Cagnes-sur-Mer,France,,3029227
Caen,France,,3029241
Cachan,France,,3029276
Bry-sur-Marne,France,,3029706
Brunoy,France,,3029748
Bruay-la-Buissière,France,,3029825
Bron,France,,3029931
Brive-la-Gaillarde,France,,3029974
Brignoles,France,,3030057
Brie-Comte-Robert,France,,3030101
Brétigny-sur-Orge,France,,3030257
Brest,France,,3030300
Bressuire,France,,3030303
Bourg-lès-Valence,France,,3030985
Bourg-la-Reine,France,,3030990
Bourges,France,,3031005
Bourg-en-Bresse,France,,3031009
Boulogne-sur-Mer,France,,3031133
Boulogne-Billancourt,France,,3031137
Bouguenais,France,,3031268
Bordeaux,France,,3031582
Bonneuil-sur-Marne,France,,3031709
Bondy,France,,3031815
Boissy-Saint-Léger,France,,3031898
Bois-Colombes,France,,3032070
Bobigny,France,,3032179
Blois,France,,3032213
Blanquefort,France,,3032340
Blagnac,France,,3032469
Bischheim,France,,3032551
Biarritz,France,,3032797
Bezons,France,,3032824
Béziers,France,,3032833
Béthune,France,,3033002
Besançon,France,,3033123
Bergerac,France,,3033391
Berck,France,,3033415
Berck-Plage,France,,3033416
Belfort,France,,3033791
Bègles,France,,3033881
Beauvais,France,,3034006
Beaune,France,,3034126
Bayonne,France,,3034475
Bayeux,France,,3034483
Bastia,France,,3034640
Bar-le-Duc,France,,3034911
Balma,France,,3035204
Bagnols-sur-Cèze,France,,3035396
Bagnolet,France,,3035403
Bagneux,France,,3035409
Avon,France,,3035654
Avion,France,,3035667
Avignon,France,,3035681
Auxerre,France,,3035843
Autun,France,,3035883
Aurillac,France,,3036016
Aulnay-sous-Bois,France,,3036145
Audincourt,France,,3036240
Auch,France,,3036281
Aubervilliers,France,,3036386
Aubagne,France,,3036433
Athis-Mons,France,,3036460
Asnières-sur-Seine,France,,3036572
Arras,France,,3036784
Armentières,France,,3036903
Arles,France,,3036938
Argenteuil,France,,3037044
Argentan,France,,3037051
Arcueil,France,,3037157
Antony,France,,3037423
Antibes,France,,3037456
Annonay,France,,3037514
Annemasse,France,,3037538
Annecy-le-Vieux,France,,3037540
Annecy,France,,3037543
Angoulême,France,,3037598
Anglet,France,,3037612
Angers,France,,3037656
Amiens,France,,3037854
Allauch,France,,3038159
Alfortville,France,,3038213
Alès,France,,3038224
Alençon,France,,3038230
Albi,France,,3038261
Albertville,France,,3038266
Ajaccio,France,,3038334
Aix-les-Bains,France,,3038350
Aix-en-Provence,France,,3038354
Agen,France,,3038634
Agde,France,,3038638
Achères,France,,3038712
Abbeville,France,,3038789
Villeneuve-d'Ascq,France,,6543862
Lyon 02,France,,6543968
Lyon 03,France,,6543969
Lyon 04,France,,6543970
Lyon 05,France,,6543971
Lyon 06,France,,6543972
Lyon 07,France,,6543973
Lyon 08,France,,6543974
Lyon 09,France,,6543975
Les Ulis,France,,6615536
Bourgoin-Jallieu,France,,6615539
Lyon 01,France,,6949674
Marseille 01,France,,7284882
Marseille 02,France,,7284883
Marseille 03,France,,7284884
Marseille 04,France,,7284885
Marseille 05,France,,7284886
Marseille 06,France,,7284887
Marseille 07,France,,7284888
Marseille 08,France,,7284889
Marseille 10,France,,7284890
Marseille 09,France,,7284891
Marseille 11,France,,7284892
Marseille 12,France,,7284893
Marseille 13,France,,7284894
Marseille 14,France,,7284895
Marseille 15,France,,7284896
Marseille 16,France,,7284897
La Defense,France,,8504417
Saint-Quentin-en-Yvelines,France,,8533870
Cergy-Pontoise,France,,8555643
La Blancarde,France,,11919748
Le Camas,France,,11919749
Saint-Barthélémy,France,,11919779
Marne La Vallée,France,,12278193
Quinze-Vingts,France,,12306362
Picpus,France,,12547038
Paris 10e Arrondissement,France,,12808653
Hôpital Saint-Louis,France,,12808654
Porte Saint-Denis,France,,12808655
Porte Saint-Martin,France,,12808656
Saint-Vincent de Paul,France,,12808657
Paris 11e Arrondissement,France,,12808658
Folie Méricourt,France,,12808659
Roquette,France,,12808660
Saint-Ambroise,France,,12808661
Sainte-Marguerite,France,,12808662
Paris 12e Arrondissement,France,,12808663
Bel-Air,France,,12808664
Paris 13e Arrondissement,France,,12808673
Croulebarbe,France,,12808674
Gare,France,,12808675
Maison Blanche,France,,12808676
Salpêtrière,France,,12808677
Tchibanga,Gabon,,2396253
Port-Gentil,Gabon,,2396518
Oyem,Gabon,,2396646
Owendo,Gabon,,2396657
Ntoum,Gabon,,2397169
Mouila,Gabon,,2398073
Moanda,Gabon,,2398269
Makokou,Gabon,,2399371
Libreville,Gabon,,2399697
Lambaréné,Gabon,,2399888
Koulamoutou,Gabon,,2399959
Franceville,Gabon,,2400555
Bitam,Gabon,,2401578
Akanda,Gabon,,12640495
York,United Kingdom,,2633352
Yeovil,United Kingdom,,2633373
Yeadon,United Kingdom,,2633397
Yate,United Kingdom,,2633406
Yarm,United Kingdom,,2633415
Wrexham,United Kingdom,,2633485
Worthing,United Kingdom,,2633521
Worksop,United Kingdom,,2633551
Workington,United Kingdom,,2633553
Worcester Park,United Kingdom,,2633561
Worcester,United Kingdom,,2633563
Wood Green,United Kingdom,,2633653
Woodford Green,United Kingdom,,2633655
Wombwell,United Kingdom,,2633681
Wolverhampton,United Kingdom,,2633691
Wokingham,United Kingdom,,2633708
Woking,United Kingdom,,2633709
Witney,United Kingdom,,2633729
Witham,United Kingdom,,2633749
Wishaw,United Kingdom,,2633765
Wisbech,United Kingdom,,2633771
Winsford,United Kingdom,,2633810
Windsor,United Kingdom,,2633842
Winchester,United Kingdom,,2633858
Wimbledon,United Kingdom,,2633866
Wilmslow,United Kingdom,,2633883
Willesden,United Kingdom,,2633907
Willenhall,United Kingdom,,2633912
Wigston Magna,United Kingdom,,2633936
Wigan,United Kingdom,,2633948
Widnes,United Kingdom,,2633954
Wickford,United Kingdom,,2633976
Whitstable,United Kingdom,,2634021
Whitley Bay,United Kingdom,,2634032
Whitehaven,United Kingdom,,2634096
Whitefield,United Kingdom,,2634103
Whickham,United Kingdom,,2634155
Weymouth,United Kingdom,,2634202
Weybridge,United Kingdom,,2634204
Weston-super-Mare,United Kingdom,,2634308
West Molesey,United Kingdom,,2634340
City of Westminster,United Kingdom,,2634341
Westhoughton,United Kingdom,,2634387
West Ham,United Kingdom,,2634403
Westbury,United Kingdom,,2634483
West Bromwich,United Kingdom,,2634491
West Bridgford,United Kingdom,,2634493
Wembley,United Kingdom,,2634549
Welwyn Garden City,United Kingdom,,2634552
Wellington,United Kingdom,,2634573
Wellingborough,United Kingdom,,2634578
Welling,United Kingdom,,2634579
Wednesfield,United Kingdom,,2634616
Wednesbury,United Kingdom,,2634617
Wath upon Dearne,United Kingdom,,2634672
Watford,United Kingdom,,2634677
Waterlooville,United Kingdom,,2634686
Washington,United Kingdom,,2634715
Warwick,United Kingdom,,2634725
Warrington,United Kingdom,,2634739
Warminster,United Kingdom,,2634755
Ware,United Kingdom,,2634777
Wantage,United Kingdom,,2634801
Walton-on-Thames,United Kingdom,,2634825
Walton-on-the-Naze,United Kingdom,,2634826
Walthamstow,United Kingdom,,2634838
Waltham Abbey,United Kingdom,,2634843
Walsall,United Kingdom,,2634853
Wallsend,United Kingdom,,2634864
Wallington,United Kingdom,,2634867
Wallasey,United Kingdom,,2634873
Walkden,United Kingdom,,2634887
Wakefield,United Kingdom,,2634910
Uxbridge,United Kingdom,,2635042
Urmston,United Kingdom,,2635062
Upper Norwood,United Kingdom,,2635113
Uckfield,United Kingdom,,2635243
Tynemouth,United Kingdom,,2635269
Tyldesley,United Kingdom,,2635281
Truro,United Kingdom,,2635412
Trowbridge,United Kingdom,,2635427
Totton,United Kingdom,,2635603
Totteridge,United Kingdom,,2635607
Tottenham,United Kingdom,,2635608
Torquay,United Kingdom,,2635650
Tonbridge,United Kingdom,,2635703
Tiverton,United Kingdom,,2635762
Tipton,United Kingdom,,2635785
Thorne,United Kingdom,,2635997
Thornaby-on-Tees,United Kingdom,,2636005
Thetford,United Kingdom,,2636032
Thatcham,United Kingdom,,2636049
Tewkesbury,United Kingdom,,2636071
Teignmouth,United Kingdom,,2636132
Taunton,United Kingdom,,2636177
Tamworth,United Kingdom,,2636276
Tadley,United Kingdom,,2636333
Swinton,United Kingdom,,2636373
Swindon,United Kingdom,,2636389
Swansea,United Kingdom,,2636432
Swanscombe,United Kingdom,,2636433
Swanley,United Kingdom,,2636439
Swadlincote,United Kingdom,,2636465
Sutton in Ashfield,United Kingdom,,2636484
Sutton Coldfield,United Kingdom,,2636486
Sutton,United Kingdom,,2636503
Sunderland,United Kingdom,,2636531
Sunbury-on-Thames,United Kingdom,,2636534
Sudbury,United Kingdom,,2636564
Stroud,United Kingdom,,2636616
Strood,United Kingdom,,2636619
Stretford,United Kingdom,,2636663
Streatham,United Kingdom,,2636675
Stratford-upon-Avon,United Kingdom,,2636713
Stratford,United Kingdom,,2636714
Stowmarket,United Kingdom,,2636749
Stourport-on-Severn,United Kingdom,,2636767
Stourbridge,United Kingdom,,2636769
Stoke-on-Trent,United Kingdom,,2636841
Stockton-on-Tees,United Kingdom,,2636876
Stockport,United Kingdom,,2636882
Stirling,United Kingdom,,2636910
Stevenage,United Kingdom,,2636940
Stepney,United Kingdom,,2636948
Staveley,United Kingdom,,2636995
Stanford-le-Hope,United Kingdom,,2637087
Stamford,United Kingdom,,2637104
Stalybridge,United Kingdom,,2637106
Staines,United Kingdom,,2637126
Stafford,United Kingdom,,2637142
Spennymoor,United Kingdom,,2637235
Speke,United Kingdom,,2637241
Spalding,United Kingdom,,2637265
South Shields,United Kingdom,,2637329
Southsea,United Kingdom,,2637330
Southport,United Kingdom,,2637343
South Ockendon,United Kingdom,,2637355
South Norwood,United Kingdom,,2637357
South Hayling,United Kingdom,,2637407
Southend-on-Sea,United Kingdom,,2637433
South Elmsall,United Kingdom,,2637435
South Benfleet,United Kingdom,,2637476
Southampton,United Kingdom,,2637487
Southall,United Kingdom,,2637490
Solihull,United Kingdom,,2637546
Slough,United Kingdom,,2637627
Sleaford,United Kingdom,,2637659
Skelmersdale,United Kingdom,,2637752
Skegness,United Kingdom,,2637762
Sittingbourne,United Kingdom,,2637802
Shrewsbury,United Kingdom,,2637891
Shoreham-by-Sea,United Kingdom,,2637916
Shipley,United Kingdom,,2637958
Shepherds Bush,United Kingdom,,2638043
Sheffield,United Kingdom,,2638077
Sevenoaks,United Kingdom,,2638187
Selby,United Kingdom,,2638235
Seaham,United Kingdom,,2638302
Seaford,United Kingdom,,2638311
Scunthorpe,United Kingdom,,2638324
Scarborough,United Kingdom,,2638419
Sandown,United Kingdom,,2638568
Sandhurst,United Kingdom,,2638580
Sandbach,United Kingdom,,2638600
Saltash,United Kingdom,,2638651
Salisbury,United Kingdom,,2638664
Salford,United Kingdom,,2638671
Sale,United Kingdom,,2638678
Saint Peters,United Kingdom,,2638703
Saint Neots,United Kingdom,,2638717
St Helens,United Kingdom,,2638785
St Austell,United Kingdom,,2638853
Saint Andrews,United Kingdom,,2638864
St Albans,United Kingdom,,2638867
Saffron Walden,United Kingdom,,2638878
Ryton,United Kingdom,,2638894
Ryde,United Kingdom,,2638911
Rutherglen,United Kingdom,,2638926
Rushden,United Kingdom,,2638946
Runcorn,United Kingdom,,2638960
Ruislip,United Kingdom,,2638976
Rugeley,United Kingdom,,2638977
Rugby,United Kingdom,,2638978
Royton,United Kingdom,,2639015
Royston,United Kingdom,,2639018
Royal Tunbridge Wells,United Kingdom,,2639022
Rottingdean,United Kingdom,,2639069
Rotherham,United Kingdom,,2639093
Romsey,United Kingdom,,2639189
Romford,United Kingdom,,2639192
Roehampton,United Kingdom,,2639223
Rochford,United Kingdom,,2639265
Rochester,United Kingdom,,2639268
Rochdale,United Kingdom,,2639272
Risca,United Kingdom,,2639317
Ripon,United Kingdom,,2639323
Ripley,United Kingdom,,2639325
Richmond,United Kingdom,,2639389
Rhyl,United Kingdom,,2639409
Rhosllannerchrugog,United Kingdom,,2639436
Rhondda,United Kingdom,,2639447
Renfrew,United Kingdom,,2639495
Reigate,United Kingdom,,2639506
Redruth,United Kingdom,,2639524
Redhill,United Kingdom,,2639545
Redditch,United Kingdom,,2639557
Redcar,United Kingdom,,2639563
Reading,United Kingdom,,2639577
Rayleigh,United Kingdom,,2639583
Rawtenstall,United Kingdom,,2639586
Rawmarsh,United Kingdom,,2639588
Ramsgate,United Kingdom,,2639660
Ramsbottom,United Kingdom,,2639668
Putney,United Kingdom,,2639835
Purley,United Kingdom,,2639842
Pudsey,United Kingdom,,2639866
Prestwich,United Kingdom,,2639897
Preston,United Kingdom,,2639912
Prestatyn,United Kingdom,,2639926
Prescot,United Kingdom,,2639928
Poulton-le-Fylde,United Kingdom,,2639958
Potters Bar,United Kingdom,,2639970
Portsmouth,United Kingdom,,2639996
Portslade,United Kingdom,,2639998
Portishead,United Kingdom,,2640037
Porthcawl,United Kingdom,,2640054
Port Glasgow,United Kingdom,,2640060
Portadown,United Kingdom,,2640085
Poole,United Kingdom,,2640101
Pontypridd,United Kingdom,,2640104
Pontypool,United Kingdom,,2640106
Pontefract,United Kingdom,,2640132
Ponders End,United Kingdom,,2640140
Plymstock,United Kingdom,,2640190
Plymouth,United Kingdom,,2640194
Plumstead,United Kingdom,,2640201
Pitsea,United Kingdom,,2640246
Pinner,United Kingdom,,2640275
Peterlee,United Kingdom,,2640349
Peterhead,United Kingdom,,2640351
Peterborough,United Kingdom,,2640354
Perth,United Kingdom,,2640358
Penzance,United Kingdom,,2640377
Penrith,United Kingdom,,2640416
Penicuik,United Kingdom,,2640465
Penarth,United Kingdom,,2640496
Palmers Green,United Kingdom,,2640667
Paisley,United Kingdom,,2640677
Paignton,United Kingdom,,2640681
Oxford,United Kingdom,,2640729
Oswestry,United Kingdom,,2640861
Ossett,United Kingdom,,2640869
Orpington,United Kingdom,,2640894
Ormskirk,United Kingdom,,2640908
Omagh,United Kingdom,,2640967
Oldham,United Kingdom,,2641022
Oadby,United Kingdom,,2641134
Nuneaton,United Kingdom,,2641157
Nottingham,United Kingdom,,2641170
Norwich,United Kingdom,,2641181
Northwich,United Kingdom,,2641224
North Shields,United Kingdom,,2641267
Northolt,United Kingdom,,2641290
Lancing,United Kingdom,,2641319
Northampton,United Kingdom,,2641430
Northallerton,United Kingdom,,2641435
Norbury,United Kingdom,,2641462
Newtownards,United Kingdom,,2641519
Newtownabbey,United Kingdom,,2641520
Newton Mearns,United Kingdom,,2641544
Newton-le-Willows,United Kingdom,,2641546
Newton Aycliffe,United Kingdom,,2641555
Newton Abbot,United Kingdom,,2641557
Newry,United Kingdom,,2641581
Newquay,United Kingdom,,2641589
Newport Pagnell,United Kingdom,,2641591
Newport,United Kingdom,,2641598
Newport,United Kingdom,,2641599
New Milton,United Kingdom,,2641609
New Mills,United Kingdom,,2641612
Newmarket,United Kingdom,,2641616
New Malden,United Kingdom,,2641617
New Cross,United Kingdom,,2641661
Newcastle upon Tyne,United Kingdom,,2641673
Newcastle under Lyme,United Kingdom,,2641674
Newbury,United Kingdom,,2641689
Newburn,United Kingdom,,2641690
Newark on Trent,United Kingdom,,2641731
Nether Edge,United Kingdom,,2641783
Neston,United Kingdom,,2641795
Nelson,United Kingdom,,2641810
Neath,United Kingdom,,2641843
Nantwich,United Kingdom,,2641892
Nailsea,United Kingdom,,2641913
Musselburgh,United Kingdom,,2641942
Mountsorrel,United Kingdom,,2642096
Motherwell,United Kingdom,,2642135
Morley,United Kingdom,,2642189
Moreton,United Kingdom,,2642204
Morecambe,United Kingdom,,2642214
Morden,United Kingdom,,2642233
Mitcham,United Kingdom,,2642414
Mirfield,United Kingdom,,2642423
Milton Keynes,United Kingdom,,2642465
Middleton,United Kingdom,,2642593
Middlesbrough,United Kingdom,,2642607
Mexborough,United Kingdom,,2642683
Merthyr Tydfil,United Kingdom,,2642705
Melton Mowbray,United Kingdom,,2642763
Melksham,United Kingdom,,2642786
Meikle Earnock,United Kingdom,,2642814
Marple,United Kingdom,,2642999
Marlow,United Kingdom,,2643003
Market Harborough,United Kingdom,,2643027
Margate,United Kingdom,,2643044
March,United Kingdom,,2643071
Mansfield Woodhouse,United Kingdom,,2643096
Mansfield,United Kingdom,,2643097
Mangotsfield,United Kingdom,,2643116
Manchester,United Kingdom,,2643123
Maltby,United Kingdom,,2643144
Maldon,United Kingdom,,2643160
Maidstone,United Kingdom,,2643179
Maidenhead,United Kingdom,,2643186
Maghull,United Kingdom,,2643198
Maesteg,United Kingdom,,2643218
Macclesfield,United Kingdom,,2643266
Lymington,United Kingdom,,2643312
Luton,United Kingdom,,2643339
Lowestoft,United Kingdom,,2643490
Louth,United Kingdom,,2643553
Loughborough,United Kingdom,,2643567
Longfield,United Kingdom,,2643696
Long Eaton,United Kingdom,,2643697
Londonderry County Borough,United Kingdom,,2643734
Derry,United Kingdom,,2643736
London,United Kingdom,,2643743
Lofthouse,United Kingdom,,2643776
Llanelli,United Kingdom,,2644100
Llandudno,United Kingdom,,2644120
Livingston,United Kingdom,,2644204
Liverpool,United Kingdom,,2644210
Littlehampton,United Kingdom,,2644319
Litherland,United Kingdom,,2644386
Lisburn,United Kingdom,,2644411
Lincoln,United Kingdom,,2644487
Limehouse,United Kingdom,,2644497
Lichfield,United Kingdom,,2644531
Leyland,United Kingdom,,2644547
Lewes,United Kingdom,,2644559
Leighton Buzzard,United Kingdom,,2644652
Leigh,United Kingdom,,2644660
Leicester,United Kingdom,,2644668
Leek,United Kingdom,,2644684
Leeds,United Kingdom,,2644688
Leatherhead,United Kingdom,,2644726
Royal Leamington Spa,United Kingdom,,2644737
Larne,United Kingdom,,2644849
Larkhall,United Kingdom,,2644853
Lancaster,United Kingdom,,2644972
Kirkintilloch,United Kingdom,,2645261
Kirkcaldy,United Kingdom,,2645298
Kirkby in Ashfield,United Kingdom,,2645309
Kirkby,United Kingdom,,2645313
Kippax,United Kingdom,,2645347
Kingswood,United Kingdom,,2645418
Kingswinford,United Kingdom,,2645420
Kingston upon Hull,United Kingdom,,2645425
King's Lynn,United Kingdom,,2645456
Kilwinning,United Kingdom,,2645541
Kilmarnock,United Kingdom,,2645605
Kidsgrove,United Kingdom,,2645721
Kidlington,United Kingdom,,2645722
Kidderminster,United Kingdom,,2645724
Keynsham,United Kingdom,,2645733
Kettering,United Kingdom,,2645753
Kenilworth,United Kingdom,,2645822
Kendal,United Kingdom,,2645826
Kempston,United Kingdom,,2645831
Keighley,United Kingdom,,2645889
Johnstone,United Kingdom,,2645951
Jarrow,United Kingdom,,2645972
Islington,United Kingdom,,2646003
Isleworth,United Kingdom,,2646004
Irvine,United Kingdom,,2646032
Irlam,United Kingdom,,2646042
Ipswich,United Kingdom,,2646057
Inverness,United Kingdom,,2646088
Ilkeston,United Kingdom,,2646274
Ilford,United Kingdom,,2646277
Hythe,United Kingdom,,2646317
Hyde,United Kingdom,,2646327
Huyton,United Kingdom,,2646329
Huntingdon,United Kingdom,,2646393
Humberstone,United Kingdom,,2646434
Huddersfield,United Kingdom,,2646458
Hucknall,United Kingdom,,2646460
Hoyland Nether,United Kingdom,,2646471
Hove,United Kingdom,,2646504
Hounslow,United Kingdom,,2646517
Houghton-Le-Spring,United Kingdom,,2646525
Horwich,United Kingdom,,2646542
Horsham,United Kingdom,,2646557
Horsforth,United Kingdom,,2646558
Horley,United Kingdom,,2646606
Hook,United Kingdom,,2646653
Hoddesdon,United Kingdom,,2646807
Hitchin,United Kingdom,,2646826
Hindley,United Kingdom,,2646862
Hinckley,United Kingdom,,2646867
High Wycombe,United Kingdom,,2646914
Highbury,United Kingdom,,2646976
High Blantyre,United Kingdom,,2646979
Heysham,United Kingdom,,2647001
Heswall,United Kingdom,,2647026
Heston,United Kingdom,,2647027
Hertford,United Kingdom,,2647044
Herne Bay,United Kingdom,,2647057
Hereford,United Kingdom,,2647074
Hemel Hempstead,United Kingdom,,2647138
Hebburn,United Kingdom,,2647209
Heanor,United Kingdom,,2647227
Hazel Grove,United Kingdom,,2647246
Haywards Heath,United Kingdom,,2647248
Hayes,United Kingdom,,2647261
Hayes,United Kingdom,,2647262
Haydock,United Kingdom,,2647265
Hawarden,United Kingdom,,2647303
Haverhill,United Kingdom,,2647310
Havant,United Kingdom,,2647317
Hatfield,United Kingdom,,2647349
Hastings,United Kingdom,,2647356
Haslingden,United Kingdom,,2647363
Harwich,United Kingdom,,2647383
Hartley,United Kingdom,,2647398
Hartlepool,United Kingdom,,2647400
Harrow,United Kingdom,,2647425
Harrogate,United Kingdom,,2647428
Harpenden,United Kingdom,,2647451
Harlow,United Kingdom,,2647461
Harlesden,United Kingdom,,2647468
Hanworth,United Kingdom,,2647514
Hampton,United Kingdom,,2647550
Hamilton,United Kingdom,,2647570
Halifax,United Kingdom,,2647632
Halewood,United Kingdom,,2647637
Halesowen,United Kingdom,,2647639
Hale,United Kingdom,,2647644
Hailsham,United Kingdom,,2647655
Hadleigh,United Kingdom,,2647679
Guiseley,United Kingdom,,2647784
Guisborough,United Kingdom,,2647785
Guildford,United Kingdom,,2647793
Grove,United Kingdom,,2647837
Grimsby,United Kingdom,,2647878
Greenock,United Kingdom,,2647948
Greenford,United Kingdom,,2647972
Great Yarmouth,United Kingdom,,2647984
Great Wyrley,United Kingdom,,2647985
Great Sankey,United Kingdom,,2648026
Great Malvern,United Kingdom,,2648063
Grays,United Kingdom,,2648182
Gravesend,United Kingdom,,2648187
Grantham,United Kingdom,,2648208
Grangemouth,United Kingdom,,2648215
Gosport,United Kingdom,,2648272
Gosforth,United Kingdom,,2648273
Gorseinon,United Kingdom,,2648290
Goole,United Kingdom,,2648319
Golborne,United Kingdom,,2648356
Godalming,United Kingdom,,2648372
Gloucester,United Kingdom,,2648404
Glossop,United Kingdom,,2648405
Glenrothes,United Kingdom,,2648438
Glen Parva,United Kingdom,,2648448
Glasgow,United Kingdom,,2648579
Gillingham,United Kingdom,,2648657
Gelligaer,United Kingdom,,2648728
Gateshead,United Kingdom,,2648773
Garston,United Kingdom,,2648827
Gainsborough,United Kingdom,,2648945
Fylde,United Kingdom,,2648970
Fulwood,United Kingdom,,2648988
Fulham,United Kingdom,,2648997
Frome,United Kingdom,,2649024
Frinton-on-Sea,United Kingdom,,2649049
Friern Barnet,United Kingdom,,2649055
Formby,United Kingdom,,2649198
Folkestone,United Kingdom,,2649258
Flint,United Kingdom,,2649301
Fleetwood,United Kingdom,,2649312
Fleet,United Kingdom,,2649322
Finchley,United Kingdom,,2649441
Feltham,United Kingdom,,2649571
Felling,United Kingdom,,2649578
Felixstowe,United Kingdom,,2649579
Fazakerley,United Kingdom,,2649610
Faversham,United Kingdom,,2649622
Farnworth,United Kingdom,,2649650
Farnham,United Kingdom,,2649660
Farnborough,United Kingdom,,2649672
Fareham,United Kingdom,,2649692
Falmouth,United Kingdom,,2649715
Falkirk,United Kingdom,,2649723
Exmouth,United Kingdom,,2649800
Exeter,United Kingdom,,2649808
Evesham,United Kingdom,,2649833
Esher,United Kingdom,,2649911
Epsom,United Kingdom,,2649957
Enfield Lock,United Kingdom,,2649996
Enfield Town,United Kingdom,,2649997
Emsworth,United Kingdom,,2650004
Ely,United Kingdom,,2650023
Eltham,United Kingdom,,2650042
Ellesmere Port Town,United Kingdom,,2650096
Elland,United Kingdom,,2650110
Elgin,United Kingdom,,2650122
Egham,United Kingdom,,2650188
Edmonton,United Kingdom,,2650209
Edinburgh,United Kingdom,,2650225
Eccles,United Kingdom,,2650278
Ebbw Vale,United Kingdom,,2650285
Eastwood,United Kingdom,,2650309
Retford,United Kingdom,,2650346
East Molesey,United Kingdom,,2650376
Eastleigh,United Kingdom,,2650396
East Kilbride,United Kingdom,,2650405
East Grinstead,United Kingdom,,2650435
East Dereham,United Kingdom,,2650470
Eastbourne,United Kingdom,,2650497
Durham,United Kingdom,,2650628
Dunstable,United Kingdom,,2650657
Dunfermline,United Kingdom,,2650732
Dundee,United Kingdom,,2650752
Dumfries,United Kingdom,,2650798
Dumbarton,United Kingdom,,2650802
Dukinfield,United Kingdom,,2650815
Dudley,United Kingdom,,2650839
Droylsden,United Kingdom,,2650962
Dronfield,United Kingdom,,2650967
Droitwich,United Kingdom,,2650983
Dover,United Kingdom,,2651048
Dorking,United Kingdom,,2651095
Dorchester,United Kingdom,,2651101
Doncaster,United Kingdom,,2651123
Dinnington,United Kingdom,,2651241
Didcot,United Kingdom,,2651269
Dewsbury,United Kingdom,,2651286
Devizes,United Kingdom,,2651294
Derby,United Kingdom,,2651347
Denton,United Kingdom,,2651357
Deal,United Kingdom,,2651468
Daventry,United Kingdom,,2651485
Darwen,United Kingdom,,2651495
Darton,United Kingdom,,2651497
Dartford,United Kingdom,,2651500
Darlington,United Kingdom,,2651513
Dalserf,United Kingdom,,2651558
Dagenham,United Kingdom,,2651621
Cwmbran,United Kingdom,,2651654
Cumbernauld,United Kingdom,,2651715
Croydon,United Kingdom,,2651817
Crowthorne,United Kingdom,,2651831
Crowborough,United Kingdom,,2651852
Cricklewood,United Kingdom,,2651984
Crewe,United Kingdom,,2652002
Crawley,United Kingdom,,2652053
Cramlington,United Kingdom,,2652095
Cowley,United Kingdom,,2652191
Cowes,United Kingdom,,2652204
Coventry,United Kingdom,,2652221
Coulsdon,United Kingdom,,2652249
Corby,United Kingdom,,2652381
Consett,United Kingdom,,2652437
Conisbrough,United Kingdom,,2652458
Congleton,United Kingdom,,2652464
Colwyn Bay,United Kingdom,,2652513
Colne,United Kingdom,,2652544
Coleraine,United Kingdom,,2652586
Colchester,United Kingdom,,2652618
Coity,United Kingdom,,2652622
Cobham,United Kingdom,,2652689
Coatbridge,United Kingdom,,2652696
Coalville,United Kingdom,,2652698
Clydebank,United Kingdom,,2652730
Clydach,United Kingdom,,2652734
Clevedon,United Kingdom,,2652861
Cleethorpes,United Kingdom,,2652885
Cleckheaton,United Kingdom,,2652890
Clacton-on-Sea,United Kingdom,,2652974
Cirencester,United Kingdom,,2652995
Christchurch,United Kingdom,,2653075
Chorley,United Kingdom,,2653086
Chiswick,United Kingdom,,2653121
Chislehurst,United Kingdom,,2653123
Chipping Sodbury,United Kingdom,,2653137
Chippenham,United Kingdom,,2653144
Chingford,United Kingdom,,2653148
Chichester,United Kingdom,,2653192
Chester-le-Street,United Kingdom,,2653224
Chesterfield,United Kingdom,,2653225
Chester,United Kingdom,,2653228
Chessington,United Kingdom,,2653229
Cheshunt,United Kingdom,,2653232
Chesham,United Kingdom,,2653235
Chepstow,United Kingdom,,2653256
Cheltenham,United Kingdom,,2653261
Chelsea,United Kingdom,,2653265
Chelmsford,United Kingdom,,2653266
Cheadle Hulme,United Kingdom,,2653290
Chatham,United Kingdom,,2653305
Chapeltown,United Kingdom,,2653353
Chalfont Saint Peter,United Kingdom,,2653393
Catford,United Kingdom,,2653516
Caterham,United Kingdom,,2653520
Castlereagh,United Kingdom,,2653558
Castleford,United Kingdom,,2653584
Carterton,United Kingdom,,2653634
Carshalton,United Kingdom,,2653646
Carrickfergus,United Kingdom,,2653680
Carmarthen,United Kingdom,,2653755
Carlisle,United Kingdom,,2653775
Cardiff,United Kingdom,,2653822
Canterbury,United Kingdom,,2653877
Cannock,United Kingdom,,2653883
Cambuslang,United Kingdom,,2653935
Cambridge,United Kingdom,,2653941
Camborne,United Kingdom,,2653945
Camberley,United Kingdom,,2653947
Calne,United Kingdom,,2653974
Caerphilly,United Kingdom,,2654089
Buxton,United Kingdom,,2654141
Bushey,United Kingdom,,2654179
Bury St Edmunds,United Kingdom,,2654186
Bury,United Kingdom,,2654187
Burton upon Trent,United Kingdom,,2654200
Burntwood,United Kingdom,,2654252
Burnley,United Kingdom,,2654264
Burnham-on-Sea,United Kingdom,,2654269
Burgess Hill,United Kingdom,,2654308
Buckley,United Kingdom,,2654394
Brymbo,United Kingdom,,2654450
Broxburn,United Kingdom,,2654480
Brownhills,United Kingdom,,2654490
Brough,United Kingdom,,2654532
Bromsgrove,United Kingdom,,2654579
Broadstairs,United Kingdom,,2654635
Brixham,United Kingdom,,2654663
Briton Ferry,United Kingdom,,2654668
Bristol,United Kingdom,,2654675
Brighton,United Kingdom,,2654710
Brighouse,United Kingdom,,2654715
Brierley Hill,United Kingdom,,2654724
Bridlington,United Kingdom,,2654728
Bridgwater,United Kingdom,,2654730
Bridgend,United Kingdom,,2654755
Brentwood,United Kingdom,,2654782
Brent,United Kingdom,,2654789
Bredbury,United Kingdom,,2654814
Braunstone,United Kingdom,,2654859
Bramhall,United Kingdom,,2654927
Braintree,United Kingdom,,2654938
Bradford,United Kingdom,,2654993
Bracknell,United Kingdom,,2655009
Bow,United Kingdom,,2655076
Bournemouth,United Kingdom,,2655095
Boston,United Kingdom,,2655138
Borehamwood,United Kingdom,,2655186
Bootle,United Kingdom,,2655198
Bonnyrigg,United Kingdom,,2655210
Bolton,United Kingdom,,2655237
Bognor Regis,United Kingdom,,2655262
Blyth,United Kingdom,,2655315
Bloxwich,United Kingdom,,2655329
Bletchley,United Kingdom,,2655351
Blackwall,United Kingdom,,2655438
Blackpool,United Kingdom,,2655459
Blackburn,United Kingdom,,2655524
Bishopstoke,United Kingdom,,2655557
Bishops Stortford,United Kingdom,,2655562
Bishopbriggs,United Kingdom,,2655582
Bishop Auckland,United Kingdom,,2655583
Birmingham,United Kingdom,,2655603
Birkenhead,United Kingdom,,2655613
Bingley,United Kingdom,,2655642
Billingham,United Kingdom,,2655664
Billericay,United Kingdom,,2655672
Biggleswade,United Kingdom,,2655689
Bideford,United Kingdom,,2655707
Biddulph,United Kingdom,,2655708
Bicester,United Kingdom,,2655729
Bexley,United Kingdom,,2655775
Bexhill-on-Sea,United Kingdom,,2655777
Beverley,United Kingdom,,2655785
Berkhamsted,United Kingdom,,2655858
Bentley,United Kingdom,,2655882
Belper,United Kingdom,,2655942
Bellshill,United Kingdom,,2655952
Belfast,United Kingdom,,2655984
Bedworth,United Kingdom,,2656031
Bedlington,United Kingdom,,2656039
Bedford,United Kingdom,,2656046
Beckenham,United Kingdom,,2656065
Bebington,United Kingdom,,2656070
Bearsden,United Kingdom,,2656086
Batley,United Kingdom,,2656168
Bathgate,United Kingdom,,2656169
Bath,United Kingdom,,2656173
Basingstoke,United Kingdom,,2656192
Basildon,United Kingdom,,2656194
Basford,United Kingdom,,2656196
Barry,United Kingdom,,2656235
Barrow in Furness,United Kingdom,,2656241
Barrhead,United Kingdom,,2656258
Barnstaple,United Kingdom,,2656281
Barnsley,United Kingdom,,2656284
Barnet,United Kingdom,,2656295
Barnes,United Kingdom,,2656296
Barking,United Kingdom,,2656333
Banstead,United Kingdom,,2656379
Bangor,United Kingdom,,2656396
Bangor,United Kingdom,,2656397
Banbury,United Kingdom,,2656406
Banbridge,United Kingdom,,2656407
Ballymena,United Kingdom,,2656490
Baildon,United Kingdom,,2656627
Ayr,United Kingdom,,2656708
Aylesbury,United Kingdom,,2656719
Atherton,United Kingdom,,2656847
Aston,United Kingdom,,2656867
Ashton-under-Lyne,United Kingdom,,2656915
Ashton in Makerfield,United Kingdom,,2656918
Ashington,United Kingdom,,2656946
Ashford,United Kingdom,,2656954
Ashford,United Kingdom,,2656955
Ascot,United Kingdom,,2656992
Arnold,United Kingdom,,2657030
Arbroath,United Kingdom,,2657215
Antrim,United Kingdom,,2657255
Andover,United Kingdom,,2657324
Ampthill,United Kingdom,,2657337
Ammanford,United Kingdom,,2657345
Amersham,United Kingdom,,2657356
Altrincham,United Kingdom,,2657402
Alton,United Kingdom,,2657408
Alloa,United Kingdom,,2657471
Alfreton,United Kingdom,,2657508
Aldridge,United Kingdom,,2657528
Aldershot,United Kingdom,,2657540
Airdrie,United Kingdom,,2657613
Adwick le Street,United Kingdom,,2657658
Acton,United Kingdom,,2657697
Acocks Green,United Kingdom,,2657703
Accrington,United Kingdom,,2657770
Abingdon,United Kingdom,,2657780
Aberystwyth,United Kingdom,,2657782
Abergele,United Kingdom,,2657812
Aberdeen,United Kingdom,,2657832
Aberdare,United Kingdom,,2657835
Crosby,United Kingdom,,3209584
Tonypandy,United Kingdom,,3345283
Blackwood,United Kingdom,,3345317
Neston,United Kingdom,,3345432
Camden Town,United Kingdom,,3345437
Telford,United Kingdom,,3345439
Craigavon,United Kingdom,,3345440
Soho,United Kingdom,,6545173
Bayswater,United Kingdom,,6545243
Pimlico,United Kingdom,,6545249
North Watford,United Kingdom,,6559327
Yateley,United Kingdom,,6620293
Bowthorpe,United Kingdom,,6620355
Hedge End,United Kingdom,,6620360
Gerrards Cross,United Kingdom,,6620444
Erskine,United Kingdom,,6639623
Hale,United Kingdom,,6640028
Kilburn,United Kingdom,,6690572
Chalk Farm,United Kingdom,,6690583
Amersham on the Hill,United Kingdom,,6690592
Shadwell,United Kingdom,,6690595
Battersea,United Kingdom,,6690602
Tooting,United Kingdom,,6690824
South Croydon,United Kingdom,,6690862
Hornchurch,United Kingdom,,6690863
Surbiton,United Kingdom,,6690866
Ewell,United Kingdom,,6690867
Becontree,United Kingdom,,6690870
Brixton,United Kingdom,,6690877
Bethnal Green,United Kingdom,,6690989
Failsworth,United Kingdom,,6691219
Radcliffe,United Kingdom,,6691227
Heywood,United Kingdom,,6691235
Old Trafford,United Kingdom,,6691246
Longsight,United Kingdom,,6691766
Heavitree,United Kingdom,,6691884
Ferndown,United Kingdom,,6691927
Canary Wharf,United Kingdom,,6692280
Leytonstone,United Kingdom,,6692921
Earl Shilton,United Kingdom,,6693007
Bordon,United Kingdom,,6693242
Lytham St Annes,United Kingdom,,6693470
Hadley Wood,United Kingdom,,6693771
Muswell Hill,United Kingdom,,6694222
Chapel Allerton,United Kingdom,,6695247
Blackheath,United Kingdom,,6947041
Kempston Hardwick,United Kingdom,,6947168
Mendip,United Kingdom,,6947756
Lower Earley,United Kingdom,,7290015
Bartley Green,United Kingdom,,7302130
West Ealing,United Kingdom,,7302137
Golders Green,United Kingdom,,7535506
Canvey Island,United Kingdom,,7911271
Earlsfield,United Kingdom,,8063096
Old Swan,United Kingdom,,8063574
Peacehaven,United Kingdom,,8128721
Letchworth Garden City,United Kingdom,,8224216
Peckham,United Kingdom,,8224580
Shirley,United Kingdom,,8224782
Stanley,United Kingdom,,8224783
Rossendale,United Kingdom,,8299614
Thornton-Cleveleys,United Kingdom,,8299615
Deeside,United Kingdom,,8299616
High Peak,United Kingdom,,8299617
Hayling Island,United Kingdom,,8299619
Isle of Lewis,United Kingdom,,8299620
Holloway,United Kingdom,,8315400
Harringay,United Kingdom,,8581595
Canning Town,United Kingdom,,11549407
Manor Park,United Kingdom,,11550772
Allerton,United Kingdom,,11550900
Thamesmead,United Kingdom,,11551039
Brockley,United Kingdom,,11551040
Blantyre,United Kingdom,,11592111
Vale of Leven,United Kingdom,,11592272
Viewpark,United Kingdom,,11592296
Kirkdale,United Kingdom,,11669845
Kensington,United Kingdom,,11669846
Belle Vale,United Kingdom,,11669847
Hunts Cross,United Kingdom,,11669848
Norris Green,United Kingdom,,11669849
Stamford Hill,United Kingdom,,11669854
Burngreave,United Kingdom,,11776857
Archway,United Kingdom,,11777624
Sinfin,United Kingdom,,11863036
Ealing Common,United Kingdom,,12047925
South Ruislip,United Kingdom,,12048027
Wealdstone,United Kingdom,,12048038
East Barnet,United Kingdom,,12048142
Perry Vale,United Kingdom,,12048177
Furzedown,United Kingdom,,12048252
Seven Sisters,United Kingdom,,12048325
Tottenham Hale,United Kingdom,,12048327
Washwood Heath,United Kingdom,,12076699
Saint George's,Grenada,,3579925
Zugdidi,Georgia,,610824
Zest’aponi,Georgia,,610864
Ts’khinvali,Georgia,,611403
Tqvarch'eli,Georgia,,611583
Telavi,Georgia,,611694
Tbilisi,Georgia,,611717
Sokhumi,Georgia,,611847
Senak’i,Georgia,,612053
Samtredia,Georgia,,612126
Rustavi,Georgia,,612287
P’ot’i,Georgia,,612366
Och’amch’ire,Georgia,,612652
Marneuli,Georgia,,613074
Kutaisi,Georgia,,613607
Kobuleti,Georgia,,613762
Khashuri,Georgia,,613988
Gori,Georgia,,614455
Batumi,Georgia,,615532
Akhaltsikhe,Georgia,,615860
Stantsiya Novyy Afon,Georgia,,615912
Ts’q’alt’ubo,Georgia,,824288
Saint-Laurent-du-Maroni,French Guiana,Guyane,3380387
Rémire-Montjoly,French Guiana,Guyane,3380892
Matoury,French Guiana,Guyane,3380965
Kourou,French Guiana,Guyane,3381303
Cayenne,French Guiana,Guyane,3382160
Saint Peter Port,Guernsey,,3042287
Yendi,Ghana,,2293801
Yegyi,Ghana,,2293805
Winneba,Ghana,,2294034
Wankyi,Ghana,,2294086
Wa,Ghana,,2294206
Twifu Praso,Ghana,,2294308
Teshi Old Town,Ghana,,2294665
Tema,Ghana,,2294700
Techiman,Ghana,,2294727
Tarkwa,Ghana,,2294768
Tamale,Ghana,,2294877
Takoradi,Ghana,,2294915
Tafo,Ghana,,2294938
Swedru,Ghana,,2294962
Sunyani,Ghana,,2295021
Suhum,Ghana,,2295065
Shama Junction,Ghana,,2295385
Sekondi-Takoradi,Ghana,,2295458
Savelugu,Ghana,,2295517
Saltpond,Ghana,,2295672
Salaga,Ghana,,2295684
Sakumona,Ghana,,2295692
Prestea,Ghana,,2295840
Kasoa,Ghana,,2296458
Akim Oda,Ghana,,2296564
Obuase,Ghana,,2296606
Nungua,Ghana,,2296969
Nsoatre,Ghana,,2297126
Nsawam,Ghana,,2297141
Nkoranza,Ghana,,2297289
New Tafo,Ghana,,2297432
Navrongo,Ghana,,2297505
Nalerigu,Ghana,,2297661
Mim,Ghana,,2298005
Mankesim,Ghana,,2298205
Mampong,Ghana,,2298264
Medina Estates,Ghana,,2298330
Kumasi,Ghana,,2298890
Kpandu,Ghana,,2299233
Konongo,Ghana,,2299349
Koforidua,Ghana,,2299522
Kintampo,Ghana,,2299625
Keta,Ghana,,2299645
Kade,Ghana,,2299945
Japekrom,Ghana,,2300182
Hohoe,Ghana,,2300372
Ho,Ghana,,2300379
Gbawe,Ghana,,2300721
Goaso,Ghana,,2300749
Foso,Ghana,,2300883
Elubo,Ghana,,2301184
Elmina,Ghana,,2301190
Ejura,Ghana,,2301217
Ahwiaa,Ghana,,2301245
Dzodze,Ghana,,2301367
Dunkwa,Ghana,,2301400
Dambai,Ghana,,2301424
Duayaw-Nkwanta,Ghana,,2301464
Domaa-Ahenkro,Ghana,,2301529
Dome,Ghana,,2301639
Damongo,Ghana,,2302002
Cape Coast,Ghana,,2302357
Buduburam,Ghana,,2302541
Bolgatanga,Ghana,,2302821
Bimbila,Ghana,,2303026
Bibiani,Ghana,,2303060
Berekum,Ghana,,2303125
Bekwai,Ghana,,2303224
Begoro,Ghana,,2303236
Bechem,Ghana,,2303258
Bawku,Ghana,,2303287
Esim,Ghana,,2303611
Atebubu,Ghana,,2303878
Ashaiman,Ghana,,2304121
Asamankese,Ghana,,2304220
Apam,Ghana,,2304389
Anloga,Ghana,,2304548
Amanfrom,Ghana,,2304848
Akwatia,Ghana,,2304931
Akatsi,Ghana,,2305191
Agogo,Ghana,,2305537
Aflao,Ghana,,2305677
Atsiaman,Ghana,,2306079
Accra,Ghana,,2306104
Aburi,Ghana,,2306119
Effiduase,Ghana,,7281088
Adenta,Ghana,,7648641
Osu,Ghana,,8456972
Awoshi,Ghana,,8457205
New Achimota,Ghana,,8541923
Tema New Town,Ghana,,11205476
Lashibi,Ghana,,11428216
Assin Foso,Ghana,,11467879
Sekondi,Ghana,,11808941
Mandela,Ghana,,12640505
Nkawkaw,Ghana,,12640506
Taifa,Ghana,,12640508
Gibraltar,Gibraltar,,2411585
Nuuk,Greenland,,3421319
Welingara,Gambia,,2411700
Tanji,Gambia,,2411805
Sukuta,Gambia,,2411880
Soma,Gambia,,2411905
Serekunda,Gambia,,2411989
Sanyang,Gambia,,2412141
Sanchaba,Gambia,,2412186
Nema Kunku,Gambia,,2412452
Manjai Kunda,Gambia,,2412609
Latri Sabiji,Gambia,,2412737
Latri Kunda,Gambia,,2412738
Lamin,Gambia,,2412749
Kunkujang,Gambia,,2412786
Kotu,Gambia,,2412833
Kanifing,Gambia,,2413106
Ibo Town,Gambia,,2413393
Gunjur,Gambia,,2413419
Farato,Gambia,,2413511
Farafenni,Gambia,,2413515
Faji Kunda,Gambia,,2413525
Dippa Kunda,Gambia,,2413565
Busumbala,Gambia,,2413696
Bununka Kunda,Gambia,,2413709
Brufut,Gambia,,2413745
Brikama,Gambia,,2413753
Banjul,Gambia,,2413876
Bakoti,Gambia,,2413915
Bakau,Gambia,,2413920
Abuko,Gambia,,2413990
Bakau New Town,Gambia,,12640499
New Jeshwang,Gambia,,12640501
Talinding,Gambia,,12640502
Sinchu Alagi,Gambia,,12640503
Tougué,Guinea,,2414545
Télimélé,Guinea,,2414926
Siguiri,Guinea,,2415703
Sangarédi,Guinea,,2416085
Kamsar,Guinea,,2416402
Pita,Guinea,,2416443
Nzérékoré,Guinea,,2416969
Moussadou,Guinea,,2417394
Manéah,Guinea,,2417786
Mandiana,Guinea,,2417795
Mamou,Guinea,,2417833
Macenta,Guinea,,2417988
Lola,Guinea,,2418092
Labé,Guinea,,2418362
Kouroussa,Guinea,,2418437
Koundara,Guinea,,2418596
Kissidougou,Guinea,,2419472
Kintinian,Guinea,,2419498
Kindia,Guinea,,2419533
Kérouané,Guinea,,2419622
Kankan,Guinea,,2419992
Gueckedou,Guinea,,2420562
Fria,Guinea,,2420884
Forécariah,Guinea,,2420985
Faranah,Guinea,,2421273
Dubréka,Guinea,,2421535
Dinguiraye,Guinea,,2421903
Dabola,Guinea,,2422442
Coyah,Guinea,,2422457
Conakry,Guinea,,2422465
Camayenne,Guinea,,2422488
Boké,Guinea,,2422924
Beyla,Guinea,,2423126
Albadéria,Guinea,,2423969
Sainte-Rose,Guadeloupe,Guadeloupe,3578447
Sainte-Anne,Guadeloupe,Guadeloupe,3578466
Pointe-à-Pitre,Guadeloupe,Guadeloupe,3578599
Petit-Bourg,Guadeloupe,Guadeloupe,3578682
Les Abymes,Guadeloupe,Guadeloupe,3578959
Le Moule,Guadeloupe,Guadeloupe,3578967
Le Gosier,Guadeloupe,Guadeloupe,3578978
Capesterre-Belle-Eau,Guadeloupe,Guadeloupe,3579585
Basse-Terre,Guadeloupe,Guadeloupe,3579732
Baie-Mahault,Guadeloupe,Guadeloupe,3579767
Ebebiyin,Equatorial Guinea,,2309332
Malabo,Equatorial Guinea,,2309527
Bata,Equatorial Guinea,,2310046
Voúla,Greece,,251780
Volos,Greece,,251833
Výronas,Greece,,251948
Vári,Greece,,252270
Trípoli,Greece,,252601
Tríkala,Greece,,252664
Thívai,Greece,,252910
Sparta,Greece,,253394
Salamína,Greece,,254144
Rethymno,Greece,,254352
Préveza,Greece,,254698
Pýrgos,Greece,,255229
Piraeus,Greece,,255274
Petroúpolis,Greece,,255377
Peristéri,Greece,,255524
Pérama,Greece,,255588
Pátra,Greece,,255683
Palaió Fáliro,Greece,,256075
Níkaia,Greece,,256429
Néa Smýrni,Greece,,256575
Néa Mákri,Greece,,256598
Ílion,Greece,,256601
Néa Ionía,Greece,,256614
Néa Filadélfeia,Greece,,256621
Néa Erythraía,Greece,,256622
Moskháton,Greece,,256750
Mytilene,Greece,,256866
Melíssia,Greece,,257302
Mégara,Greece,,257365
Artémida,Greece,,258038
Livadeiá,Greece,,258463
Lárisa,Greece,,258576
Lamía,Greece,,258620
Metamórfosi,Greece,,259128
Kos,Greece,,259245
Koropí,Greece,,259251
Kórinthos,Greece,,259289
Kifisiá,Greece,,259824
Cholargós,Greece,,259949
Chios,Greece,,259973
Chaniá,Greece,,260114
Chalkída,Greece,,260133
Khalándrion,Greece,,260172
Chaïdári,Greece,,260183
Keratsíni,Greece,,260204
Kardítsa,Greece,,260989
Kamaterón,Greece,,261249
Kallithéa,Greece,,261414
Kalamata,Greece,,261604
Álimos,Greece,,261614
Kaisarianí,Greece,,261678
Irákleio,Greece,,261743
Irákleion,Greece,,261745
Ioánnina,Greece,,261779
Glyfáda,Greece,,262036
Galátsi,Greece,,262135
Ellinikó,Greece,,262719
Elefsína,Greece,,262752
Dhafní,Greece,,263312
Agios Dimitrios,Greece,,263986
Agía Varvára,Greece,,264111
Agía Paraskeví,Greece,,264194
Athens,Greece,,264371
Asprópyrgos,Greece,,264445
Argyroúpoli,Greece,,264516
Árta,Greece,,264559
Árgos,Greece,,264670
Áno Liósia,Greece,,264888
Maroúsi,Greece,,265243
Amaliáda,Greece,,265252
Acharnés,Greece,,265488
Aígio,Greece,,265500
Aigáleo,Greece,,265533
Agrínio,Greece,,265560
Ródos,Greece,,400666
Giannitsá,Greece,,733776
Xánthi,Greece,,733840
Véroia,Greece,,733905
Thessaloníki,Greece,,734077
Stavroúpoli,Greece,,734150
Sykiés,Greece,,734301
Sérres,Greece,,734330
Ptolemaḯda,Greece,,734426
Políchni,Greece,,734538
Pylaía,Greece,,734643
Peraía,Greece,,734712
Panórama,Greece,,734771
Orestiáda,Greece,,734880
Oraiókastro,Greece,,734883
Náousa,Greece,,735030
Meneméni,Greece,,735215
Kozáni,Greece,,735563
Komotiní,Greece,,735640
Kilkís,Greece,,735736
Kavála,Greece,,735861
Kateríni,Greece,,735914
Kalamariá,Greece,,736083
Flórina,Greece,,736229
Évosmos,Greece,,736291
Elefthério - Kordelió,Greece,,736336
Édessa,Greece,,736357
Dráma,Greece,,736364
Ágios Athanásios,Greece,,736621
Alexandroupoli,Greece,,736928
Corfu,Greece,,2463679
Vrilissia,Greece,,6324534
Gérakas,Greece,,8201845
Ilioúpoli,Greece,,8310138
Korydallós,Greece,,8310183
Zográfos,Greece,,8358544
Péfki,Greece,,8358562
Ágioi Anárgyroi,Greece,,8358563
Agios Ioannis Rentis,Greece,,8478257
Néa Ionía,Greece,,9034728
Neapoli,Greece,,11747175
Grytviken,South Georgia and the South Sandwich Islands,,3426466
Zaragoza,Guatemala,,3587543
Zacapa,Guatemala,,3587587
Yepocapa,Guatemala,,3587636
Villa Nueva,Guatemala,,3587902
Villa Canales,Guatemala,,3587923
Totonicapán,Guatemala,,3588258
Tecpán Guatemala,Guatemala,,3588476
Sumpango,Guatemala,,3588653
Soloma,Guatemala,,3588694
Sololá,Guatemala,,3588698
Santiago Sacatepéquez,Guatemala,,3589101
Santiago Atitlán,Guatemala,,3589105
Santa María de Jesús,Guatemala,,3589253
Santa Lucía Cotzumalguapa,Guatemala,,3589289
Santa Cruz del Quiché,Guatemala,,3589404
Santa Catarina Pinula,Guatemala,,3589452
Santa Bárbara,Guatemala,,3589475
San Sebastián,Guatemala,,3589548
San Pedro Sacatepéquez,Guatemala,,3589626
San Pedro Carchá,Guatemala,,3589643
San Pedro Ayampuc,Guatemala,,3589646
San Pablo Jocopilas,Guatemala,,3589671
San Marcos,Guatemala,,3589805
San Luis Jilotepeque,Guatemala,,3589822
San Lucas Sacatepéquez,Guatemala,,3589852
San Juan Sacatepéquez,Guatemala,,3589885
San José Pinula,Guatemala,,3589977
San Francisco Zapotitlán,Guatemala,,3590197
San Francisco El Alto,Guatemala,,3590219
San Felipe,Guatemala,,3590288
San Cristóbal Verapaz,Guatemala,,3590316
San Benito,Guatemala,,3590389
Sanarate,Guatemala,,3590406
San Andrés Xecul,Guatemala,,3590520
San Andrés Itzapa,Guatemala,,3590529
Salcajá,Guatemala,,3590605
Salamá,Guatemala,,3590616
Retalhuleu,Guatemala,,3590858
Rabinal,Guatemala,,3590924
Quetzaltenango,Guatemala,,3590979
Puerto San José,Guatemala,,3591060
Puerto Barrios,Guatemala,,3591062
Tiquisate,Guatemala,,3591093
Poptún,Guatemala,,3591181
Petapa,Guatemala,,3591415
Patzún,Guatemala,,3591512
Patzicía,Guatemala,,3591523
Patulul,Guatemala,,3591541
Panzos,Guatemala,,3591676
Palín,Guatemala,,3591833
Palencia,Guatemala,,3591851
Ostuncalco,Guatemala,,3591997
Nuevo San Carlos,Guatemala,,3592105
Nebaj,Guatemala,,3592237
Nahualá,Guatemala,,3592286
Morales,Guatemala,,3592362
Momostenango,Guatemala,,3592483
Mixco,Guatemala,,3592519
Mazatenango,Guatemala,,3592609
Masagua,Guatemala,,3592642
Malacatán,Guatemala,,3592753
Lívingston,Guatemala,,3593376
La Gomera,Guatemala,,3594575
La Esperanza,Guatemala,,3594703
Jutiapa,Guatemala,,3595069
Jocotenango,Guatemala,,3595171
Jalpatagua,Guatemala,,3595232
Jalapa,Guatemala,,3595237
Jacaltenango,Guatemala,,3595248
Huehuetenango,Guatemala,,3595416
Guazacapán,Guatemala,,3595503
Gualán,Guatemala,,3595560
Fraijanes,Guatemala,,3595714
Flores,Guatemala,,3595725
Esquipulas,Guatemala,,3595783
Escuintla,Guatemala,,3595803
El Tejar,Guatemala,,3596041
Guastatoya,Guatemala,,3596421
El Palmar,Guatemala,,3596644
El Estor,Guatemala,,3597078
El Asintal,Guatemala,,3597587
Cuilapa,Guatemala,,3597804
Comitancillo,Guatemala,,3598025
Comalapa,Guatemala,,3598034
Colomba,Guatemala,,3598073
Cobán,Guatemala,,3598119
Coatepeque,Guatemala,,3598122
Ciudad Vieja,Guatemala,,3598128
Guatemala City,Guatemala,,3598132
Chisec,Guatemala,,3598415
Chiquimula,Guatemala,,3598465
Chinautla,Guatemala,,3598529
Chimaltenango,Guatemala,,3598572
Chichicastenango,Guatemala,,3598655
Chicacao,Guatemala,,3598678
Cantel,Guatemala,,3599069
Cabricán,Guatemala,,3599287
Barberena,Guatemala,,3599582
Asunción Mita,Guatemala,,3599639
Antigua Guatemala,Guatemala,,3599699
Amatitlán,Guatemala,,3599735
Alotenango,Guatemala,,3599788
Tamuning-Tumon-Harmon Village,Guam,,4038659
Yigo Village,Guam,,4038794
Guam Government House,Guam,,4043547
Dededo Village,Guam,,4043909
Hagåtña,Guam,,4044012
Mangilao Village,Guam,,7268049
Tamuning,Guam,,7874631
Gabú,Guinea-Bissau,,2372532
Bissau,Guinea-Bissau,,2374775
Bafatá,Guinea-Bissau,,2375254
New Amsterdam,Guyana,,3376762
Linden,Guyana,,3377408
Georgetown,Guyana,,3378644
Tsuen Wan,Hong Kong,,1818209
Yuen Long San Hui,Hong Kong,,1818222
Yuen Long Kau Hui,Hong Kong,,1818223
Yuen Long,Hong Kong,,1818225
Yeung Uk Tsuen,Hong Kong,,1818259
Yau Tong,Hong Kong,,1818266
Yau Ma Tei,Hong Kong,,1818268
Wong Tai Sin,Hong Kong,,1818304
Wo Che,Hong Kong,,1818349
Wang Tau Hom,Hong Kong,,1818365
Wan Chai,Hong Kong,,1818379
Wah Fu,Hong Kong,,1818385
Tuen Mun San Hui,Hong Kong,,1818444
Tuen Mun,Hong Kong,,1818446
Tsz Wan Shan,Hong Kong,,1818447
Tsing Yi Town,Hong Kong,,1818483
Tsim Sha Tsui,Hong Kong,,1818501
Tseung Kwan O,Hong Kong,,1818506
To Kwa Wan,Hong Kong,,1818544
Tiu Keng Leng,Hong Kong,,1818550
Tin Wan,Hong Kong,,1818557
Tin Shui Wai,Hong Kong,,1818558
Ting Kau,Hong Kong,,1818574
Tai Wo Hau,Hong Kong,,1818614
Tai Wai,Hong Kong,,1818628
Tai Shui Hang,Hong Kong,,1818654
Tai Po,Hong Kong,,1818673
Tai Mei Tuk,Hong Kong,,1818695
Tai Kok Tsui,Hong Kong,,1818721
Siu Lek Yuen,Hong Kong,,1818781
Shuen Wan,Hong Kong,,1818817
Sheung Shui,Hong Kong,,1818845
Shek O,Hong Kong,,1818883
Shek Lei,Hong Kong,,1818892
Shek Kip Mei,Hong Kong,,1818905
Sha Tin Wai,Hong Kong,,1818916
Sha Tin,Hong Kong,,1818920
Sham Tseng,Hong Kong,,1818950
Sham Shui Po,Hong Kong,,1818953
Sau Mau Ping,Hong Kong,,1818972
San Tin,Hong Kong,,1818992
San Tin,Hong Kong,,1818996
San Po Kong,Hong Kong,,1819003
Sai Wan Ho,Hong Kong,,1819029
Sai Kung,Hong Kong,,1819050
Pok Fu Lam,Hong Kong,,1819091
Ping Shan,Hong Kong,,1819101
San Tung Chung Hang,Hong Kong,,1819283
Mount Davis,Hong Kong,,1819339
Mong Kok,Hong Kong,,1819353
Mid Levels,Hong Kong,,1819361
Ma Tau Wai,Hong Kong,,1819394
Ma On Shan,Hong Kong,,1819400
Leighton Hill,Hong Kong,,1819529
Lam Tin,Hong Kong,,1819554
Kwun Tong,Hong Kong,,1819577
Kwai Chung,Hong Kong,,1819595
Kowloon Tong,Hong Kong,,1819602
Kowloon,Hong Kong,,1819609
Kam Tin,Hong Kong,,1819685
Hong Lok Yuen,Hong Kong,,1819726
Hong Kong,Hong Kong,,1819729
Ho Man Tin,Hong Kong,,1819731
Aberdeen,Hong Kong,,1819757
Ha Tsuen,Hong Kong,,1819775
Hang Hau,Hong Kong,,1819791
Fo Tan,Hong Kong,,1819855
Fanling,Hong Kong,,1819873
Discovery Bay,Hong Kong,,1819894
Chuk Yuen,Hong Kong,,1819923
Cheung Chau,Hong Kong,,1819968
Chek Chue,Hong Kong,,1819980
Victoria,Hong Kong,,1931681
Fortress Hill,Hong Kong,,7778986
Admiralty,Hong Kong,,8223931
Jordan,Hong Kong,,8224045
Wong Chuk Hang,Hong Kong,,9172583
Tai Koo,Hong Kong,,10170102
Tung Chung,Hong Kong,,11101593
Sung Wong Toi,Hong Kong,,12640671
So Uk,Hong Kong,,12640674
City One,Hong Kong,,12640679
Mei Foo,Hong Kong,,12640681
Kadoorie,Hong Kong,,12640682
Kai Tak,Hong Kong,,12640684
The Peak,Hong Kong,,12640687
Lei Tung,Hong Kong,,12640693
Pok Hong,Hong Kong,,12687141
Shui Chuen O,Hong Kong,,12687143
Prince Edward,Hong Kong,,12687144
Discovery Park,Hong Kong,,12689054
Nam Cheong,Hong Kong,,12689055
Olympic,Hong Kong,,12689056
Whampoa,Hong Kong,,12689057
Laguna City,Hong Kong,,12689059
Choi Wan,Hong Kong,,12689060
Sun Tin Wai,Hong Kong,,12689062
Pat Heung,Hong Kong,,12689063
Butterfly,Hong Kong,,12689065
Fairview Park,Hong Kong,,12689069
Shap Pat Heung,Hong Kong,,12719430
South Horizons,Hong Kong,,12719432
LOHAS Park,Hong Kong,,12719433
Braemar Hill,Hong Kong,,12719438
Hok Yuen,Hong Kong,,12719439
Laguna Verde,Hong Kong,,12719440
Wu Kai Sha,Hong Kong,,12719443
Lee On,Hong Kong,,12719444
Kam Ying,Hong Kong,,12719445
Sam Shing,Hong Kong,,12719540
Aldrich Bay,Hong Kong,,12719542
City Garden,Hong Kong,,12719544
Keng Hau,Hong Kong,,12719547
Un Chau Estate,Hong Kong,,12719552
Pak Tin Estate,Hong Kong,,12719553
Shek Kip Mei Estate,Hong Kong,,12719555
Mei Foo Sun Chuen,Hong Kong,,12719566
Hoi Lai Estate,Hong Kong,,12719569
Fu Cheong Estate,Hong Kong,,12719572
So Uk Estate,Hong Kong,,12719581
Siu Sai Wan Estate,Hong Kong,,12719587
Taikoo Shing,Hong Kong,,12719589
Heng Fa Chuen,Hong Kong,,12719592
Yiu Tung Estate,Hong Kong,,12719635
Lei Tung Estate,Hong Kong,,12719787
South Horizons (Estate),Hong Kong,,12719791
Whampoa Garden,Hong Kong,,12719843
Oi Man Estate,Hong Kong,,12719847
Tak Long Estate,Hong Kong,,12719848
Chuk Yuen North Estate,Hong Kong,,12746517
Tung Tau Estate,Hong Kong,,12746524
Choi Hung Estate,Hong Kong,,12746531
Choi Wan Estate (I & II),Hong Kong,,12746532
Lower Wong Tai Sin Estate (I & II),Hong Kong,,12746539
Tsz Ching Estate,Hong Kong,,12746541
Wang Tau Hom Estate,Hong Kong,,12746547
New Territories,Hong Kong,,12747063
Hong Kong Island,Hong Kong,,12747064
Puerto Cortez,Honduras,,3600026
Yoro,Honduras,,3600195
Villanueva,Honduras,,3600327
Tocoa,Honduras,,3600704
Tela,Honduras,,3600931
Tegucigalpa,Honduras,,3600949
Siguatepeque,Honduras,,3601311
Santa Rosa de Copán,Honduras,,3601494
Santa Bárbara,Honduras,,3601691
San Pedro Sula,Honduras,,3601782
San Lorenzo,Honduras,,3601977
Potrerillos,Honduras,,3603330
Olanchito,Honduras,,3604251
La Paz,Honduras,,3607254
La Lima,Honduras,,3607511
La Ceiba,Honduras,,3608248
Juticalpa,Honduras,,3608503
El Progreso,Honduras,,3610613
El Paraíso,Honduras,,3610965
Danlí,Honduras,,3612907
Comayagua,Honduras,,3613321
Cofradía,Honduras,,3613394
Ciudad Choluteca,Honduras,,3613528
Choloma,Honduras,,3613533
Zaprešić,Croatia,,3186781
Zagreb,Croatia,,3186886
Zadar,Croatia,,3186952
Vukovar,Croatia,,3187047
Vinkovci,Croatia,,3187719
Velika Gorica,Croatia,,3188244
Varaždin,Croatia,,3188383
Split,Croatia,,3190261
Solin,Croatia,,3190359
Slavonski Brod,Croatia,,3190586
Požega,Croatia,,3190589
Sisak,Croatia,,3190813
Šibenik,Croatia,,3190941
Sesvete,Croatia,,3190966
Samobor,Croatia,,3191316
Rijeka,Croatia,,3191648
Pula,Croatia,,3192224
Osijek,Croatia,,3193935
Koprivnica,Croatia,,3197728
Dubrovnik,Croatia,,3201047
Đakovo,Croatia,,3202220
Čakovec,Croatia,,3202888
Bjelovar,Croatia,,3203982
Karlovac,Croatia,,3345300
Centar,Croatia,,6618983
Verrettes,Haiti,,3716044
Thomazeau,Haiti,,3716667
Saint-Raphaël,Haiti,,3717546
Saint-Michel de l'Atalaye,Haiti,,3717560
Saint-Marc,Haiti,,3717588
Port-de-Paix,Haiti,,3718420
Port-au-Prince,Haiti,,3718426
Tigwav,Haiti,,3718962
Pétionville,Haiti,,3719028
Miragoâne,Haiti,,3720824
Lenbe,Haiti,,3722124
Léogâne,Haiti,,3722286
Kenscoff,Haiti,,3723440
Jérémie,Haiti,,3723593
Jacmel,Haiti,,3723779
Hinche,Haiti,,3723841
Gressier,Haiti,,3724233
Grangwav,Haiti,,3724337
Gonaïves,Haiti,,3724696
Fond Parisien,Haiti,,3725276
Désarmes,Haiti,,3726674
Delmas,Haiti,,3726786
Croix-des-Bouquets,Haiti,,3727135
Les Cayes,Haiti,,3728097
Carrefour,Haiti,,3728338
Cap-Haïtien,Haiti,,3728474
Ti Port-de-Paix,Haiti,,3740016
Törökszentmiklós,Hungary,,714581
Tiszaújváros,Hungary,,714697
Szolnok,Hungary,,715126
Szentes,Hungary,,715337
Szeged,Hungary,,715429
Szarvas,Hungary,,715466
Sátoraljaújhely,Hungary,,715839
Püspökladány,Hungary,,716301
Ózd,Hungary,,716671
Orosháza,Hungary,,716736
Nyíregyháza,Hungary,,716935
Miskolc,Hungary,,717582
Mezőtúr,Hungary,,717635
Mezőkövesd,Hungary,,717652
Mátészalka,Hungary,,717771
Makó,Hungary,,717902
Kisvárda,Hungary,,718739
Kazincbarcika,Hungary,,719311
Karcag,Hungary,,719404
Hódmezővásárhely,Hungary,,719965
Hajdúszoboszló,Hungary,,720276
Hajdúnánás,Hungary,,720284
Hajdúböszörmény,Hungary,,720292
Gyula,Hungary,,720334
Gyomaendrőd,Hungary,,720364
Eger,Hungary,,721239
Debrecen,Hungary,,721472
Csongrád,Hungary,,721592
Békéscsaba,Hungary,,722437
Békés,Hungary,,722439
Balmazújváros,Hungary,,722636
Abony,Hungary,,723030
Zugló,Hungary,,3042430
Zalaegerszeg,Hungary,,3042638
Veszprém,Hungary,,3042929
Veresegyház,Hungary,,3042968
Vecsés,Hungary,,3043019
Várpalota,Hungary,,3043095
Vác,Hungary,,3043293
Tatabánya,Hungary,,3044082
Tata,Hungary,,3044083
Tapolca,Hungary,,3044141
Szombathely,Hungary,,3044310
Szigetszentmiklós,Hungary,,3044475
Szentendre,Hungary,,3044681
Szekszárd,Hungary,,3044760
Székesfehérvár,Hungary,,3044774
Százhalombatta,Hungary,,3044821
Sopron,Hungary,,3045190
Siófok,Hungary,,3045332
Sárvár,Hungary,,3045487
Salgótarján,Hungary,,3045643
Rákoskeresztúr,Hungary,,3045971
Pesterzsébet,Hungary,,3046445
Pécs,Hungary,,3046526
Parádsasvár,Hungary,,3046619
Pápa,Hungary,,3046686
Paks,Hungary,,3046768
Oroszlány,Hungary,,3046888
Nagykőrös,Hungary,,3047651
Nagykanizsa,Hungary,,3047679
Mosonmagyaróvár,Hungary,,3047896
Monor,Hungary,,3047942
Mohács,Hungary,,3047967
Komló,Hungary,,3049512
Komárom,Hungary,,3049519
Kőbánya,Hungary,,3049646
Kispest,Hungary,,3049795
Kiskunhalas,Hungary,,3049880
Kiskunfélegyháza,Hungary,,3049885
Kiskőrös,Hungary,,3049896
Keszthely,Hungary,,3050212
Kecskemét,Hungary,,3050434
Kaposvár,Hungary,,3050616
Kalocsa,Hungary,,3050719
Jászberény,Hungary,,3050907
Hatvan,Hungary,,3051621
Győr,Hungary,,3052009
Gyöngyös,Hungary,,3052040
Gyál,Hungary,,3052101
Gödöllő,Hungary,,3052236
Göd,Hungary,,3052241
Fót,Hungary,,3052542
Esztergom,Hungary,,3053163
Erzsébetváros,Hungary,,3053176
Érd,Hungary,,3053281
Dunaújváros,Hungary,,3053438
Dunakeszi,Hungary,,3053476
Dunaharaszti,Hungary,,3053485
Dombóvár,Hungary,,3053590
Dabas,Hungary,,3053836
Cegléd,Hungary,,3054543
Budapest,Hungary,,3054643
Budaörs,Hungary,,3054646
Baja,Hungary,,3055685
Angyalföld,Hungary,,3055970
Ajka,Hungary,,3056357
Budapest XII. kerület,Hungary,,7284823
Budapest XI. kerület,Hungary,,7284824
Budapest VIII. kerület,Hungary,,7284826
Budapest VI. kerület,Hungary,,7284828
Budapest XIII. kerület,Hungary,,7284830
Budapest IV. kerület,Hungary,,7284831
Budapest XV. kerület,Hungary,,7284832
Budapest XVI. kerület,Hungary,,7284833
Budapest XIX. kerület,Hungary,,7284835
Budapest XVIII. kerület,Hungary,,7284836
Budapest XXIII. kerület,Hungary,,7284837
Budapest XXII. kerület,Hungary,,7284838
Budapest XXI. kerület,Hungary,,7284839
Budapest XX. kerület,Hungary,,7284840
Budapest XVII. kerület,Hungary,,7284841
Budapest III. kerület,Hungary,,7284842
Budapest II. kerület,Hungary,,7284843
Budapest I. kerület,Hungary,,7284844
Józsefváros,Hungary,,11054704
Csepel-Királyerdő,Hungary,,12503655
Csepel-Csillagtelep,Hungary,,12749851
Középső-Ferencváros,Hungary,,12749860
Óhegy,Hungary,,12749904
Tongging,Indonesia,,1213442
Teluk Nibung,Indonesia,,1213493
Teluk Dalam,Indonesia,,1213495
Tebingtinggi,Indonesia,,1213500
Tarutung,Indonesia,,1213504
Tanjungtiram,Indonesia,,1213530
Tanjungbalai,Indonesia,,1213547
Sunggal,Indonesia,,1213614
Stabat,Indonesia,,1213655
Singkil,Indonesia,,1213713
Sigli,Indonesia,,1213821
Sibolga,Indonesia,,1213855
Sabang,Indonesia,,1214026
Reuleuet,Indonesia,,1214055
Rantauprapat,Indonesia,,1214073
Percut,Indonesia,,1214189
Perbaungan,Indonesia,,1214191
Pematangsiantar,Indonesia,,1214204
Paropo,Indonesia,,1214256
Pangkalan Brandan,Indonesia,,1214302
Padangsidempuan,Indonesia,,1214369
Meulaboh,Indonesia,,1214488
Medan,Indonesia,,1214520
Lhokseumawe,Indonesia,,1214658
Langsa,Indonesia,,1214724
Lahewa,Indonesia,,1214776
Labuhan Deli,Indonesia,,1214800
Kisaran,Indonesia,,1214882
Kabanjahe,Indonesia,,1214965
Gunungsitoli,Indonesia,,1215102
Deli Tua,Indonesia,,1215199
Blangpidie,Indonesia,,1215326
Bireun,Indonesia,,1215350
Binjai,Indonesia,,1215355
Berastagi,Indonesia,,1215395
Belawan,Indonesia,,1215412
Bandar,Indonesia,,1215498
Banda Aceh,Indonesia,,1215502
Yogyakarta,Indonesia,,1621177
Wonosobo,Indonesia,,1621395
Wonosari,Indonesia,,1621399
Wonopringgo,Indonesia,,1621416
Wongsorejo,Indonesia,,1621439
Wiradesa,Indonesia,,1621520
Weru,Indonesia,,1621613
Weleri,Indonesia,,1621655
Welahan,Indonesia,,1621659
Wedi,Indonesia,,1621678
Watampone,Indonesia,,1621884
Wangon,Indonesia,,1622090
Wanaraja,Indonesia,,1622138
Wamena,Indonesia,,1622167
Waisai,Indonesia,,1622293
Waingapu,Indonesia,,1622318
Utan,Indonesia,,1622552
Ungaran,Indonesia,,1622636
Makassar,Indonesia,,1622786
Ubud,Indonesia,,1622846
Tulungagung,Indonesia,,1623080
Tulangan Utara,Indonesia,,1623096
Tuban,Indonesia,,1623180
Tual,Indonesia,,1623197
Trucuk,Indonesia,,1623223
Trenggalek,Indonesia,,1623251
Tondano,Indonesia,,1623424
Tomohon,Indonesia,,1623446
Tobelo,Indonesia,,1623651
Ternate,Indonesia,,1624041
Terbanggi Besar,Indonesia,,1624058
Teminabuan,Indonesia,,1624196
Tegal,Indonesia,,1624494
Tayu,Indonesia,,1624545
Tasikmalaya,Indonesia,,1624647
Tarub,Indonesia,,1624668
Tarakan,Indonesia,,1624725
Tanjung Selor,Indonesia,,1624827
Tanjung Pinang,Indonesia,,1624863
Tanjung Pandan,Indonesia,,1624877
Bandar Lampung,Indonesia,,1624917
Tanjung Balai,Indonesia,,1624974
Tanjungagung,Indonesia,,1624987
Tanjung,Indonesia,,1625014
Tanggulangin,Indonesia,,1625067
Tangerang,Indonesia,,1625084
Taliwang,Indonesia,,1625420
Tabanan,Indonesia,,1625708
Surakarta,Indonesia,,1625812
Surabaya,Indonesia,,1625822
Sungai Raya,Indonesia,,1625908
Sungai Penuh,Indonesia,,1625929
Sungailiat,Indonesia,,1625958
Sumenep,Indonesia,,1626099
Sumedang Utara,Indonesia,,1626100
Sumedang,Indonesia,,1626103
Sumberpucung,Indonesia,,1626134
Sumber,Indonesia,,1626183
Sumbawa Besar,Indonesia,,1626185
Sokaraja,Indonesia,,1626312
Sukabumi,Indonesia,,1626381
Srono,Indonesia,,1626486
Srandakan,Indonesia,,1626493
Sragen,Indonesia,,1626498
Sorong,Indonesia,,1626542
Soreang,Indonesia,,1626560
Solok,Indonesia,,1626649
Soko,Indonesia,,1626673
Sofifi,Indonesia,,1626698
Soe,Indonesia,,1626703
Sleman,Indonesia,,1626754
Slawi,Indonesia,,1626758
Situbondo,Indonesia,,1626801
Sinjai,Indonesia,,1626895
Singosari,Indonesia,,1626899
Singojuruh,Indonesia,,1626903
Singkawang,Indonesia,,1626916
Sengkang,Indonesia,,1626921
Singaraja,Indonesia,,1626932
Singaparna,Indonesia,,1626936
Simpang,Indonesia,,1627035
Sijunjung,Indonesia,,1627185
Sidoarjo,Indonesia,,1627253
Sidareja,Indonesia,,1627267
Sewon,Indonesia,,1627357
Serpong,Indonesia,,1627459
Serang,Indonesia,,1627549
Sepatan,Indonesia,,1627610
Semarang,Indonesia,,1627896
Selong,Indonesia,,1627957
Selogiri,Indonesia,,1627969
Sawangan,Indonesia,,1628453
Sanana,Indonesia,,1628858
Sampit,Indonesia,,1628884
Sampang,Indonesia,,1628899
Samarinda,Indonesia,,1629001
Salatiga,Indonesia,,1629131
Ruteng,Indonesia,,1629380
Rengasdengklok,Indonesia,,1629710
Rembangan,Indonesia,,1629749
Rantepao,Indonesia,,1629974
Ransiki,Indonesia,,1630034
Rangkasbitung,Indonesia,,1630058
Randudongkal,Indonesia,,1630088
Rajapolah,Indonesia,,1630200
Raha,Indonesia,,1630238
Purwokerto,Indonesia,,1630328
Purwodadi,Indonesia,,1630333
Purwakarta,Indonesia,,1630341
Purbalingga,Indonesia,,1630366
Pundong,Indonesia,,1630416
Probolinggo,Indonesia,,1630634
Prigen,Indonesia,,1630649
Praya,Indonesia,,1630662
Candi Prambanan,Indonesia,,1630681
Poso,Indonesia,,1630723
Pontianak,Indonesia,,1630789
Ponorogo,Indonesia,,1630798
Polewali,Indonesia,,1630935
Plumbon,Indonesia,,1630997
Prabumulih,Indonesia,,1631393
Pemangkat,Indonesia,,1631637
Pemalang,Indonesia,,1631648
Pelabuhanratu,Indonesia,,1631733
Pekanbaru,Indonesia,,1631761
Pekalongan,Indonesia,,1631766
Pecangaan,Indonesia,,1631851
Payakumbuh,Indonesia,,1631905
Pati,Indonesia,,1631992
Pasuruan,Indonesia,,1632033
Paseh,Indonesia,,1632197
Pasarkemis,Indonesia,,1632228
Parung,Indonesia,,1632276
Pariaman,Indonesia,,1632334
Parepare,Indonesia,,1632353
Pare,Indonesia,,1632358
Panji,Indonesia,,1632566
Pangkalpinang,Indonesia,,1632654
Pangkalanbuun,Indonesia,,1632694
Pandeglang,Indonesia,,1632823
Pandaan,Indonesia,,1632859
Pandak,Indonesia,,1632861
Panarukan,Indonesia,,1632903
Pamulang,Indonesia,,1632937
Pameungpeuk,Indonesia,,1632974
Pamekasan,Indonesia,,1632978
Pamanukan,Indonesia,,1632998
Palu,Indonesia,,1633034
Palopo,Indonesia,,1633037
Palimanan,Indonesia,,1633056
Palembang,Indonesia,,1633070
Palangkaraya,Indonesia,,1633118
Pakisaji,Indonesia,,1633182
Pagar Alam,Indonesia,,1633308
Padang,Indonesia,,1633419
Paciran,Indonesia,,1633442
Nunukan,Indonesia,,1633811
Ngunut,Indonesia,,1633986
Ngoro,Indonesia,,1634010
Ngawi,Indonesia,,1634098
Nganjuk,Indonesia,,1634131
Negara,Indonesia,,1634266
Nabire,Indonesia,,1634614
Muntok,Indonesia,,1634678
Muntilan,Indonesia,,1634680
Muncar,Indonesia,,1634718
Muara Teweh,Indonesia,,1634788
Muara Bungo,Indonesia,,1634904
Mranggen,Indonesia,,1634954
Mojokerto,Indonesia,,1635111
Mojoagung,Indonesia,,1635116
Mlonggo,Indonesia,,1635164
Metro,Indonesia,,1635283
Mertoyudan,Indonesia,,1635342
Melati,Indonesia,,1635660
Maumere,Indonesia,,1635815
Mataram,Indonesia,,1635882
Masamba,Indonesia,,1635984
Martapura,Indonesia,,1636022
Maros,Indonesia,,1636029
Margasari,Indonesia,,1636121
Margahayukencana,Indonesia,,1636125
Manokwari,Indonesia,,1636308
Manismata,Indonesia,,1636322
Manggar,Indonesia,,1636426
Mendaha,Indonesia,,1636507
Manado,Indonesia,,1636544
Malinau,Indonesia,,1636657
Malang,Indonesia,,1636722
Majene,Indonesia,,1636806
Majenang,Indonesia,,1636808
Majalengka,Indonesia,,1636816
Magelang,Indonesia,,1636884
Madiun,Indonesia,,1636930
Luwuk,Indonesia,,1637001
Lumajang,Indonesia,,1637090
Lubuklinggau,Indonesia,,1637158
Loa Janan,Indonesia,,1637510
Lembang,Indonesia,,1638063
Lebaksiu,Indonesia,,1638217
Lawang,Indonesia,,1638284
Lasem,Indonesia,,1638352
Lamongan,Indonesia,,1638562
Lahat,Indonesia,,1638775
Labuan Bajo,Indonesia,,1638868
Labuan,Indonesia,,1638870
Kutoarjo,Indonesia,,1638981
Kuta,Indonesia,,1639002
Kuningan,Indonesia,,1639094
Kudus,Indonesia,,1639215
Kuala Tungkal,Indonesia,,1639286
Kualakapuas,Indonesia,,1639304
Kroya,Indonesia,,1639337
Krian,Indonesia,,1639356
Kresek,Indonesia,,1639362
Kraksaan,Indonesia,,1639431
Kotabumi,Indonesia,,1639524
Klungkung,Indonesia,,1639850
Klaten,Indonesia,,1639900
Klangenan,Indonesia,,1639925
Ketanggungan,Indonesia,,1640138
Kertosono,Indonesia,,1640185
Kepanjen,Indonesia,,1640296
Kendari,Indonesia,,1640344
Kencong,Indonesia,,1640354
Kefamenanu,Indonesia,,1640576
Kedungwuni,Indonesia,,1640581
Kedungwaru,Indonesia,,1640585
Kediri,Indonesia,,1640660
Kebonarun,Indonesia,,1640755
Kebomas,Indonesia,,1640765
Kawalu,Indonesia,,1640902
Katobu,Indonesia,,1640972
Karangsembung,Indonesia,,1641184
Amlapura,Indonesia,,1641301
Karanganom,Indonesia,,1641333
Karangampel,Indonesia,,1641342
Kamal,Indonesia,,1641792
Kalianget,Indonesia,,1641977
Juwana,Indonesia,,1642317
Jombang,Indonesia,,1642414
Jogonalan,Indonesia,,1642437
Jepara,Indonesia,,1642548
Jember,Indonesia,,1642588
Jekulo,Indonesia,,1642628
Jatiwangi,Indonesia,,1642684
Jatiroto,Indonesia,,1642692
Jatibarang,Indonesia,,1642726
Jaten,Indonesia,,1642754
Jambi City,Indonesia,,1642858
Jakarta,Indonesia,,1642911
Indramayu,Indonesia,,1643078
Indralaya,Indonesia,,1643089
Grogol,Indonesia,,1643761
Gresik,Indonesia,,1643776
Gorontalo,Indonesia,,1643837
Gongdanglegi Kulon,Indonesia,,1643898
Gombong,Indonesia,,1643920
Godean,Indonesia,,1643981
Genteng,Indonesia,,1644178
Gedangan,Indonesia,,1644349
Gebog,Indonesia,,1644360
Gampengrejo,Indonesia,,1644522
Gambiran Satu,Indonesia,,1644557
Galesong,Indonesia,,1644605
Fakfak,Indonesia,,1644833
Ende,Indonesia,,1644932
Dumai,Indonesia,,1645133
Dukuhturi,Indonesia,,1645154
Driyorejo,Indonesia,,1645220
Dompu,Indonesia,,1645343
Diwek,Indonesia,,1645428
Depok,Indonesia,,1645518
Depok,Indonesia,,1645524
Denpasar,Indonesia,,1645528
Demak,Indonesia,,1645559
Delanggu,Indonesia,,1645565
Dampit,Indonesia,,1645749
Curup,Indonesia,,1645875
Curug,Indonesia,,1645895
Comal,Indonesia,,1645976
Colomadu,Indonesia,,1645978
Citeureup,Indonesia,,1646034
Cirebon,Indonesia,,1646170
Ciputat,Indonesia,,1646194
Cimahi,Indonesia,,1646448
Cileunyi,Indonesia,,1646492
Cileungsir,Indonesia,,1646494
Cilacap,Indonesia,,1646559
Cikarang,Indonesia,,1646678
Cikampek,Indonesia,,1646698
Cicurug,Indonesia,,1646893
Cibinong,Indonesia,,1647003
Cianjur,Indonesia,,1647142
Ciamis,Indonesia,,1647149
Cepu,Indonesia,,1647179
Ceper,Indonesia,,1647187
Caringin,Indonesia,,1647298
Ciampea,Indonesia,,1647383
Bulakamba,Indonesia,,1647834
Bukittinggi,Indonesia,,1647866
Buduran,Indonesia,,1647936
Buaran,Indonesia,,1647991
Boyolangu,Indonesia,,1648082
Boyolali,Indonesia,,1648084
Bontang,Indonesia,,1648186
Bondowoso,Indonesia,,1648266
Bojonegoro,Indonesia,,1648451
Bogor,Indonesia,,1648473
Blora,Indonesia,,1648568
Blitar,Indonesia,,1648580
Bitung,Indonesia,,1648637
Bintuni,Indonesia,,1648691
Bima,Indonesia,,1648759
Besuki,Indonesia,,1648918
Bengkulu,Indonesia,,1649150
Bekasi,Indonesia,,1649378
Baubau,Indonesia,,1649541
Baturaja,Indonesia,,1649593
Baturaden,Indonesia,,1649595
Batu,Indonesia,,1649824
Batang,Indonesia,,1649881
Barabai,Indonesia,,1650064
Banyuwangi,Indonesia,,1650077
Banyumas,Indonesia,,1650095
Bantul,Indonesia,,1650119
Banjarmasin,Indonesia,,1650213
Banjaran,Indonesia,,1650227
Banjar,Indonesia,,1650232
Banjar,Indonesia,,1650234
Bangkalan,Indonesia,,1650298
Bangil,Indonesia,,1650319
Bandung,Indonesia,,1650357
Bambanglipuro,Indonesia,,1650434
Balung,Indonesia,,1650460
Balikpapan,Indonesia,,1650527
Balapulang,Indonesia,,1650572
Balai Pungut,Indonesia,,1650600
Baki,Indonesia,,1650670
Baekrajan,Indonesia,,1650815
Babat,Indonesia,,1650888
Atambua,Indonesia,,1651103
Astanajapura,Indonesia,,1651112
Arjawinangun,Indonesia,,1651226
Amuntai,Indonesia,,1651461
Ambon,Indonesia,,1651531
Ambarawa,Indonesia,,1651555
Amahai,Indonesia,,1651591
Agats,Indonesia,,1651852
Adiwerna,Indonesia,,1651887
Padalarang,Indonesia,,1963770
Ciranjang-hilir,Indonesia,,1964032
Cikupa,Indonesia,,1985663
Teluknaga,Indonesia,,1990589
Gamping Lor,Indonesia,,2005057
Kasihan,Indonesia,,2005237
Ngemplak,Indonesia,,2010971
Kartasura,Indonesia,,2010985
Gatak,Indonesia,,2011457
Kupang,Indonesia,,2057087
Merauke,Indonesia,,2082539
Jayapura,Indonesia,,2082600
Abepura,Indonesia,,2082727
Batam,Indonesia,,6295587
Seririt,Indonesia,,7084521
Bedugul,Indonesia,,7087175
Tambolaka,Indonesia,,7336548
Pekan Bahapal,Indonesia,,8449493
South Tangerang,Indonesia,,8581443
Masohi,Indonesia,,8667930
Amlapura city,Indonesia,,11919949
Wexford,Ireland,,2960964
Waterford,Ireland,,2960992
Tralee,Ireland,,2961123
Tallaght,Ireland,,2961284
Swords,Ireland,,2961297
Sligo,Ireland,,2961423
Rathfarnham,Ireland,,2961911
Droichead Nua,Ireland,,2962290
Navan,Ireland,,2962308
Naas,Ireland,,2962334
An Muileann gCearr,Ireland,,2962361
Malahide,Ireland,,2962725
Lucan,Ireland,,2962785
Limerick,Ireland,,2962943
Letterkenny,Ireland,,2962961
Leixlip,Ireland,,2962974
Kilkenny,Ireland,,2963398
Greystones,Ireland,,2963848
Galway,Ireland,,2964180
Finglas,Ireland,,2964303
Ennis,Ireland,,2964405
Dún Laoghaire,Ireland,,2964506
Dundalk,Ireland,,2964540
Dublin,Ireland,,2964574
Drogheda,Ireland,,2964661
Douglas,Ireland,,2964690
Cork,Ireland,,2965140
Cluain Meala,Ireland,,2965353
Celbridge,Ireland,,2965529
Carrigaline,Ireland,,2965715
Carlow,Ireland,,2965768
Bray,Ireland,,2966022
Blanchardstown,Ireland,,2966110
Ballincollig,Ireland,,2966749
Balbriggan,Ireland,,2966794
Athlone,Ireland,,3313472
Sandyford,Ireland,,3315278
Donaghmede,Ireland,,6691033
South Dublin,Ireland,,6697759
Jerusalem,Israel,,281184
Modi‘in Makkabbim Re‘ut,Israel,,282926
Zikhron Ya‘aqov,Israel,,293067
Safed,Israel,,293100
Yoqne‘am ‘Illit,Israel,,293153
Yirkā,Israel,,293181
Yehud,Israel,,293207
Yavné,Israel,,293222
Jaffa,Israel,,293253
Yāfā,Israel,,293254
Umm el Faḥm,Israel,,293286
Tirat Karmel,Israel,,293308
Tiberias,Israel,,293322
Tel Aviv,Israel,,293397
maalot Tarshīhā,Israel,,293420
Tamra,Israel,,293426
Shefar‘am,Israel,,293539
Sderot,Israel,,293619
Sakhnīn,Israel,,293655
Rosh Ha‘Ayin,Israel,,293690
Rishon LeTsiyyon,Israel,,293703
Reẖovot,Israel,,293725
Ramla,Israel,,293768
Ramat HaSharon,Israel,,293783
Ramat Gan,Israel,,293788
Ra'anana,Israel,,293807
Qiryat Yam,Israel,,293822
Qiryat Tiv‘on,Israel,,293823
Qiryat Shmona,Israel,,293825
Qiryat Motsqin,Israel,,293831
Qiryat Mal’akhi,Israel,,293835
Kiryat Gat,Israel,,293842
Qiryat Bialik,Israel,,293844
Qiryat Ata,Israel,,293845
Qalansuwa,Israel,,293896
Petaẖ Tiqva,Israel,,293918
Or Yehuda,Israel,,293962
Or Akiva,Israel,,293969
Ofaqim,Israel,,293992
Netivot,Israel,,294068
Netanya,Israel,,294071
Ness Ziona,Israel,,294074
Nesher,Israel,,294078
Naẕerat ‘Illit,Israel,,294097
Nazareth,Israel,,294098
Nahariyya,Israel,,294117
Migdal Ha‘Emeq,Israel,,294210
Mevasseret Tsiyyon,Israel,,294245
Majd el Kurūm,Israel,,294373
Maghār,Israel,,294387
Lod,Israel,,294421
Kfar Yona,Israel,,294492
Kfar Saba,Israel,,294514
Karmi’el,Israel,,294577
Kafr Qāsim,Israel,,294604
Kafr Qari‘,Israel,,294605
Kafr Mandā,Israel,,294608
Kafr Kannā,Israel,,294610
Judeida Makr,Israel,,294622
H̱olon,Israel,,294751
Hod HaSharon,Israel,,294760
Herzliya,Israel,,294778
Haifa,Israel,,294801
Hadera,Israel,,294946
Giv'at Shmuel,Israel,,294981
Givatayim,Israel,,294999
Gedera,Israel,,295064
Gan Yavne,Israel,,295080
Ganei Tikva,Israel,,295089
Eṭ Ṭīra,Israel,,295127
Eṭ Ṭaiyiba,Israel,,295130
Er Reina,Israel,,295174
Eilat,Israel,,295277
Dimona,Israel,,295328
Daliyat al Karmel,Israel,,295365
Binyamina,Israel,,295410
Bet Shemesh,Israel,,295432
Bet She’an,Israel,,295435
Bnei Brak,Israel,,295514
Be’er Ya‘aqov,Israel,,295525
Beersheba,Israel,,295530
Bat Yam,Israel,,295548
Bāqa el Gharbīya,Israel,,295571
Ashkelon,Israel,,295620
Ashdod,Israel,,295629
‘Ar‘ara,Israel,,295655
Arad,Israel,,295657
Acre,Israel,,295721
Afula,Israel,,295740
West Jerusalem,Israel,,7498240
Rahat,Israel,,8184212
Modiin Ilit,Israel,,8199378
Ariel,Israel,,8199394
Tel Sheva‘,Israel,,8310136
‘Ar‘ara BaNegev,Israel,,8374203
H̱ura,Israel,,8374209
Kuseifa,Israel,,8374220
Shoham,Israel,,8428283
El‘ad,Israel,,8428480
Yehud-Monosson,Israel,,10227184
Kadima Zoran,Israel,,11524864
Kiryat Ono,Israel,,12031840
Binyamina-Giv'at Ada,Israel,,12156557
Douglas,Isle of Man,,3042237
Pūnch,India,,1167718
Keelakarai,India,,1252646
Zunheboto,India,,1252653
Zamānia,India,,1252692
Zaidpur,India,,1252698
Zahirābād,India,,1252699
Yeola,India,,1252738
Yellāpur,India,,1252744
Yellandu,India,,1252745
Yelahanka,India,,1252758
Yavatmāl,India,,1252770
Yāval,India,,1252773
Yanam,India,,1252795
Yamuna Nagar,India,,1252797
Yādgīr,India,,1252822
Wokha,India,,1252840
Weir,India,,1252885
Wellington,India,,1252887
Wazīrganj,India,,1252892
Wāshīm,India,,1252908
Warud,India,,1252919
Warora,India,,1252925
Wāris Alīganj,India,,1252930
Wardha,India,,1252942
Wārāseonī,India,,1252946
Warangal,India,,1252948
Wanparti,India,,1252956
Wānkāner,India,,1252958
Wani,India,,1252960
Walajapet,India,,1252997
Wai,India,,1253013
Wādi,India,,1253041
Vyāra,India,,1253074
Vuyyūru,India,,1253077
Vrindāvan,India,,1253079
Vriddhāchalam,India,,1253080
Vizianagaram,India,,1253084
Vite,India,,1253091
Visnagar,India,,1253095
Visakhapatnam,India,,1253102
Vīsāvadar,India,,1253105
Virudunagar,India,,1253113
Vadakku Viravanallur,India,,1253127
Virajpet,India,,1253132
Virār,India,,1253133
Viramgām,India,,1253143
Vinukonda,India,,1253150
Villupuram,India,,1253166
Vikārābād,India,,1253182
Vijayawada,India,,1253184
Vijāpur,India,,1253193
Vidisha,India,,1253200
Vettūr,India,,1253216
Vettaikkaranpudur,India,,1253219
Vetapālem,India,,1253220
Verāval,India,,1253237
Vepagunta,India,,1253242
Venkatagiri,India,,1253251
Vemalwāda,India,,1253275
Velur,India,,1253278
Vellore,India,,1253286
Vejalpur,India,,1253315
Vedaraniyam,India,,1253330
Vayalār,India,,1253340
Vattalkundu,India,,1253352
Vāsudevanallūr,India,,1253357
Vasind,India,,1253363
Vasco da Gama,India,,1253367
Vaso,India,,1253374
Varkala,India,,1253392
Varangaon,India,,1253403
Varanasi,India,,1253405
Vaniyambadi,India,,1253437
Vandavāsi,India,,1253452
Valsād,India,,1253468
Valparai,India,,1253472
Vallabh Vidyanagar,India,,1253482
Valabhīpur,India,,1253512
Vaikam,India,,1253544
Vaijāpur,India,,1253545
Vāghodia,India,,1253559
Vadodara,India,,1253573
Vadnagar,India,,1253577
Vadlapūdi,India,,1253578
Vādippatti,India,,1253579
Vādāsinor,India,,1253591
Vadamadurai,India,,1253595
Vadāli,India,,1253599
Vadakku Valliyūr,India,,1253605
Vāda,India,,1253610
Uttiramerūr,India,,1253623
Uttarkāshi,India,,1253628
Uttamapālaiyam,India,,1253635
Utraula,India,,1253638
Usilampatti,India,,1253671
Usehat,India,,1253673
Uravakonda,India,,1253698
Uran,India,,1253702
Upleta,India,,1253736
Uppal Kalan,India,,1253744
Unnāo,India,,1253747
Unjha,India,,1253750
Unhel,India,,1253754
Una,India,,1253782
Una,India,,1253783
Ūn,India,,1253785
Un,India,,1253786
Umreth,India,,1253805
Umred,India,,1253807
Umarkot,India,,1253860
Umarkhed,India,,1253861
Umaria,India,,1253863
Umargām,India,,1253869
Umarga,India,,1253870
Ullal,India,,1253888
Ulhasnagar,India,,1253894
Ujjain,India,,1253914
Ujhāni,India,,1253918
Udumalaippettai,India,,1253944
Udupi,India,,1253952
Udhampur,India,,1253956
Udgīr,India,,1253958
Udangudi,India,,1253972
Udalguri,India,,1253977
Udaipura,India,,1253984
Udaipur,India,,1253985
Udaipur,India,,1253986
Udaipur,India,,1253987
Ooty,India,,1253993
Bara Uchāna,India,,1254000
Turaiyūr,India,,1254043
Tura,India,,1254046
Tuni,India,,1254054
Tūndla,India,,1254069
Tumsar,India,,1254080
Tumkūr,India,,1254089
Tulsīpur,India,,1254102
Tuljāpur,India,,1254111
Tufānganj,India,,1254131
Tuensang,India,,1254133
Thiruvananthapuram,India,,1254163
Thrissur,India,,1254187
Toshām,India,,1254214
Tonk,India,,1254241
Tondi,India,,1254249
Tohāna,India,,1254274
Todaraisingh,India,,1254282
Todabhim,India,,1254283
Titlāgarh,India,,1254304
Titāgarh,India,,1254309
Tisaiyanvilai,India,,1254317
Tiruvottiyūr,India,,1254320
Cheyyar,India,,1254322
Tiruvannāmalai,India,,1254327
Tiruvallur,India,,1254331
Tiruvalla,India,,1254335
Thiruthani,India,,1254342
Tiruttangal,India,,1254343
Tirur,India,,1254346
Tiruppuvanam,India,,1254347
Tiruppur,India,,1254348
Tirupparangunram,India,,1254356
Tirupati,India,,1254360
Tirunelveli,India,,1254361
Tirumala,India,,1254373
Tirukkoyilur,India,,1254377
Tiruchengode,India,,1254385
Tiruchirappalli,India,,1254388
Tiruchchendur,India,,1254390
Tīrthahalli,India,,1254396
Tirāwari,India,,1254413
Tiptūr,India,,1254420
Tinsukia,India,,1254432
Tinnanūr,India,,1254436
Tindivanam,India,,1254444
Tilhar,India,,1254481
Tīkamgarh,India,,1254534
Tijāra,India,,1254538
Thoubāl,India,,1254570
Thiruvarur,India,,1254589
Thāsra,India,,1254624
Tharād,India,,1254638
Thara,India,,1254640
Thanjavur,India,,1254649
Thānesar,India,,1254657
Thāne,India,,1254661
Thāna Bhawan,India,,1254673
Thān,India,,1254675
Thākurganj,India,,1254694
Thakurdwara,India,,1254695
Tezu,India,,1254709
Tezpur,India,,1254710
Terdāl,India,,1254727
Teonthar,India,,1254732
Thenkasi,India,,1254744
Teni,India,,1254745
Thenali,India,,1254757
Tellicherry,India,,1254780
Telhāra,India,,1254787
Tekkali,India,,1254794
Tekkalakote,India,,1254795
Tekāri,India,,1254797
Tehri,India,,1254808
Teghra,India,,1254813
Tāsgaon,India,,1254858
Tarn Tāran,India,,1254868
Tarikere,India,,1254880
Tharangambadi,India,,1254904
Tārānagar,India,,1254908
Tarāna,India,,1254909
Tāramangalam,India,,1254910
Tarakeswar,India,,1254912
Tāoru,India,,1254948
Tanuku,India,,1254953
Tāndūr,India,,1255004
Tānda,India,,1255023
Tāndā,India,,1255024
Tanakpur,India,,1255027
Tamlūk,India,,1255046
Tambaram,India,,1255062
Talwāra,India,,1255076
Talwandi Bhai,India,,1255082
Taloda,India,,1255104
Talipparamba,India,,1255121
Tālīkota,India,,1255122
Taleigao,India,,1255131
Talegaon Dābhāde,India,,1255134
Tālcher,India,,1255143
Talāja,India,,1255175
Tāki,India,,1255211
Takhatpur,India,,1255212
Takhatgarh,India,,1255213
Tājpur,India,,1255224
Tadpatri,India,,1255254
Tādepallegūdem,India,,1255264
Tādepalle,India,,1255265
Sutrāpāra,India,,1255290
Suriāpet,India,,1255344
Suriānwān,India,,1255346
Surendranagar,India,,1255349
Sūratgarh,India,,1255361
Surat,India,,1255364
Sūrandai,India,,1255372
Surajpur,India,,1255381
Sūrajgarh,India,,1255383
Supaul,India,,1255396
Sunel,India,,1255425
Sundarnagar,India,,1255434
Sundargarh,India,,1255437
Sunām,India,,1255449
Sullia,India,,1255482
Sūlūru,India,,1255483
Sulur,India,,1255484
Sultanpur,India,,1255488
Sultānpur,India,,1255491
Suket,India,,1255551
Sūjāngarh,India,,1255560
Suār,India,,1255597
Srivilliputhur,India,,1255616
Srīvardhan,India,,1255619
Srivaikuntam,India,,1255620
Srīsailain,India,,1255621
Srīrāmnagar,India,,1255625
Srīperumbūdūr,India,,1255630
Srīnivāspur,India,,1255631
Srinagar,India,,1255634
Srīnagar,India,,1255635
Sri Mādhopur,India,,1255643
Karanpur,India,,1255646
Srikakulam,India,,1255647
Sri Dūngargarh,India,,1255654
Soygaon,India,,1255667
Soron,India,,1255704
Soro,India,,1255705
Sorada,India,,1255712
Sopur,India,,1255714
Sonīpat,India,,1255744
Songadh,India,,1255762
Sonepur,India,,1255763
Rajpur Sonarpur,India,,1255783
Sonāri,India,,1255788
Sonāmukhi,India,,1255792
Sompeta,India,,1255816
Someshwar,India,,1255823
Solan,India,,1255850
Sojītra,India,,1255858
Sojat,India,,1255860
Sohna,India,,1255870
Sohāgpur,India,,1255884
Siwāna,India,,1255925
Siwān,India,,1255927
Sivakasi,India,,1255947
Sivagiri,India,,1255950
Sivagiri,India,,1255951
Sivaganga,India,,1255953
Siuri,India,,1255955
Sitārganj,India,,1255963
Sītāpur,India,,1255969
Sītāmarhi,India,,1255983
Siswā Bāzār,India,,1255995
Sisauli,India,,1256003
Sirūr,India,,1256025
Sirumugai,India,,1256027
Siruguppa,India,,1256029
Sirsilla,India,,1256039
Sirsi,India,,1256040
Sirsi,India,,1256047
Sirsāganj,India,,1256050
Sirsa,India,,1256052
Sironj,India,,1256064
Sirohi,India,,1256067
Sīrkāzhi,India,,1256075
Sirhind,India,,1256087
Sīra,India,,1256104
Sinnar,India,,1256119
Singur,India,,1256124
Singarāyakonda,India,,1256176
Singānallūr,India,,1256184
Sindhnūr,India,,1256207
Sindgi,India,,1256214
Shimla,India,,1256237
Simga,India,,1256245
Simdega,India,,1256246
Silvassa,India,,1256259
Sillod,India,,1256269
Silchar,India,,1256287
Silao,India,,1256295
Sīkar,India,,1256320
Sikandra Rao,India,,1256322
Sikandarpur,India,,1256328
Sikandarābād,India,,1256329
Sikka,India,,1256333
Sijua,India,,1256335
Sihorā,India,,1256340
Sihor,India,,1256343
Sidlaghatta,India,,1256363
Sidhi,India,,1256369
Sidhaulī,India,,1256372
Siddipet,India,,1256377
Siddhapur,India,,1256382
Sibsāgar,India,,1256388
Shyamnagar,India,,1256409
Shujālpur,India,,1256418
Shrīrangapattana,India,,1256421
Shrīrāmpur,India,,1256422
Shrīgonda,India,,1256426
Shorāpur,India,,1256431
Shōranūr,India,,1256432
Sholinghur,India,,1256435
Sholapur,India,,1256436
Shivpuri,India,,1256451
Shīshgarh,India,,1256468
Shirpur,India,,1256475
Shirhatti,India,,1256483
Shirdi,India,,1256489
Shimoga,India,,1256515
Shillong,India,,1256523
Siliguri,India,,1256525
Shikohābād,India,,1256529
Shikārpūr,India,,1256532
Shikaripura,India,,1256537
Shiggaon,India,,1256539
Shertallai,India,,1256558
Sherkot,India,,1256569
Sherghāti,India,,1256572
Sheopur,India,,1256593
Sheohar,India,,1256597
Sheoganj,India,,1256598
Shehera,India,,1256616
Shegaon,India,,1256620
Shāntipur,India,,1256639
Shamsābād,India,,1256659
Shamsābād,India,,1256660
Shāmli,India,,1256671
Shāmgarh,India,,1256673
Shājāpur,India,,1256693
Sheikhpura,India,,1256698
Shāhpura,India,,1256705
Shāhpura,India,,1256706
Shāhpur,India,,1256713
Shāhpur,India,,1256715
Shāhpur,India,,1256720
Shāhpur,India,,1256722
Shāhjānpur,India,,1256728
Shāhi,India,,1256731
Shāhganj,India,,1256735
Shahdol,India,,1256739
Shāhāda,India,,1256750
Shāhābād,India,,1256752
Shāhābād,India,,1256753
Shāhābād,India,,1256755
Shāhābād,India,,1256759
Siwāni,India,,1256773
Serchhīp,India,,1256812
Seram,India,,1256814
Seoni Mālwa,India,,1256823
Seoni,India,,1256826
Seondha,India,,1256828
Seohāra,India,,1256832
Sendhwa,India,,1256854
Sehore,India,,1256913
Secunderabad,India,,1256922
Sāyla,India,,1256929
Sawāi Mādhopur,India,,1256949
Sāvli,India,,1256955
Sāvda,India,,1256959
Savanūr,India,,1256967
Sāvantvādi,India,,1256968
Sausar,India,,1256974
Saundatti,India,,1256983
Sathyamangalam,India,,1256989
Sattur,India,,1256995
Sattenapalle,India,,1257001
Satna,India,,1257022
Satara,India,,1257055
Satānā,India,,1257060
Sāsvad,India,,1257066
Sasarām,India,,1257086
Sawar,India,,1257093
Sarkhej,India,,1257149
Sardulgarh,India,,1257191
Sardhana,India,,1257196
Sardārshahr,India,,1257198
Sarauli,India,,1257219
Sārangpur,India,,1257237
Saraipali,India,,1257259
Sarāi Mīr,India,,1257260
Sarāi Ākil,India,,1257268
Saoner,India,,1257307
Sānkrāil,India,,1257354
Sankeshwar,India,,1257369
Sangrūr,India,,1257402
Sāngola,India,,1257409
Sangod,India,,1257410
Sāngli,India,,1257416
Sangariā,India,,1257429
Sangāreddi,India,,1257431
Sangamner,India,,1257436
Sandūr,India,,1257456
Sandīla,India,,1257459
Sāndi,India,,1257461
Sancoale,India,,1257476
Sānchor,India,,1257477
Sanāwad,India,,1257481
Sanaur,India,,1257482
Sānand,India,,1257486
Samthar,India,,1257498
Samrāla,India,,1257503
Sāmpla,India,,1257508
Samdari,India,,1257528
Sāmbhar,India,,1257539
Sambhal,India,,1257540
Sambalpur,India,,1257542
Sāmba,India,,1257545
Samāstipur,India,,1257551
Sāmalkot,India,,1257565
Samālkha,India,,1257566
Samālka,India,,1257567
Sālūr,India,,1257587
Sālūmbar,India,,1257588
Salem,India,,1257629
Salāya,India,,1257638
Saktī,India,,1257673
Sakleshpur,India,,1257698
Saint Thomas Mount,India,,1257749
Sainthia,India,,1257751
Selu,India,,1257762
Saiha,India,,1257771
Saidpur,India,,1257776
Sāhibganj,India,,1257793
Sāhibganj,India,,1257794
Sahāwar,India,,1257799
Sahaswān,India,,1257800
Sahaspur,India,,1257802
Saharsa,India,,1257804
Sahāranpur,India,,1257806
Sagauli,India,,1257830
Saugor,India,,1257845
Sāgar,India,,1257851
Safīpur,India,,1257854
Safidon,India,,1257855
Sādri,India,,1257865
Sadashivpet,India,,1257890
Sadalgi,India,,1257895
Sadābād,India,,1257896
Sachīn,India,,1257901
Sabalgarh,India,,1257928
Rusera,India,,1257936
Rura,India,,1257940
Ropar,India,,1257951
Rūdarpur,India,,1258012
Roorkee,India,,1258044
Ron,India,,1258061
Rohtak,India,,1258076
Roha,India,,1258099
Robertsonpet,India,,1258109
Robertsganj,India,,1258111
Risod,India,,1258124
Rishra,India,,1258126
Rishīkesh,India,,1258128
Rīngas,India,,1258140
Richha,India,,1258164
Rewāri,India,,1258178
Rewa,India,,1258182
Revelganj,India,,1258186
Repalle,India,,1258201
Reoti,India,,1258203
Renukūt,India,,1258207
Renigunta,India,,1258213
Remuna,India,,1258229
Rehli,India,,1258247
Rāzām,India,,1258270
Raybag,India,,1258278
Rāyadrug,India,,1258290
Rayachoti,India,,1258291
Rāya,India,,1258292
Raxaul,India,,1258294
Rāwatsār,India,,1258295
Rāwatbhāta,India,,1258297
Rāver,India,,1258307
Rourkela,India,,1258315
Ratnagiri,India,,1258338
Ratlām,India,,1258342
Ratia,India,,1258347
Rāth,India,,1258352
Ratanpur,India,,1258362
Ratangarh,India,,1258366
Rasrā,India,,1258380
Rasipuram,India,,1258386
Rasapūdipalem,India,,1258393
Rāpar,India,,1258406
Rānpur,India,,1258425
Rānīpur,India,,1258449
Rānipet,India,,1258451
Rānikhet,India,,1258455
Rānīganj,India,,1258470
Rānībennur,India,,1258474
Rānia,India,,1258477
Rangia,India,,1258492
Rangāpāra,India,,1258501
Ranchi,India,,1258526
Rānāvāv,India,,1258534
Rānāghāt,India,,1258546
Rāmtek,India,,1258553
Rampur Hat,India,,1258581
Rāmpura,India,,1258584
Rāmpura,India,,1258592
Rāmpur,India,,1258598
Rāmpur,India,,1258599
Rāmnagar,India,,1258637
Rāmnagar,India,,1258639
Rāmnagar,India,,1258642
Rāmjībanpur,India,,1258658
Rāmgundam,India,,1258662
Rāmgarh,India,,1258677
Rāmgarh,India,,1258686
Rāmganj Mandi,India,,1258692
Rameswaram,India,,1258698
Rāmāpuram,India,,1258726
Ramanathapuram,India,,1258740
Closepet,India,,1258744
Rāmachandrapuram,India,,1258756
Rājūra,India,,1258786
Rājula,India,,1258795
Rājsamand,India,,1258797
Rājpura,India,,1258803
Rajpur,India,,1258815
Rajpur,India,,1258816
Rājpīpla,India,,1258819
Rāj-Nāndgaon,India,,1258831
Rājmahal,India,,1258843
Rājkot,India,,1258847
Rājgurunagar,India,,1258859
Rājgīr,India,,1258864
Rājgarh,India,,1258868
Rājgarh,India,,1258869
Rājgarh,India,,1258875
Rājgarh,India,,1258876
Rajaori,India,,1258891
Rajauli,India,,1258895
Rajapalaiyam,India,,1258916
Rāzampeta,India,,1258922
Rājaldesar,India,,1258928
Rājākhera,India,,1258930
Rajamahendravaram,India,,1258932
Rāisinghnagar,India,,1258950
Raisen,India,,1258952
Rāipur,India,,1258967
Raipur,India,,1258972
Raipur,India,,1258980
Rāikot,India,,1258993
Raigarh,India,,1259005
Rāiganj,India,,1259009
Rāichūr,India,,1259012
Rāhuri,India,,1259019
Rahimatpur,India,,1259026
Rāhatgarh,India,,1259034
Raghunathpur,India,,1259049
Rāghogarh,India,,1259056
Rafiganj,India,,1259060
Raebareli,India,,1259064
Rādhanpur,India,,1259069
Rabkavi,India,,1259083
Kollam,India,,1259091
Kasba,India,,1259108
Qadian,India,,1259110
Puttūr,India,,1259123
Puttūr,India,,1259124
Pushkar,India,,1259148
Pusad,India,,1259154
Purwā,India,,1259157
Puruliya,India,,1259163
Purnia,India,,1259166
Pūrna,India,,1259177
Puri,India,,1259184
Pūranpur,India,,1259190
Purāini,India,,1259202
Pupri,India,,1259210
Punjai Puliyampatti,India,,1259222
Punganūru,India,,1259228
Pune,India,,1259229
Pūndri,India,,1259231
Punāsa,India,,1259239
Punalūr,India,,1259243
Pūnāhāna,India,,1259244
Pulwama,India,,1259251
Puliyangudi,India,,1259263
Pulivendla,India,,1259264
Pulgaon,India,,1259272
Pukhrāyān,India,,1259283
Pudukkottai,India,,1259297
Proddatūr,India,,1259312
Pratāpgarh,India,,1259338
Port Blair,India,,1259385
Porsa,India,,1259388
Porbandar,India,,1259395
Poonamalle,India,,1259400
Ponnūru,India,,1259408
Ponneri,India,,1259409
Ponnāni,India,,1259411
Puducherry,India,,1259425
Ponda,India,,1259429
Polūr,India,,1259434
Pollachi,India,,1259440
Polavaram,India,,1259444
Polasara,India,,1259446
Pokaran,India,,1259460
Podili,India,,1259478
Pithorāgarh,India,,1259503
Pithāpuram,India,,1259508
Piro,India,,1259530
Piriyāpatna,India,,1259535
Piravam,India,,1259541
Pīpri,India,,1259552
Pipraich,India,,1259554
Pipili,India,,1259592
Pīpār,India,,1259608
Pinjaur,India,,1259630
Pindwāra,India,,1259638
Pināhat,India,,1259647
Pimpri,India,,1259652
Pilkhua,India,,1259680
Pīlibhīt,India,,1259686
Pilibangan,India,,1259688
Pīleru,India,,1259689
Pilāni,India,,1259693
Pihānī,India,,1259701
Pidugurālla,India,,1259704
Phulpur,India,,1259735
Phulera,India,,1259744
Phulbāni,India,,1259756
Phirangipuram,India,,1259773
Phillaur,India,,1259775
Phek,India,,1259784
Phaphūnd,India,,1259801
Phaltan,India,,1259811
Phalodi,India,,1259813
Phalauda,India,,1259818
Phagwāra,India,,1259827
Petlād,India,,1259841
Pethāpur,India,,1259843
Perundurai,India,,1259855
Perumpāvūr,India,,1259857
Periyanayakkanpalaiyam,India,,1259878
Periyakulam,India,,1259879
Peravurani,India,,1259890
Peranāmpattu,India,,1259892
Perambalur,India,,1259896
Penukonda,India,,1259905
Penugonda,India,,1259907
Pennāgaram,India,,1259916
Pennādam,India,,1259917
Pen,India,,1259931
Pehowa,India,,1259939
Peddāpuram,India,,1259954
Peddapalli,India,,1259961
Pedana,India,,1259986
Payyannūr,India,,1259994
Pawāyan,India,,1260003
Pāvugada,India,,1260014
Pauri,India,,1260016
Pawni,India,,1260022
Pātūr,India,,1260035
Pattukkottai,India,,1260040
Patti,India,,1260045
Patnāgarh,India,,1260082
Patna,India,,1260086
Patiāla,India,,1260107
Pāthri,India,,1260120
Patharia,India,,1260129
Pāthardih,India,,1260134
Pāthardi,India,,1260135
Pathānkot,India,,1260137
Pathanāmthitta,India,,1260138
Pathalgaon,India,,1260141
Pataudi,India,,1260156
Patancheru,India,,1260168
Pātan,India,,1260173
Patāmundai,India,,1260178
Pāsighāt,India,,1260206
Pasān,India,,1260210
Parvatsar,India,,1260221
Pārvatipuram,India,,1260222
Partūr,India,,1260228
Parola,India,,1260274
Parli Vaijnāth,India,,1260290
Parlākimidi,India,,1260296
Pariyāpuram,India,,1260304
Parīchhatgarh,India,,1260313
Pārdi,India,,1260335
Parbhani,India,,1260341
Paravūr Tekkumbhāgam,India,,1260354
Parāsia,India,,1260368
Paramagudi,India,,1260387
Paralākhemundi,India,,1260390
Parādīp Garh,India,,1260393
Pāppinisshēri,India,,1260406
Papanasam,India,,1260417
Pāonta Sāhib,India,,1260421
Panvel,India,,1260434
Panruti,India,,1260448
Panna,India,,1260454
Ponmana,India,,1260456
Panipat,India,,1260476
Pānihāti,India,,1260482
Pandua,India,,1260527
Pāndhurnā,India,,1260543
Pandharpur,India,,1260546
French Rocks,India,,1260553
Pandaria,India,,1260556
Panjim,India,,1260607
Panāgar,India,,1260612
Pāmūru,India,,1260615
Palwal,India,,1260637
Pāloncha,India,,1260667
Palani,India,,1260671
Palmaner,India,,1260674
Pallippatti,India,,1260681
Pallikonda,India,,1260685
Pallāvaram,India,,1260692
Pallappatti,India,,1260694
Palladam,India,,1260697
Pālkonda,India,,1260702
Pālitāna,India,,1260707
Paliā Kalān,India,,1260713
Pāli,India,,1260716
Pāli,India,,1260718
Palakkad,India,,1260728
Pālghar,India,,1260730
Palera,India,,1260734
Palāsa,India,,1260771
Pālanpur,India,,1260777
Palakollu,India,,1260792
Pālakkodu,India,,1260793
Pakur,India,,1260824
Pākāla,India,,1260830
Paithan,India,,1260833
Pahāsu,India,,1260868
Padrauna,India,,1260909
Padra,India,,1260911
Padmanābhapuram,India,,1260918
Padampur,India,,1260938
Padampur,India,,1260940
Padam,India,,1260942
Pachperwa,India,,1260954
Pāchora,India,,1260959
Ottappālam,India,,1261008
Dharashiv,India,,1261012
Orai,India,,1261039
Ongole,India,,1261045
Okha,India,,1261066
Ozar,India,,1261068
Od,India,,1261084
Obra,India,,1261086
Nūzvīd,India,,1261110
Nūrpur,India,,1261122
Nūh,India,,1261145
Nowrangapur,India,,1261162
Nagaon,India,,1261163
North Lakhimpur,India,,1261181
North Guwāhāti,India,,1261186
Nongstoin,India,,1261205
Nokha,India,,1261227
Nohar,India,,1261234
Noāmundi,India,,1261242
Nizāmābād,India,,1261258
Nīsang,India,,1261279
Nirmāli,India,,1261285
Nirmal,India,,1261288
Nipāni,India,,1261309
Neem ka Thana,India,,1261342
Nīmbāhera,India,,1261369
Nimāparha,India,,1261375
Nīmāj,India,,1261378
Nīlokheri,India,,1261382
Nīlēshwar,India,,1261394
Nilanga,India,,1261396
Nilakottai,India,,1261401
Nīlgiri,India,,1261402
Nihtaur,India,,1261415
Nidadavole,India,,1261446
Nichlaul,India,,1261451
Neyyāttinkara,India,,1261470
Neyveli,India,,1261473
New Delhi,India,,1261481
Neral,India,,1261512
Nepānagar,India,,1261517
Nellore,India,,1261529
Nellimarla,India,,1261531
Nellikkuppam,India,,1261532
Nelamangala,India,,1261539
Nedumangād,India,,1261553
Nāyudupet,India,,1261567
Nayāgarh,India,,1261580
Nawanshahr,India,,1261598
Nawāpāra,India,,1261604
Nawalgarh,India,,1261613
Niwai,India,,1261614
Nawāda,India,,1261631
Nawābganj,India,,1261639
Nawābganj,India,,1261641
Nawābganj,India,,1261642
Nāwa,India,,1261647
Navsari,India,,1261653
Navalgund,India,,1261667
Navadwīp,India,,1261669
Nautanwa,India,,1261672
Naugachhia,India,,1261696
Naubatpur,India,,1261699
Natham,India,,1261705
Nāthdwāra,India,,1261711
Nasrullāhganj,India,,1261721
Nāsriganj,India,,1261722
Nāspur,India,,1261726
Nasīrābād,India,,1261727
Nashik,India,,1261731
Narwar,India,,1261736
Narwāna,India,,1261739
Narsīpatnam,India,,1261748
Narsinghgarh,India,,1261752
Narsimhapur,India,,1261754
Naroli,India,,1261767
Nārnaund,India,,1261771
Narnaul,India,,1261772
Narkatiāganj,India,,1261784
Nargund,India,,1261800
Narela,India,,1261809
Naregal,India,,1261810
Nārāyanpet,India,,1261823
Naraingarh,India,,1261828
Nāravārikuppam,India,,1261835
Naraura,India,,1261837
Narauli,India,,1261839
Narasaraopet,India,,1261848
Narasapur,India,,1261852
Narasannapeta,India,,1261853
Nārāinpur,India,,1261870
Naraini,India,,1261871
Naraina,India,,1261872
Napāsar,India,,1261882
Nānpāra,India,,1261901
Nanjangūd,India,,1261910
Nāngloi Jāt,India,,1261913
Nangal,India,,1261922
Nandyāl,India,,1261927
Nandurbar,India,,1261931
Nāndūra Buzurg,India,,1261932
Nandikotkūr,India,,1261957
Nandigāma,India,,1261960
Nāndgaon,India,,1261971
Nanded,India,,1261977
Nanauta,India,,1261998
Nāmrup,India,,1262013
Nambiyūr,India,,1262034
Nāmakkal,India,,1262039
Nāmagiripettai,India,,1262040
Nalhāti,India,,1262065
Nalgonda,India,,1262067
Naldurg,India,,1262073
Nalbāri,India,,1262078
Nakūr,India,,1262089
Naksalbāri,India,,1262092
Nakodar,India,,1262097
Najībābād,India,,1262109
Najafgarh,India,,1262111
Nainwa,India,,1262115
Nainpur,India,,1262116
Naini Tāl,India,,1262117
Naihāti,India,,1262131
Nahorkatiya,India,,1262140
Nāhan,India,,1262151
Nagpur,India,,1262180
Nāgod,India,,1262187
Nagīna,India,,1262200
Nāgercoil,India,,1262204
Nagda,India,,1262209
Nāgaur,India,,1262216
Nāgar Karnūl,India,,1262230
Nagari,India,,1262240
Nagar,India,,1262253
Negapatam,India,,1262260
Nāgamangala,India,,1262266
Naduvannūr,India,,1262285
Nadiād,India,,1262292
Nādbai,India,,1262296
Nādāpuram,India,,1262302
Nabīnagar,India,,1262318
Nābha,India,,1262319
Mysore,India,,1262321
Muzaffarpur,India,,1262330
Muzaffarnagar,India,,1262332
Mūvattupula,India,,1262338
Muthupet,India,,1262346
Mussoorie,India,,1262374
Musiri,India,,1262380
Mushābani,India,,1262382
Murwāra,India,,1262395
Murtajāpur,India,,1262410
Murshidābād,India,,1262412
Murlīganj,India,,1262419
Morinda,India,,1262426
Murbād,India,,1262444
Murādnagar,India,,1262453
Munnar,India,,1262463
Munger,India,,1262482
Mungeli,India,,1262484
Mungaoli,India,,1262485
Mūndwa,India,,1262491
Mundra,India,,1262497
Mundgod,India,,1262510
Mundargi,India,,1262516
Multai,India,,1262534
Mūlki,India,,1262546
Mulgund,India,,1262553
Mulbāgal,India,,1262562
Muluppilagadu,India,,1262566
Mūl,India,,1262574
Muktsar,India,,1262578
Mukher,India,,1262591
Mukeriān,India,,1262596
Muhammadābād,India,,1262624
Muhammadābād,India,,1262625
Muhammadābād,India,,1262626
Mughal Sarāi,India,,1262634
Mudkhed,India,,1262651
Mudhol,India,,1262663
Mudgal,India,,1262664
Muddebihāl,India,,1262669
Mūdbidri,India,,1262672
Mubarakpur,India,,1262678
Mothīhāri,India,,1262710
Morwa,India,,1262734
Morsi,India,,1262740
Morena,India,,1262771
Morvi,India,,1262775
Morār,India,,1262783
Moram,India,,1262794
Morādābād,India,,1262801
Mon,India,,1262824
Mokokchūng,India,,1262843
Mokameh,India,,1262852
Moirāng,India,,1262863
Moga,India,,1262951
Modāsa,India,,1262958
Misrikh,India,,1262988
Mirzāpur,India,,1262995
Miriālgūda,India,,1263012
Mīrganj,India,,1263015
Mīrānpur Katra,India,,1263021
Mīrānpur,India,,1263022
Mīnjūr,India,,1263034
Milak,India,,1263051
Mihona,India,,1263057
Mhāsvād,India,,1263083
Mettur,India,,1263101
Mettupalayam,India,,1263103
Merta,India,,1263120
Mendarda,India,,1263142
Memāri,India,,1263148
Melur,India,,1263151
Mehsi,India,,1263181
Mehndāwal,India,,1263185
Mehkar,India,,1263195
Meerut,India,,1263214
Medinīpur,India,,1263220
Medak,India,,1263230
Mayiladuthurai,India,,1263247
Mayāng Imphāl,India,,1263255
Mawāna,India,,1263275
Mavoor,India,,1263280
Māvelikara,India,,1263285
Maur,India,,1263293
Mauganj,India,,1263300
Maudaha,India,,1263303
Mau Aimma,India,,1263306
Mau,India,,1263309
Mau,India,,1263311
Mattanur,India,,1263331
Mathura,India,,1263364
Mātābhānga,India,,1263395
Masaurhi Buzurg,India,,1263427
Mormugao,India,,1263494
Mārkāpur,India,,1263504
Mariāni,India,,1263522
Mariāhu,India,,1263523
Marhaura,India,,1263528
Margherita,India,,1263532
Marakkanam,India,,1263564
Marayur,India,,1263566
Mārahra,India,,1263567
Māpuca,India,,1263580
Mānwat,India,,1263591
Mānvi,India,,1263594
Manthani,India,,1263610
Mānsa,India,,1263622
Mānsa,India,,1263623
Manoharpur,India,,1263649
Mannargudi,India,,1263659
Mannārakkāt,India,,1263661
Manmād,India,,1263664
Mankāchar,India,,1263678
Majalgaon,India,,1263684
Manjhanpur,India,,1263691
Manjeri,India,,1263694
Manipal,India,,1263707
Mani Mājra,India,,1263714
Manihāri,India,,1263723
Maniar,India,,1263730
Mangrūl Pīr,India,,1263744
Māngrol,India,,1263751
Māngrol,India,,1263752
Manglaur,India,,1263761
Mangalore,India,,1263780
Mangaldai,India,,1263787
Mangalagiri,India,,1263797
Maner,India,,1263807
Mandya,India,,1263814
Māndvi,India,,1263824
Māndvi,India,,1263826
Mandsaur,India,,1263834
Mandlā,India,,1263852
Mandi Dabwāli,India,,1263859
Mandi,India,,1263862
Mandāwar,India,,1263879
Mandapeta,India,,1263898
Mandapam,India,,1263900
Māndalgarh,India,,1263911
Māndal,India,,1263917
Mancherāl,India,,1263936
Manāwar,India,,1263940
Mānāvadar,India,,1263943
Manāsa,India,,1263949
Manapparai,India,,1263952
Manamadurai,India,,1263965
Manali,India,,1263968
Mālvan,India,,1264007
Mālūr,India,,1264010
Mālpura,India,,1264032
Malpe,India,,1264037
Mallasamudram,India,,1264047
Malkāpur,India,,1264071
Malakanagiri,India,,1264075
Māliya,India,,1264077
Malīhābād,India,,1264085
Māler Kotla,India,,1264111
Mālegaon,India,,1264115
Malavalli,India,,1264136
Malaut,India,,1264138
Malappuram,India,,1264154
Mākum,India,,1264196
Maksi,India,,1264198
Makrāna,India,,1264206
Mairwa,India,,1264282
Mainpuri,India,,1264292
Maināguri,India,,1264301
Maihar,India,,1264317
Mahwah,India,,1264323
Mahuva,India,,1264326
Mahudha,India,,1264344
Maholi,India,,1264356
Mahobā,India,,1264359
Mahmudābād,India,,1264363
Mahīshādal,India,,1264368
Mahgawān,India,,1264383
Maheshwar,India,,1264385
Mahesāna,India,,1264389
Mahendragarh,India,,1264395
Mahemdāvād,India,,1264398
Mahē,India,,1264403
Mahbūbnagar,India,,1264407
Mahbūbābād,India,,1264409
Mahāsamund,India,,1264414
Mahārāganj,India,,1264433
Mahārājgani,India,,1264436
Maham,India,,1264455
Mahālingpur,India,,1264457
Mahād,India,,1264489
Maghar,India,,1264504
Māgadi,India,,1264514
Madurāntakam,India,,1264520
Madurai,India,,1264521
Madukkūr,India,,1264523
Madukkarai,India,,1264524
Chennai,India,,1264527
Madikeri,India,,1264540
Madhyamgram,India,,1264543
Madhupur,India,,1264551
Madhugiri,India,,1264553
Madhubani,India,,1264555
Madhuban,India,,1264557
Madhepura,India,,1264570
Madgaon,India,,1264588
Maddūr,India,,1264592
Madanapalle,India,,1264621
Machilīpatnam,India,,1264637
Machhlīshahr,India,,1264643
Māchhīwāra,India,,1264644
Mācherla,India,,1264647
Lunglei,India,,1264688
Lūnāvāda,India,,1264700
Ludhiāna,India,,1264728
Lucknow,India,,1264733
Luckeesarai,India,,1264735
Losal,India,,1264756
Lormi,India,,1264757
Loni,India,,1264773
Lonavla,India,,1264793
Lonar,India,,1264794
Lohārdagā,India,,1264839
Lingsugūr,India,,1264890
Limbdi,India,,1264912
Leteri,India,,1264949
Leh,India,,1264976
Lāwar Khās,India,,1264989
Laungowāl,India,,1265007
Latur,India,,1265014
Lāthi,India,,1265022
Lātehār,India,,1265025
Lar,India,,1265053
Lālsot,India,,1265143
Lālpur,India,,1265150
Lalitpur,India,,1265157
Lalgudi,India,,1265163
Lālgola,India,,1265166
Lālganj,India,,1265169
Lālganj,India,,1265170
Lakshmeshwar,India,,1265201
Laksar,India,,1265208
Lakhyabad,India,,1265220
Lakhnādon,India,,1265233
Lakhipur,India,,1265239
Lakhīmpur,India,,1265242
Lākheri,India,,1265246
Lāharpur,India,,1265310
Lahār,India,,1265311
Lādwa,India,,1265323
Lādnūn,India,,1265331
Laxmangarh,India,,1265354
Kuzhithurai,India,,1265387
Koothanallur,India,,1265400
Kuttampuzha,India,,1265401
Kutiyāna,India,,1265415
Kutiatodu,India,,1265418
Kushtagi,India,,1265446
Kurnool,India,,1265491
Kurinjippādi,India,,1265504
Kurduvādi,India,,1265521
Kurandvād,India,,1265539
Kuppam,India,,1265555
Kunnamkulam,India,,1265579
Kunnamangalam,India,,1265580
Kunigal,India,,1265591
Kundla,India,,1265605
Kundgol,India,,1265607
Kundarkhi,India,,1265613
Kunda,India,,1265632
Kumta,India,,1265645
Kūmher,India,,1265655
Kumhāri,India,,1265660
Kumbhrāj,India,,1265670
Kumbakonam,India,,1265683
Kulu,India,,1265709
Kulti,India,,1265711
Kulpahār,India,,1265716
Kulittalai,India,,1265723
Kulgam,India,,1265734
Kukshi,India,,1265752
Kukatpally,India,,1265767
Kuju,India,,1265773
Kūdligi,India,,1265795
Kudachi,India,,1265811
Kuchera,India,,1265821
Kuchāman,India,,1265828
Kuchaiburi,India,,1265830
Krishnarājpet,India,,1265852
Krishnanagar,India,,1265859
Krishnagiri,India,,1265863
Kozhikode,India,,1265873
Koynanagar,India,,1265881
Kovvūr,India,,1265886
Kovūr,India,,1265888
Kovilpatti,India,,1265891
Kottūru,India,,1265905
Kottayam,India,,1265911
Kottagūdem,India,,1265938
Kotputli,India,,1265961
Kotma,India,,1265964
Kotharia,India,,1265989
Kotdwāra,India,,1266014
Kotapārh,India,,1266029
Kotamangalam,India,,1266031
Kotagiri,India,,1266038
Kota,India,,1266049
Kotā,India,,1266051
Kosigi,India,,1266070
Kosi,India,,1266073
Kosamba,India,,1266087
Korwai,India,,1266092
Koregaon,India,,1266116
Korba,India,,1266122
Koratla,India,,1266124
Korāput,India,,1266128
Koppal,India,,1266154
Kopargaon,India,,1266162
Kopāganj,India,,1266164
Konnūr,India,,1266178
Konnagar,India,,1266179
Kondapalle,India,,1266209
Kondagaon,India,,1266216
Konch,India,,1266217
Konārka,India,,1266220
Kolasib,India,,1266258
Kollegāl,India,,1266267
Kolhāpur,India,,1266285
Kolāras,India,,1266302
Kolār,India,,1266305
Colachel,India,,1266322
Kokrajhar,India,,1266330
Kohīma,India,,1266366
Koelwār,India,,1266372
Kodungallūr,India,,1266385
Kodoli,India,,1266390
Kodīnar,India,,1266397
Kodarmā,India,,1266414
Kodār,India,,1266416
Kodaikānāl,India,,1266425
Koch Bihār,India,,1266436
Koāth,India,,1266448
Kizhake Chālakudi,India,,1266452
Kithor,India,,1266461
Kishtwār,India,,1266475
Kishangarh,India,,1266486
Kishanganj,India,,1266489
Kīratpur,India,,1266509
Kiraoli,India,,1266510
Kinwat,India,,1266518
Kichha,India,,1266575
Khūtār,India,,1266596
Khusropur,India,,1266598
Khurja,India,,1266607
Khurda,India,,1266616
Khurai,India,,1266620
Khunti,India,,1266622
Khuldābād,India,,1266631
Khowai,India,,1266649
Khopoli,India,,1266666
Khirkiyān,India,,1266710
Khilchipur,India,,1266731
Khetri,India,,1266744
Khetia,India,,1266746
Kheri,India,,1266762
Kherālu,India,,1266774
Khekra,India,,1266794
Khedbrahma,India,,1266806
Kheda,India,,1266809
Khātra,India,,1266838
Khatīma,India,,1266843
Khātegaon,India,,1266847
Khatauli,India,,1266849
Khārupatia,India,,1266862
Kharsia,India,,1266872
Kharkhauda,India,,1266891
Khargone,India,,1266928
Khardah,India,,1266945
Kharar,India,,1266960
Kharakvasla,India,,1266966
Kharagpur,India,,1266975
Kharagpur,India,,1266976
Khāpa,India,,1267006
Khanna,India,,1267016
Khandwa,India,,1267031
Khandela,India,,1267044
Khānāpur,India,,1267065
Khammam,India,,1267076
Khāmgaon,India,,1267084
Khambhāt,India,,1267090
Khambhāliya,India,,1267091
Khamaria,India,,1267097
Khalīlābād,India,,1267115
Khali Kachigam,India,,1267116
Khajuraho Group of Monuments,India,,1267154
Khairāgarh,India,,1267173
Khairāgarh,India,,1267174
Khairābād,India,,1267175
Khair,India,,1267182
Khagaul,India,,1267187
Khagaria,India,,1267189
Khadki,India,,1267195
Khada,India,,1267202
Khāchrod,India,,1267203
Kesinga,India,,1267222
Keshorai Pātan,India,,1267226
Keshod,India,,1267227
Kesariyā,India,,1267231
Kerūr,India,,1267239
Kendrāparha,India,,1267283
Kenda,India,,1267290
Kemrī,India,,1267297
Kekri,India,,1267336
Kāyankulam,India,,1267360
Kayalpattinam,India,,1267361
Kawardha,India,,1267369
Kāvali,India,,1267394
Kattivākkam,India,,1267433
Kattanam,India,,1267435
Kātrās,India,,1267439
Kātpādi,India,,1267456
Kātoya,India,,1267457
Kātol,India,,1267461
Katihar,India,,1267480
Kathua,India,,1267486
Kāthor,India,,1267492
Kathlāl,India,,1267495
Katghora,India,,1267517
Katangi,India,,1267537
Katangi,India,,1267538
Kasrāwad,India,,1267558
Kāsībugga,India,,1267573
Kashipur,India,,1267579
Kāsganj,India,,1267588
Kāsaragod,India,,1267616
Karwar,India,,1267635
Karur,India,,1267648
Kartārpur,India,,1267669
Kurseong,India,,1267675
Karol Bāgh,India,,1267696
Karnāl,India,,1267708
Karmāla,India,,1267716
Kārkala,India,,1267739
Karjat,India,,1267742
Karīmnagar,India,,1267755
Karīmganj,India,,1267758
Karhal,India,,1267772
Karera,India,,1267786
Kareli,India,,1267794
Karauli,India,,1267819
Kāranja,India,,1267853
Karamsad,India,,1267862
Kāramadai,India,,1267869
Kāraikkudi,India,,1267885
Kāraikāl,India,,1267887
Karād,India,,1267904
Kapūrthala,India,,1267911
Kāpren,India,,1267923
Kapadvanj,India,,1267939
Kānth,India,,1267972
Kantai,India,,1267976
Kantābānji,India,,1267978
Kānt,India,,1267979
Kanpur,India,,1267995
Kannod,India,,1268007
Kanniyākumāri,India,,1268008
Kannauj,India,,1268011
Kānnangād,India,,1268015
Kannad,India,,1268020
Kānker,India,,1268031
Kānke,India,,1268032
Kankauli,India,,1268035
Kanigiri,India,,1268059
Kangayam,India,,1268095
Kandukūr,India,,1268111
Kāndla,India,,1268124
Kāndi,India,,1268135
Kāndhla,India,,1268138
Kanchipuram,India,,1268159
Kānkānhalli,India,,1268189
Kāmthi,India,,1268205
Kampli,India,,1268214
Cumbum,India,,1268246
Kāmārhāti,India,,1268257
Kāmāreddi,India,,1268259
Kāman,India,,1268266
Kamalganj,India,,1268276
Kāmākhyānagar,India,,1268279
Kalyani,India,,1268293
Kalyān,India,,1268295
Kalugumalai,India,,1268310
Kālpi,India,,1268325
Kalpatta,India,,1268327
Kalol,India,,1268338
Kālol,India,,1268339
Kālna,India,,1268341
Kalmeshwar,India,,1268344
Kallidaikurichi,India,,1268360
Kallakkurichchi,India,,1268376
Kālka,India,,1268381
Kāliyāganj,India,,1268383
Kālimpong,India,,1268403
Kalghatgi,India,,1268434
Kālāvad,India,,1268450
Kālānwāli,India,,1268469
Kalānaur,India,,1268476
Kalamnūri,India,,1268480
Kalamb,India,,1268484
Kalakkādu,India,,1268495
Kalāyat,India,,1268501
Kakrāla,India,,1268540
Kākori,India,,1268545
Kākināda,India,,1268561
Kakdwip,India,,1268566
Kakching,India,,1268567
Kaithal,India,,1268593
Kairāna,India,,1268601
Kaimori,India,,1268615
Kaimganj,India,,1268616
Kailāshahar,India,,1268622
Kailāras,India,,1268624
Kaikalūr,India,,1268627
Kāgal,India,,1268651
Kadūr,India,,1268662
Kadod,India,,1268667
Kadiri,India,,1268673
Kadi,India,,1268680
Kadayanallur,India,,1268707
Kānchrāpāra,India,,1268715
Kachhwa,India,,1268722
Kabrāi,India,,1268739
Junnar,India,,1268761
Jūnāgarh,India,,1268772
Jūnāgadh,India,,1268773
Jhumri Telaiya,India,,1268775
Jalandhar,India,,1268782
Shādīpur Julāna,India,,1268785
Jugsālai,India,,1268799
Jorhāt,India,,1268820
Jora,India,,1268823
Jalārpet,India,,1268834
Jogbani,India,,1268855
Jodiya Bandar,India,,1268863
Jodhpur,India,,1268865
Jodhpur,India,,1268866
Jintūr,India,,1268896
Jining,India,,1268902
Jīnd,India,,1268907
Jhūsi,India,,1268929
Jhunjhunūn,India,,1268936
Jhinjhāna,India,,1268961
Jhīnjhak,India,,1268962
Jharsuguda,India,,1268977
Jharia,India,,1268988
Jhārgrām,India,,1268990
Jhānsi,India,,1269006
Jhanjhārpur,India,,1269012
Jhālu,India,,1269019
Jhālrapātan,India,,1269020
Jhālod,India,,1269023
Jhalidā,India,,1269026
Jhālāwār,India,,1269027
Jhajjar,India,,1269042
Jhajha,India,,1269046
Jhābua,India,,1269053
Jewar,India,,1269056
Jevargi,India,,1269057
Jetpur,India,,1269065
Jeypore,India,,1269092
Jainagar,India,,1269093
Jaynagar Majilpur,India,,1269094
Jayamkondacholapuram,India,,1269102
Jāwad,India,,1269126
Jaunpur,India,,1269135
Jatāra,India,,1269153
Jatani,India,,1269154
Jaswantnagar,India,,1269158
Jaspur,India,,1269168
Jasidih,India,,1269175
Jashpur Nagar,India,,1269177
Jasdan,India,,1269179
Jarwal,India,,1269183
Jaorā,India,,1269217
Jānsath,India,,1269227
Jānjgīr,India,,1269239
Jangipur,India,,1269247
Jangaon,India,,1269256
Jandiāla,India,,1269269
Jāmuria,India,,1269280
Jāmul,India,,1269289
Jamūī,India,,1269291
Jāmtāra,India,,1269298
Jamshedpur,India,,1269300
Jamnagar,India,,1269317
Jammu,India,,1269321
Jammalamadugu,India,,1269323
Jamkhandi,India,,1269328
Jambusar,India,,1269350
Gogri Jamālpur,India,,1269373
Jamālpur,India,,1269374
Jāmai,India,,1269377
Jāmadoba,India,,1269379
Jalpāiguri,India,,1269388
Jalor,India,,1269392
Jālna,India,,1269395
Jalgaon Jamod,India,,1269406
Jalgaon,India,,1269407
Jaleshwar,India,,1269413
Jalesar,India,,1269415
Jālaun,India,,1269422
Jalālpur,India,,1269435
Jalalpore,India,,1269439
Jalālī,India,,1269441
Jalālābād,India,,1269445
Jalālābad,India,,1269446
Jalālābād,India,,1269447
Jājpur,India,,1269477
Jaito,India,,1269488
Jaitāran,India,,1269498
Jaisingpur,India,,1269502
Jaisalmer,India,,1269507
Jais,India,,1269509
Jaipur,India,,1269515
Jahāzpur,India,,1269545
Jahāngīrābād,India,,1269551
Jahānābād,India,,1269557
Jagtiāl,India,,1269562
Jagraon,India,,1269564
Jaggayyapeta,India,,1269570
Jagdīspur,India,,1269573
Jagdīshpur,India,,1269574
Jagdalpur,India,,1269578
Jagatsinghapur,India,,1269581
Jagalūr,India,,1269602
Jagādhri,India,,1269605
Jāfarābād,India,,1269612
Jabalpur,India,,1269633
Etmadpur,India,,1269646
Itārsi,India,,1269653
Itanagar,India,,1269655
Islāmpur,India,,1269665
Islāmpur,India,,1269666
Islāmnagar,India,,1269670
Irugūr,India,,1269690
Irinjālakuda,India,,1269693
Iringal,India,,1269694
Malda,India,,1269723
Indri,India,,1269731
Indore,India,,1269743
Indi,India,,1269751
Indergarh,India,,1269752
Indāpur,India,,1269761
Imphāl,India,,1269771
Ilkal,India,,1269784
Igatpuri,India,,1269810
Idar,India,,1269818
Idappadi,India,,1269819
Ichchāpuram,India,,1269827
Ichalkaranji,India,,1269834
Hyderābād,India,,1269843
Hadagalli,India,,1269849
Husainābād,India,,1269862
Hunsūr,India,,1269873
Hungund,India,,1269876
Hukeri,India,,1269908
Hugli,India,,1269910
Hubli,India,,1269920
Howli,India,,1269927
Hosūr,India,,1269934
Hospet,India,,1269935
Hoskote,India,,1269936
Hoshiārpur,India,,1269937
Narmadapuram,India,,1269939
Hosdurga,India,,1269943
Honnāli,India,,1269970
Honnavar,India,,1269976
Homnābād,India,,1269979
Hole Narsipur,India,,1269985
Holalkere,India,,1269990
Hojāi,India,,1269993
Hodal,India,,1270000
Hisua,India,,1270021
Hisar,India,,1270022
Hiriyūr,India,,1270032
Hirekerūr,India,,1270036
Hīrākud,India,,1270059
Hinjilikatu,India,,1270066
Hingoli,India,,1270072
Hinganghāt,India,,1270077
Hindupur,India,,1270079
Hindoria,India,,1270082
Hindaun,India,,1270090
Himatnagar,India,,1270099
Hilsa,India,,1270102
Hazāribāgh,India,,1270164
Hāveri,India,,1270171
Hatta,India,,1270185
Hāthras,India,,1270216
Hastināpur,India,,1270237
Hassan,India,,1270239
Hāsimāra,India,,1270245
Hasanpur,India,,1270251
Harūr,India,,1270265
Harsūd,India,,1270271
Harpanahalli,India,,1270287
Harpālpur,India,,1270291
Hārij,India,,1270343
Harihar,India,,1270349
Haridwar,India,,1270351
Hardoī,India,,1270370
Harda Khās,India,,1270375
Hāpur,India,,1270393
Howrah,India,,1270396
Hanumāngarh,India,,1270407
Hānsi,India,,1270417
Hāngal,India,,1270435
Handiā,India,,1270437
Hamīrpur,India,,1270454
Hamīrpur,India,,1270455
Halvad,India,,1270466
Hālol,India,,1270474
Haliyal,India,,1270482
Hālīsahar,India,,1270484
Haldwani,India,,1270498
Haldaur,India,,1270509
Hājo,India,,1270522
Hājīpur,India,,1270525
Hailākāndi,India,,1270530
Hāflong,India,,1270543
Hadgāon,India,,1270554
Hābra,India,,1270568
Gyānpur,India,,1270576
Gwalior,India,,1270583
Guskhara,India,,1270598
Guruvāyūr,India,,1270603
Guru Har Sahāi,India,,1270612
Gursarāi,India,,1270618
Gursahāiganj,India,,1270619
Gurmatkāl,India,,1270627
Gurugram,India,,1270642
Gunupur,India,,1270667
Guntur,India,,1270668
Guntakal,India,,1270670
Gunnaur,India,,1270674
Gundlupēt,India,,1270686
Guna,India,,1270711
Gummidipundi,India,,1270718
Gumlā,India,,1270722
Gumia,India,,1270723
Guledagudda,India,,1270750
Kalaburagi,India,,1270752
Gulāothi,India,,1270759
Gulābpura,India,,1270763
Gūduvāncheri,India,,1270787
Gūdūr,India,,1270791
Gudiyatham,India,,1270800
Gudivāda,India,,1270801
Gudalur,India,,1270820
Gubbi,India,,1270824
Goyerkāta,India,,1270845
Govardhan,India,,1270863
Gosāba,India,,1270896
Gorantla,India,,1270923
Gorakhpur,India,,1270926
Gorakhpur,India,,1270927
Gorai,India,,1270937
Gobichettipalayam,India,,1270947
Gopālganj,India,,1270965
Gooty,India,,1270974
Gondiā,India,,1270990
Gondal,India,,1270994
Gondā City,India,,1270996
Gomoh,India,,1271005
Gola Gokarannāth,India,,1271049
Golāghāt,India,,1271050
Gokavaram,India,,1271062
Gokarna,India,,1271064
Gokak,India,,1271067
Gohāna,India,,1271079
Gohadi,India,,1271083
Godhra,India,,1271107
Godda,India,,1271113
Gobindpur,India,,1271131
Gobārdānga,India,,1271142
Goālpāra,India,,1271151
Gīrīdīh,India,,1271175
Gingee,India,,1271199
Giddarbāha,India,,1271212
Giddalūr,India,,1271213
Ghugus,India,,1271244
Ghoti Budrukh,India,,1271250
Ghosī,India,,1271259
Ghogardīha,India,,1271286
Ghazīpur,India,,1271306
Ghāziābād,India,,1271308
Ghātsīla,India,,1271319
Ghātanji,India,,1271343
Ghātampur,India,,1271345
Ghātāl,India,,1271346
Gharaunda,India,,1271363
Gevrai,India,,1271413
Gaya,India,,1271439
Gauripur,India,,1271453
Gauribidanur,India,,1271459
Gaurela,India,,1271464
Guwahati,India,,1271476
Garhwa,India,,1271493
Garui,India,,1271495
Gariadhar,India,,1271533
Garhshankar,India,,1271538
Garhmuktesar,India,,1271543
Garhākota,India,,1271563
Gannavaram,India,,1271613
Gangtok,India,,1271631
Gangolli,India,,1271642
Gangoh,India,,1271644
Gangāwati,India,,1271662
Gangārāmpur,India,,1271670
Gangāpur,India,,1271675
Gangāpur,India,,1271676
Gangāpur,India,,1271680
Gangānagar,India,,1271685
Gangākher,India,,1271688
Gandhinagar,India,,1271715
Gāndhīdhām,India,,1271717
Gandevi,India,,1271722
Gāndarbal,India,,1271729
Gajraula,India,,1271780
Gajendragarh,India,,1271789
Gadwāl,India,,1271819
Gadhinglaj,India,,1271834
Gadhada,India,,1271839
Gādarwāra,India,,1271847
Gadag,India,,1271850
Fort Gloster,India,,1271871
Forbesganj,India,,1271874
Fīrozpur Jhirka,India,,1271881
Ferozepore,India,,1271883
Fīrozābād,India,,1271885
Ferokh,India,,1271888
Fāzilka,India,,1271891
Fatwa,India,,1271892
Fatehpur Sīkri,India,,1271900
Fatehpur,India,,1271910
Fatehpur,India,,1271911
Fatehpur,India,,1271912
Fatehgarh Chūriān,India,,1271923
Fatehganj West,India,,1271929
Fatehābād,India,,1271934
Fatehābād,India,,1271936
Farrukhnagar,India,,1271940
Farrukhābād,India,,1271942
Farīdpur,India,,1271947
Farīdkot,India,,1271949
Faridabad,India,,1271951
Farakka,India,,1271954
Fālākāta,India,,1271965
Faizpur,India,,1271975
Fyzābād,India,,1271976
Etāwah,India,,1271987
Erraguntla,India,,1272008
Erode,India,,1272013
Erāttupetta,India,,1272022
Erandol,India,,1272025
Emmiganūr,India,,1272045
Eluru,India,,1272051
Elūr,India,,1272052
Ellenabad,India,,1272061
Elamanchili,India,,1272084
Egra,India,,1272101
Dwārka,India,,1272140
Durgapur,India,,1272175
Durgāpur,India,,1272177
Durg,India,,1272181
Dūngarpur,India,,1272201
Ganj Dundwāra,India,,1272207
Dumraon,India,,1272225
Dumra,India,,1272229
Dumka,India,,1272237
Dum Duma,India,,1272242
Dam Dam,India,,1272243
Duliajan,India,,1272259
Dugda,India,,1272277
Dubrājpur,India,,1272320
Dornakal,India,,1272367
Dorāha,India,,1272375
Dongargarh,India,,1272396
Dondaicha,India,,1272411
Dombivli,India,,1272423
Doddaballapura,India,,1272473
Doda,India,,1272476
Diu,India,,1272502
Deesa,India,,1272513
Diphu,India,,1272525
Dīnhāta,India,,1272532
Dindori,India,,1272540
Dindigul,India,,1272543
Dīnānagar,India,,1272546
Dimāpur,India,,1272552
Digras,India,,1272596
Dīglūr,India,,1272606
Dighwāra,India,,1272610
Digboi,India,,1272629
Dīg,India,,1272639
Dīdwāna,India,,1272640
Bicholim,India,,1272646
Dibrugarh,India,,1272648
Dibai,India,,1272653
Diamond Harbour,India,,1272657
Dhūri,India,,1272670
Dhupgāri,India,,1272674
Dhuliān,India,,1272689
Dhūlia,India,,1272691
Dhubri,India,,1272694
Dhrol,India,,1272699
Dhrāngadhra,India,,1272701
Dhoraji,India,,1272720
Dhone,India,,1272722
Dholka,India,,1272733
Dhing,India,,1272768
Dhenkānāl,India,,1272780
Dhekiajuli,India,,1272790
Dhaurahra,India,,1272802
Dhaulpur,India,,1272805
Dhārūr,India,,1272819
Dhāruhera,India,,1272822
Dharamsala,India,,1272832
Dharmavaram,India,,1272842
Dharmapuri,India,,1272847
Dharmanagar,India,,1272852
Dharmadam,India,,1272856
Dharmābād,India,,1272857
Dhāriwāl,India,,1272860
Dhāri,India,,1272861
Dharapuram,India,,1272873
Dharangaon,India,,1272874
Dharampur,India,,1272881
Dhār,India,,1272892
Dhanera,India,,1272962
Dhandhuka,India,,1272970
Dhanbad,India,,1272979
Dhanaura,India,,1272983
Dhanaula,India,,1272985
Dhamtari,India,,1272997
Dhāmpur,India,,1273002
Dhāmnod,India,,1273006
Dhāka,India,,1273043
Dewas,India,,1273066
Deoli,India,,1273083
Devgarh,India,,1273098
Devgadh Bāriya,India,,1273104
Devarkonda,India,,1273109
Devanhalli,India,,1273123
Devakottai,India,,1273128
Deūlgaon Rāja,India,,1273136
Deshnoke,India,,1273153
Dergaon,India,,1273166
Dera Māndi,India,,1273171
Depālpur,India,,1273181
Deori Khās,India,,1273191
Deoria,India,,1273193
Deoraniān,India,,1273206
Deoli,India,,1273228
Deolāli,India,,1273232
Deoghar,India,,1273241
Deogarh,India,,1273246
Deoband,India,,1273265
Denkanikota,India,,1273272
Delhi Cantonment,India,,1273292
Delhi,India,,1273294
Dehra Dūn,India,,1273313
Davorlim,India,,1273367
Davangere,India,,1273368
Dausa,India,,1273369
Daund,India,,1273374
Daudnagar,India,,1273390
Dattāpur,India,,1273397
Datia,India,,1273403
Dātāganj,India,,1273409
Dasūya,India,,1273410
Dāsna,India,,1273416
Daryāpur,India,,1273434
Dārwha,India,,1273440
Darsi,India,,1273448
Dārjiling,India,,1273467
Darbhanga,India,,1273491
Dandeli,India,,1273574
Dinapore,India,,1273581
Damoh,India,,1273587
Dāmnagar,India,,1273593
Daman,India,,1273618
Daltonganj,India,,1273626
Dalsingh Sarai,India,,1273628
Dalkola,India,,1273642
Dākor,India,,1273665
Dohad,India,,1273687
Dahegām,India,,1273704
Dāhānu,India,,1273708
Dādri,India,,1273724
Dabwāli,India,,1273745
Dabra,India,,1273751
Daboh,India,,1273756
Dabhoi,India,,1273766
Dabhel,India,,1273770
Cuttack,India,,1273780
Curti,India,,1273784
Curchorem,India,,1273788
Cuncolim,India,,1273793
Cumbum,India,,1273795
Kadapa,India,,1273800
Cuddalore,India,,1273802
Kundapura,India,,1273834
Colonelganj,India,,1273850
Colgong,India,,1273856
Calangute,India,,1273858
Coimbatore,India,,1273865
Cochin,India,,1273874
Clement Town,India,,1273880
Chūru,India,,1273892
Churāchāndpur,India,,1273909
Chunār,India,,1273923
Chotila,India,,1273960
Chorwād,India,,1273970
Chopda,India,,1273992
Chodavaram,India,,1274020
Rampachodavaram,India,,1274021
Chittūr,India,,1274032
Chittoor,India,,1274033
Chittaurgarh,India,,1274040
Chittaranjan,India,,1274043
Chitradurga,India,,1274056
Chītāpur,India,,1274077
Chidawa,India,,1274102
Chīrāla,India,,1274106
Chīpurupalle,India,,1274116
Chiplūn,India,,1274119
Chintāmani,India,,1274129
Chinna Salem,India,,1274146
Chinnamanūr,India,,1274151
Chincholi,India,,1274169
Chillupār,India,,1274195
Chilakalūrupet,India,,1274213
Chikodi,India,,1274218
Chiknāyakanhalli,India,,1274219
Chikmagalūr,India,,1274220
Chikhli,India,,1274237
Chik Ballāpur,India,,1274243
Chīka,India,,1274252
Chidambaram,India,,1274256
Chicholi,India,,1274265
Chhoti Sādri,India,,1274284
Chhota Udepur,India,,1274285
Chhindwāra,India,,1274304
Chhibrāmau,India,,1274315
Chhatarpur,India,,1274336
Chhatarpur,India,,1274337
Chhātāpur,India,,1274342
Chhāta,India,,1274343
Chharra,India,,1274346
Chhaprauli,India,,1274351
Chāpra,India,,1274353
Chhāpar,India,,1274359
Chhala,India,,1274369
Chhabra,India,,1274381
Chettipālaiyam,India,,1274389
Chetput,India,,1274394
Chennimalai,India,,1274422
Chengannūr,India,,1274428
Chengam,India,,1274429
Chengalpattu,India,,1274430
Chetwayi,India,,1274468
Chaksu,India,,1274532
Chatrapur,India,,1274533
Chatrā,India,,1274536
Chās,India,,1274553
Charthāwal,India,,1274560
Charkhi Dādri,India,,1274571
Charkhāri,India,,1274574
Chāpar,India,,1274618
Channarāyapatna,India,,1274640
Channapatna,India,,1274641
Channagiri,India,,1274642
Changanācheri,India,,1274664
Chāndor,India,,1274673
Chāndūr Bāzār,India,,1274674
Chāndūr,India,,1274675
Chāndur,India,,1274676
Chānda,India,,1274693
Chandrakona,India,,1274699
Chāndpur,India,,1274714
Chandigarh,India,,1274746
Chanderi,India,,1274755
Chanduasi,India,,1274767
Chandauli,India,,1274770
Chandannagar,India,,1274784
Chānasma,India,,1274807
Chamrajnagar,India,,1274821
Chāmpa,India,,1274837
Chamba,India,,1274848
Challapalle,India,,1274861
Challakere,India,,1274862
Chālisgaon,India,,1274868
Chalāla,India,,1274874
Chakradharpur,India,,1274890
Chaklāsi,India,,1274896
Chākia,India,,1274899
Chākan,India,,1274914
Chāībāsa,India,,1274928
Canning,India,,1274984
Kannur,India,,1274987
Kolkata,India,,1275004
Byādgi,India,,1275016
Buxar,India,,1275019
Burla,India,,1275050
Burhar,India,,1275066
Burhānpur,India,,1275068
Būndu,India,,1275097
Būndi,India,,1275103
Buldāna,India,,1275117
Bulandshahr,India,,1275120
Budhlāda,India,,1275147
Budhāna,India,,1275152
Budaun,India,,1275163
Brājarājnagar,India,,1275194
Brahmapur,India,,1275198
Botad,India,,1275218
Borsad,India,,1275230
Borivli,India,,1275248
Bongaigaon,India,,1275321
Mumbai,India,,1275339
Bolpur,India,,1275346
Bokāro,India,,1275362
Bokajān,India,,1275364
Boisar,India,,1275368
Bodināyakkanūr,India,,1275388
Bodh Gaya,India,,1275389
Bodhan,India,,1275391
Bobbili,India,,1275406
Biswān,India,,1275435
Bissāu,India,,1275441
Bishnupur,India,,1275462
Bisauli,India,,1275476
Bīsalpur,India,,1275481
Birūr,India,,1275488
Bīrpur,India,,1275499
Birmitrapur,India,,1275506
Binka,India,,1275558
Bindki,India,,1275572
Etāwa,India,,1275582
Bilthra,India,,1275589
Bilsi,India,,1275590
Bilsanda,India,,1275593
Bilimora,India,,1275610
Bilhaur,India,,1275614
Bilgrām,India,,1275618
Bilgi,India,,1275619
Bīlāspur,India,,1275634
Bilāspur,India,,1275637
Bilāsipāra,India,,1275641
Bilāri,India,,1275646
Bilāra,India,,1275647
Bikramganj,India,,1275655
Bikram,India,,1275656
Bīkaner,India,,1275665
Bijnor,India,,1275679
Bijbehara,India,,1275692
Bijāwar,India,,1275694
Bījāpur,India,,1275700
Bijapur,India,,1275701
Bihtā,India,,1275712
Bihār Sharīf,India,,1275716
Bihārīganj,India,,1275719
Bidhūna,India,,1275732
Bīdar,India,,1275738
Biaora,India,,1275762
Kīl Bhuvanagiri,India,,1275768
Bhusāval,India,,1275778
Bhundsi,India,,1275793
Bhūm,India,,1275804
Bhuj,India,,1275812
Bhudgaon,India,,1275814
Bhubaneswar,India,,1275817
Bhuban,India,,1275818
Bhor,India,,1275836
Bhopāl,India,,1275841
Bhongīr,India,,1275848
Bhongaon,India,,1275849
Bhogpur,India,,1275882
Bhiwāni,India,,1275899
Bhiwandi,India,,1275901
Bhitarwār,India,,1275905
Bhīnmāl,India,,1275920
Bhinga,India,,1275921
Bhindār,India,,1275925
Bhind,India,,1275926
Bhīmunipatnam,India,,1275930
Bhimavaram,India,,1275947
Bhīlwāra,India,,1275960
Bhiloda,India,,1275966
Bhilai,India,,1275971
Bhīkhi,India,,1275977
Bhikangaon,India,,1275978
Bhelai,India,,1276003
Bhāyāvadar,India,,1276013
Bhayandar,India,,1276014
Bhawānipatna,India,,1276023
Bhawānīgarh,India,,1276026
Bhawāni Mandi,India,,1276027
Bhavnagar,India,,1276032
Bhavāni,India,,1276037
Bhattiprolu,India,,1276054
Bhātpāra,India,,1276058
Bhatkal,India,,1276067
Bathinda,India,,1276070
Bhātāpāra,India,,1276084
Bhasāwar,India,,1276092
Bharwāri,India,,1276095
Bharūch,India,,1276100
Bharthana,India,,1276103
Bharatpur,India,,1276128
Bhānvad,India,,1276147
Bhānpurī,India,,1276151
Bhānpura,India,,1276152
Bhanjanagar,India,,1276159
Bhānder,India,,1276178
Bhandāra,India,,1276191
Bhālki,India,,1276219
Bhaisa,India,,1276249
Bhainsdehi,India,,1276265
Bhāgalpur,India,,1276300
Bhadreswar,India,,1276320
Bhadrāvati,India,,1276321
Bhadrakh,India,,1276325
Bhadrāchalam,India,,1276328
Bhādra,India,,1276330
Bhadohi,India,,1276335
Bhadaur,India,,1276353
Bhādāsar,India,,1276355
Bhachāu,India,,1276370
Bhabhua,India,,1276371
Bhābhar,India,,1276375
Beypore,India,,1276378
Bewar,India,,1276381
Betūl,India,,1276389
Bettiah,India,,1276393
Betamcherla,India,,1276416
Beri Khās,India,,1276437
Berasia,India,,1276449
Beohāri,India,,1276455
Bemetāra,India,,1276478
Belūr,India,,1276486
Belsand,India,,1276495
Belonia,India,,1276502
Bellary,India,,1276509
Belagavi,India,,1276533
Beldānga,India,,1276548
Bela,India,,1276574
Behror,India,,1276589
Behat,India,,1276600
Begusarai,India,,1276609
Begūn,India,,1276615
Begamganj,India,,1276621
Bedi,India,,1276627
Beāwar,India,,1276634
Bāzpur,India,,1276642
Bayāna,India,,1276652
Bayad,India,,1276653
Bawāni Khera,India,,1276660
Bawāna,India,,1276663
Bāwal,India,,1276666
Baud,India,,1276686
Batāla,India,,1276720
Baswa,India,,1276724
Bāsudebpur,India,,1276731
Bastī,India,,1276736
Bāsoda,India,,1276752
Basni,India,,1276754
Basmat,India,,1276757
Basi,India,,1276764
Basi,India,,1276765
Basi,India,,1276767
Basavana Bāgevādi,India,,1276782
Basavakalyān,India,,1276783
Barwāni,India,,1276810
Barwāla,India,,1276815
Bāruni,India,,1276829
Baruipur,India,,1276832
Bārsi,India,,1276856
Barpeta,India,,1276867
Barpāli,India,,1276870
Barnāla,India,,1276895
Bārmer,India,,1276901
Barki Saria,India,,1276919
Barkā Kānā,India,,1276927
Barjala,India,,1276938
Bari Sādri,India,,1276939
Bāri,India,,1276948
Barhiya,India,,1276954
Bārh,India,,1276977
Bargi,India,,1276982
Bargarh,India,,1276988
Bareja,India,,1277012
Bareilly,India,,1277013
Bārdoli,India,,1277022
Barddhamān,India,,1277029
Bar Bigha,India,,1277038
Baraut,India,,1277044
Barauli,India,,1277053
Bārāsat,India,,1277065
Baranagar,India,,1277082
Bārān,India,,1277084
Bāramūla,India,,1277085
Bārāmati,India,,1277091
Bārākpur,India,,1277100
Bāpatla,India,,1277183
Bāola,India,,1277196
Banūr,India,,1277200
Bantvāl,India,,1277201
Bāntva,India,,1277202
Bānswāra,India,,1277214
Bānswāda,India,,1277216
Bānsi,India,,1277232
Bānsdīh,India,,1277238
Bānsbāria,India,,1277240
Bannūr,India,,1277255
Banmankhi,India,,1277263
Bānkura,India,,1277264
Bānki,India,,1277273
Bānka,India,,1277289
Bāngarmau,India,,1277318
Bangarapet,India,,1277320
Bangaon,India,,1277322
Bangaon,India,,1277324
Banganapalle,India,,1277330
Bengaluru,India,,1277333
Banga,India,,1277338
Bandipura,India,,1277358
Bāndīkūi,India,,1277362
Bānda,India,,1277397
Banda,India,,1277398
Banat,India,,1277409
Bānapur,India,,1277426
Bāmor Kalān,India,,1277442
Bālurghāt,India,,1277508
Bālugaon,India,,1277514
Balrāmpur,India,,1277525
Bālotra,India,,1277527
Baloda Bāzār,India,,1277530
Balod,India,,1277535
Bāli,India,,1277539
Ballia,India,,1277552
Ballarpur,India,,1277557
Bāli,India,,1277590
Balasore,India,,1277599
Balarāmpur,India,,1277634
Bālāpur,India,,1277636
Balāngīr,India,,1277643
Bālāghāt,India,,1277661
Bālāchor,India,,1277666
Bakhtiyārpur,India,,1277684
Bakhri,India,,1277688
Budge Budge,India,,1277723
Bairāgnia,India,,1277748
Byndoor,India,,1277759
Bail-Hongal,India,,1277765
Baikunthpur,India,,1277769
Baihar,India,,1277776
Baidyabāti,India,,1277780
Bahraigh,India,,1277799
Bahjoi,India,,1277808
Baheri,India,,1277814
Baharampur,India,,1277820
Bahadurgarh,India,,1277835
Bahādurganj,India,,1277836
Bāh,India,,1277841
Bagulā,India,,1277844
Bāghpat,India,,1277882
Bagdogra,India,,1277897
Bāgha Purāna,India,,1277902
Bāgepalli,India,,1277909
Bāgbahra,India,,1277918
Bagasra,India,,1277924
Bagar,India,,1277930
Bagalkot,India,,1277936
Bagaha,India,,1277939
Bagaha,India,,1277940
Badvel,India,,1277949
Badūria,India,,1277950
Bādshāhpur,India,,1277955
Badnāwar,India,,1277970
Badlapur,India,,1277976
Bādāmi,India,,1278017
Badagara,India,,1278023
Bada Barabīl,India,,1278026
Bachhraon,India,,1278036
Babrāla,India,,1278052
Bābra,India,,1278054
Babīna,India,,1278058
Baberu,India,,1278064
Bābai,India,,1278073
Azamgarh,India,,1278083
Ayodhya,India,,1278094
Ayakudi,India,,1278100
Avanigadda,India,,1278122
Avinashi,India,,1278124
Āvadi,India,,1278130
Ausa,India,,1278139
Aurangābād,India,,1278148
Sambhaji Nagar,India,,1278149
Auraiya,India,,1278152
Aurād,India,,1278156
Attur,India,,1278173
Attingal,India,,1278176
Attili,India,,1278178
Atraulī,India,,1278190
Atmakūr,India,,1278201
Adirampattinam,India,,1278204
Athni,India,,1278208
Āthagarh,India,,1278216
Atarra,India,,1278228
Āsind,India,,1278278
Āsika,India,,1278279
Asifābād,India,,1278282
Ashta,India,,1278294
Ashta,India,,1278296
Ashoknagar,India,,1278297
Āsansol,India,,1278314
Āsandh,India,,1278320
Arwal,India,,1278334
Ārvi,India,,1278335
Aruppukkottai,India,,1278340
Arumuganeri,India,,1278343
Arukutti,India,,1278345
Arsikere,India,,1278354
Āron,India,,1278365
Arkalgūd,India,,1278393
Ariyalūr,India,,1278405
Arcot,India,,1278432
Arāria,India,,1278446
Arantāngi,India,,1278448
Arni,India,,1278454
Ārangaon,India,,1278455
Arang,India,,1278458
Arāmbāgh,India,,1278466
Arakkonam,India,,1278471
Arrah,India,,1278483
Aonla,India,,1278498
Anūpshahr,India,,1278507
Anūppur,India,,1278508
Anūpgarh,India,,1278510
Anta,India,,1278532
Anshing,India,,1278534
Annur,India,,1278539
Annigeri,India,,1278540
Ankleshwar,India,,1278553
Anjār,India,,1278573
Anjangaon,India,,1278580
Anjad,India,,1278588
Angul,India,,1278593
Angamāli,India,,1278602
Anekal,India,,1278609
Andol,India,,1278621
Anthiyur,India,,1278622
Āndippatti,India,,1278625
Anantnag,India,,1278667
Anantapur,India,,1278672
Anandpur,India,,1278676
Anand,India,,1278685
Anakapalle,India,,1278688
Anamalais,India,,1278692
Amudālavalasa,India,,1278698
Āmta,India,,1278703
Amroli,India,,1278707
Amroha,India,,1278708
Amritsar,India,,1278710
Amreli,India,,1278715
Amrāvati,India,,1278718
Amod,India,,1278742
Āmli,India,,1278768
Āmlāgora,India,,1278774
Amla,India,,1278775
Amet,India,,1278808
Ambur,India,,1278815
Ambikāpur,India,,1278827
Ambattūr,India,,1278840
Ambasamudram,India,,1278841
Ambāla,India,,1278860
Ambājogāi,India,,1278862
Ambāh,India,,1278868
Ambad,India,,1278871
Amarpur,India,,1278895
Amarpātan,India,,1278899
Amarnāth,India,,1278903
Amalner,India,,1278931
Amalāpuram,India,,1278935
Alwaye,India,,1278941
Alwar,India,,1278946
Alot,India,,1278964
Along,India,,1278969
Alnāvar,India,,1278973
Almora,India,,1278974
Alappuzha,India,,1278985
Prayagraj,India,,1278994
Alīpur Duār,India,,1279003
Alīpur,India,,1279005
Alīgarh,India,,1279017
Alīganj,India,,1279023
Alībāg,India,,1279027
Ālangulam,India,,1279058
Alangāyam,India,,1279061
Alandur,India,,1279064
Alandi,India,,1279066
Aland,India,,1279068
Akot,India,,1279094
Akola,India,,1279105
Aklera,India,,1279115
Akivīdu,India,,1279123
Akbarpur,India,,1279134
Akbarpur,India,,1279135
Akaltara,India,,1279144
Akalkot,India,,1279147
Ajra,India,,1279154
Ajnāla,India,,1279158
Ajmer,India,,1279159
Aizawl,India,,1279186
Ahwa,India,,1279213
Ahraura,India,,1279219
Ahmadpur,India,,1279227
Ahmadnagar,India,,1279228
Ahmedabad,India,,1279233
Agra,India,,1279259
Agartala,India,,1279290
Agar,India,,1279299
Afzalpur,India,,1279306
Afzalgarh,India,,1279307
Adūr,India,,1279323
Adra,India,,1279334
Adoni,India,,1279335
Ādilābād,India,,1279344
Addanki,India,,1279356
Achhnera,India,,1279382
Achalpur,India,,1279390
Ābu Road,India,,1279394
Ābu,India,,1279396
Abohar,India,,1279403
Abhayāpuri,India,,1279407
Dalli Rājhara,India,,1333526
Contai,India,,1344069
Haldia,India,,1344377
Srirāmpur,India,,1348562
Dumjor,India,,1348739
Bankra,India,,1348747
Chakapara,India,,1348753
Mahiari,India,,1348775
Dhulagari,India,,1348780
Pānchla,India,,1348785
Pujali,India,,1348820
Maheshtala,India,,1348843
Monoharpur,India,,1349041
Soyībug,India,,1430991
Kheri Nāngal,India,,1442266
Jharoda Kalān,India,,1443367
Roshanpura,India,,1443381
Dīndārpur,India,,1443383
Singāpur,India,,1445156
Ghatkesar,India,,1445378
Vadigenhalli,India,,1462711
Adampur,India,,1462733
Porur,India,,1465622
Madipakkam,India,,1465825
Perungudi,India,,1465828
Madambakkam,India,,1465910
Powai,India,,6324621
Navi Mumbai,India,,6619347
Panchkula,India,,6690108
Murudeshwara,India,,6941937
Shivaji Nagar,India,,6943660
Greater Noida,India,,6954929
Mohali,India,,6992326
Pithampur,India,,7279595
Barbil,India,,7279597
Airoli,India,,7279599
Aluva,India,,7279600
Kotkapura,India,,7279734
Muvattupuzha,India,,7279735
Perumbavoor,India,,7279739
Vapi,India,,7279741
Baddi,India,,7279742
Noida,India,,7279746
Bhiwadi,India,,7279747
Mandideep,India,,7279752
Singrauli,India,,7279754
Birpara,India,,7284803
Jaigaon,India,,7284820
Akkarampalle,India,,7302805
Bellampalli,India,,7302806
Chemmumiahpet,India,,7302808
Gaddi Annaram,India,,7302810
Dasnapur,India,,7302812
Kanuru,India,,7302825
Lal Bahadur Nagar,India,,7302826
Malkajgiri,India,,7302828
Mandamarri,India,,7302829
Chinnachowk,India,,7302830
Kyathampalle,India,,7302832
Gajuwaka,India,,7302833
Katheru,India,,7302834
Manuguru,India,,7302836
Kalyandurg,India,,7302838
Payakaraopeta,India,,7302842
Ponnur,India,,7302844
Quthbullapur,India,,7302845
Ramanayyapeta,India,,7302846
Palwancha,India,,7302847
Barpeta Road,India,,7302849
Sathupalli,India,,7302851
Yanamalakuduru,India,,7302853
Morigaon,India,,7302854
Naharlagun,India,,7302855
Serilingampalle,India,,7302856
Silapathar,India,,7302857
Lumding Railway Colony,India,,7302859
Aistala,India,,7302860
Ashoknagar Kalyangarh,India,,7302861
Bahula,India,,7302862
Bhawanipur,India,,7626554
Bakhtiarpur,India,,7626561
Zira,India,,7645176
Adampur,India,,7646705
Kumarapalayam,India,,8223943
Ramagundam,India,,8347656
Mirganj,India,,8439149
Sultānganj,India,,8439888
Karjan,India,,8477241
Cherpulassery,India,,8504418
Biswanath Chariali,India,,8541454
Prāntij,India,,8541964
Kirandul,India,,8581647
Ganaur,India,,8629543
Thoothukudi,India,,8629640
Shiraguppi,India,,8714565
Gadag-Betageri,India,,8740017
Areraj,India,,8740819
V.S.K.Valasai (Dindigul-Dist.),India,,8948694
Barbigha,India,,9036524
Kadodara,India,,9072777
Neelankarai,India,,9212568
Injambakkam,India,,9212569
Srikalahasti,India,,9408449
Shahbazpur,India,,9794300
Heli Mandi,India,,9915333
Mānesar,India,,9915464
Ganguwa,India,,9977407
Barāra,India,,10152760
Kansāpur,India,,10166426
Sisauli,India,,10166427
Pehlādpur Bāngar,India,,10261416
Siraspur,India,,10261418
Kundli,India,,10261433
Kādīpur,India,,10261502
Libāspur,India,,10261507
Burāri,India,,10261509
Karāla,India,,10263041
Auhammadpur Mājri,India,,10263042
Rāni Khera,India,,10263046
Begampur,India,,10263049
Pūth Kalān,India,,10263050
Kamaruddinnagar,India,,10263051
Mūndka,India,,10263053
Bakarwāla,India,,10263054
Nilithi,India,,10263055
Bāprola,India,,10263061
Hashtsāl,India,,10263066
Rijokri,India,,10263096
Kāpas Herd,India,,10263097
Malakpur Kohi Rangpur,India,,10263098
Kirāri Sulemānnagar,India,,10263153
Sāhibābād Daulotpur,India,,10263162
Mukandpur,India,,10263165
Bhālswa Jahangirpur,India,,10263167
Murādābād Pahāri,India,,10263225
Deoli,India,,10263232
Tighri,India,,10263233
Saiyad-ul-ajaib,India,,10263234
Sādatpur Gujran,India,,10263300
Jharoda Mazra Burāri,India,,10263301
Karāwalnagar,India,,10265057
Mustafābād,India,,10265061
Jīwanpur,India,,10265066
Gokalpur,India,,10265070
Mandoli,India,,10265071
Bābarpur,India,,10265086
Jāfarābād,India,,10265094
Chilla Soroda Bāngar,India,,10265161
Dalūpura,India,,10265162
Ali,India,,10265188
Molārband,India,,10265190
Jaitpur,India,,10265191
Kondli,India,,10265219
Gharroli,India,,10265220
Tilpat,India,,10265937
Mīthepur,India,,10265943
Sarwar,India,,10347952
Benipur,India,,10400284
Rosera,India,,10400291
Sonepur,India,,10400293
Mahnar Bazar,India,,10400295
Kardhān,India,,10436800
Bablāi,India,,10436834
Ahīwāra,India,,10447536
Birgaon,India,,10448053
Ugrākheri,India,,10549556
Tikri Kalān,India,,10555146
Nangli Sakrawat,India,,10555165
Kumbalam,India,,10627510
Aroor,India,,10628607
Kadakkavoor,India,,10628608
Kalavoor,India,,10629189
Kalamassery,India,,10630431
Bodrī,India,,10704815
Sirgittī,India,,10704820
Lingiādīh,India,,10704831
Tifrā,India,,10704836
Deori,India,,10705043
Nailā,India,,10707024
Ibrāhīmpatnam,India,,10778122
Rāmavarappādu,India,,10778177
Kānūru,India,,10778953
Poranki,India,,10778956
Tādigadapa,India,,10778957
Bacheli,India,,10781410
Cherthala,India,,10792588
Makhdumpur,India,,10834074
Madhurampur Dehri,India,,10834495
Nokha,India,,10836504
Bela,India,,10837461
Kakkalapalle,India,,10849508
Somandepalle,India,,10849677
Bhadauni,India,,10885305
Bihāt,India,,10894229
Azhiyūr,India,,10924927
Nohsa,India,,11011454
Abrama,India,,11102685
Phusro,India,,11127930
Alangad,India,,11184118
Anklav,India,,11184132
Barauni,India,,11184261
Boriavi,India,,11184276
Kanjari,India,,11184277
Tangla,India,,11184398
Talod,India,,11184400
Savarkundla,India,,11184442
Patdi,India,,11184587
Jamjodhpur,India,,11185501
Malkapur,India,,11185528
Madhapar,India,,11185792
Manendragarh,India,,11185818
Chalthan,India,,11186294
Nagarukhra City,India,,11203603
Māmidālapādu,India,,11253678
Gopavaram,India,,11271185
Podaturpet,India,,11421465
Vinnamāla,India,,11424018
Rohini,India,,12069922
Mulugu,India,,12165955
Kallakurichi,India,,12165956
Alang,India,,12196119
Amaravati,India,,12261477
Chirmiri,India,,12495083
Paramathi Velur,India,,12501142
Kanayannur,India,,12501153
Shahuwadi,India,,12501195
Lalganj,India,,12501265
Santrampur,India,,12501480
Chanpatia,India,,12503489
Talala,India,,12518919
Pakridayal,India,,12519043
Motipur,India,,12519055
Lanka,India,,12523448
Seppa,India,,12524323
Kim,India,,13100428
Sayan,India,,13100431
Morampudi,India,,13156763
Hukumpeta,India,,13156764
Nadim Tiruvuru,India,,13156765
Sriramnagar,India,,13156766
Mangalam,India,,13156767
Rameswaram,India,,13156768
L.A.Sagaram,India,,13156769
Srisailam Project RFC Township,India,,13156770
Tiruchanur,India,,13156771
Suryaraopeta,India,,13156772
Avilala,India,,13156773
Kanigiri U,India,,13156774
Tirupati NMA,India,,13156775
Dowleswaram,India,,13156776
Jaggaiahpet,India,,13156777
Niz-Hajo,India,,13156905
Jagiroad,India,,13156906
Titabor Town,India,,13156907
Duliajan Oil Town,India,,13156908
Kataiya,India,,13156928
Dinapur Cantonment,India,,13156929
Banmankhi Bazar,India,,13156930
Phulwari Sharif,India,,13156931
Dinapur Nizamat,India,,13156932
Khongapani,India,,13156958
Shivpur Charcha,India,,13156959
Tilda Newra,India,,13156960
Bhilai Charoda,India,,13156961
Sultan Pur,India,,13156992
Neb Sarai,India,,13156993
Kusum Pur,India,,13156994
Bhati,India,,13156998
Mir Pur Turk,India,,13156999
Raja Pur Khurd,India,,13157000
Dayal Pur,India,,13157001
Shafi Pur Ranhola,India,,13157004
Aya Nagar,India,,13157005
Gharonda Neemka Bangar,India,,13157006
Kamal Pur Majra Burari,India,,13157007
Nithari,India,,13157008
Taj Pul,India,,13157009
Ziauddin Pur,India,,13157010
Pul Pehlad,India,,13157011
Khajoori Khas,India,,13157012
Sultan Pur Majra,India,,13157013
Chimbel,India,,13157025
Penha de França,India,,13157026
Sarigam INA,India,,13157031
Sanjan,India,,13157118
Baben,India,,13157119
Kabilpor,India,,13157120
Trajpar,India,,13157121
Sarangpore,India,,13157122
Andada,India,,13157123
Khapat,India,,13157124
Undera,India,,13157125
Ambaji,India,,13157126
Barwala,India,,13157127
Chanod,India,,13157128
Solsumba,India,,13157129
Chhiri,India,,13157130
Raval,India,,13157131
Bholav,India,,13157132
Anklesvar INA,India,,13157133
Gadkhol,India,,13157134
Jhadeshwar,India,,13157135
Kansad,India,,13157136
Tarsadi,India,,13157137
Vapi INA,India,,13157138
Bopal,India,,13157139
Chhaya,India,,13157140
Vijalpor,India,,13157141
Palwal Rural,India,,13157156
Panipat Taraf Rajputan,India,,13157157
Panipat Taraf Ansar,India,,13157158
Panipat Taraf Makhdum Zadgan,India,,13157159
Ambala Sadar,India,,13157160
Zaxo,Iraq,,89570
Umm Qaşr,Iraq,,89824
Ţūz Khūrmātū,Iraq,,90026
Tikrīt,Iraq,,90150
Tallkayf,Iraq,,90353
Sīnah,Iraq,,90708
Sāmarrā’,Iraq,,91597
Nāḩīyat Saddat al Hindīyah,Iraq,,91812
Ṟuwandiz,Iraq,,92002
Al-Hamdaniya,Iraq,,92430
Mandalī,Iraq,,93709
Koysinceq,Iraq,,94220
Kifrī,Iraq,,94298
Kirkuk,Iraq,,94787
Karbala,Iraq,,94824
Erbil,Iraq,,95446
Hīt,Iraq,,95788
Ḩalabja,Iraq,,96205
Ḩadīthah,Iraq,,96309
Soran,Iraq,,96961
Dihok,Iraq,,96994
Jamjamāl,Iraq,,97417
Bayjī,Iraq,,97783
Batifa,Iraq,,97825
Baqubah,Iraq,,97990
Baynjiwayn,Iraq,,98012
Balad,Iraq,,98112
Baghdad,Iraq,,98182
Az Zubayr,Iraq,,98245
Aş Şuwayrah,Iraq,,98459
As Sulaymānīyah,Iraq,,98463
As Samawah,Iraq,,98530
Nāḩiyat ash Shināfīyah,Iraq,,98589
Ash Shaţrah,Iraq,,98622
Ash Shāmīyah,Iraq,,98629
Ar Ruţbah,Iraq,,98677
Ar Rumaythah,Iraq,,98685
Ramadi,Iraq,,98717
‘Aqrah,Iraq,,98822
An Nu‘mānīyah,Iraq,,98846
Nasiriyah,Iraq,,98854
Najaf,Iraq,,98860
‘Anat al Qadīmah,Iraq,,98885
al-Qasim,Iraq,,99010
Al Musayyib,Iraq,,99039
Al Mishkhāb,Iraq,,99060
Al Miqdādīyah,Iraq,,99062
Al Mawşil al Jadīdah,Iraq,,99071
Mosul,Iraq,,99072
Al Kūt,Iraq,,99131
Kufa,Iraq,,99135
Khāliş,Iraq,,99169
‘Alī al Gharbī,Iraq,,99306
Al Hindīyah,Iraq,,99344
Al Ḩillah,Iraq,,99347
Al Ḩayy,Iraq,,99350
Al Hārithah,Iraq,,99369
Nahiyat Ghammas,Iraq,,99434
Nāḩiyat al Fuhūd,Iraq,,99439
Al Fāw,Iraq,,99446
Al Fallūjah,Iraq,,99454
Basrah,Iraq,,99532
Al ‘Azīzīyah,Iraq,,99548
Al ‘Amārah,Iraq,,99608
‘Afak,Iraq,,99738
Ad Dujayl,Iraq,,99759
Ad Dīwānīyah,Iraq,,99762
Abū Ghurayb,Iraq,,100077
Al Başrah al Qadīmah,Iraq,,388349
Hajiawa,Iraq,,447022
Sinjār,Iraq,,448149
‘Anah,Iraq,,6765385
Alvand,"Iran, Islamic Republic of",,10570
Āzādshahr,"Iran, Islamic Republic of",,14256
Kahrīz,"Iran, Islamic Republic of",,23814
Nūrābād,"Iran, Islamic Republic of",,24851
Īstgāh-e Rāh Āhan-e Garmsār,"Iran, Islamic Republic of",,32723
Qarchak,"Iran, Islamic Republic of",,32767
Golestān,"Iran, Islamic Republic of",,32900
Shahre Jadide Andisheh,"Iran, Islamic Republic of",,32909
Khorramdarreh,"Iran, Islamic Republic of",,41210
Pādegān-e Manjīl,"Iran, Islamic Republic of",,41428
Yasuj,"Iran, Islamic Republic of",,66093
Āzādshahr,"Iran, Islamic Republic of",,110831
Zarand,"Iran, Islamic Republic of",,111421
Zanjan,"Iran, Islamic Republic of",,111453
Yazd,"Iran, Islamic Republic of",,111822
Varāmīn,"Iran, Islamic Republic of",,112214
Torbat-e Ḩeydarīyeh,"Iran, Islamic Republic of",,112646
Tonekābon,"Iran, Islamic Republic of",,112656
Tehran,"Iran, Islamic Republic of",,112931
Hashtpar,"Iran, Islamic Republic of",,113343
Tākestān,"Iran, Islamic Republic of",,113491
Takāb,"Iran, Islamic Republic of",,113508
Taft,"Iran, Islamic Republic of",,113632
Tabriz,"Iran, Islamic Republic of",,113646
Tabas,"Iran, Islamic Republic of",,113659
Surian,"Iran, Islamic Republic of",,113723
Sonqor,"Iran, Islamic Republic of",,114049
Sirjan,"Iran, Islamic Republic of",,114259
Shūshtar,"Iran, Islamic Republic of",,114584
Shūsh,"Iran, Islamic Republic of",,114593
Shīrvān,"Iran, Islamic Republic of",,114930
Shiraz,"Iran, Islamic Republic of",,115019
Shahr-e Kord,"Iran, Islamic Republic of",,115770
Shahr-e Bābak,"Iran, Islamic Republic of",,115781
Shādegān,"Iran, Islamic Republic of",,116102
Semnan,"Iran, Islamic Republic of",,116402
Semīrom,"Iran, Islamic Republic of",,116406
Sāveh,"Iran, Islamic Republic of",,116667
Sari,"Iran, Islamic Republic of",,116996
Saqqez,"Iran, Islamic Republic of",,117392
Sanandaj,"Iran, Islamic Republic of",,117574
Salmās,"Iran, Islamic Republic of",,117656
Shāhīn Dezh,"Iran, Islamic Republic of",,117793
Sabzevar,"Iran, Islamic Republic of",,118063
Rūdsar,"Iran, Islamic Republic of",,118191
Robāţ Karīm,"Iran, Islamic Republic of",,118367
Rāvar,"Iran, Islamic Republic of",,118704
Rasht,"Iran, Islamic Republic of",,118743
Rāmshīr,"Iran, Islamic Republic of",,118805
Rāmhormoz,"Iran, Islamic Republic of",,118826
Rafsanjān,"Iran, Islamic Republic of",,118994
Qūchān,"Iran, Islamic Republic of",,119115
Qorveh,"Iran, Islamic Republic of",,119161
Qom,"Iran, Islamic Republic of",,119208
Qeshm,"Iran, Islamic Republic of",,119374
Qazvin,"Iran, Islamic Republic of",,119505
Qarah Ẕīā’ od Dīn,"Iran, Islamic Republic of",,119730
Farrokh Shahr,"Iran, Islamic Republic of",,120678
Qā’en,"Iran, Islamic Republic of",,120694
Sarpol-e Z̄ahāb,"Iran, Islamic Republic of",,120931
Pīshvā,"Iran, Islamic Republic of",,120972
Piranshahr,"Iran, Islamic Republic of",,121110
Pāveh,"Iran, Islamic Republic of",,121240
Pārsābād,"Iran, Islamic Republic of",,121380
Oshnavīyeh,"Iran, Islamic Republic of",,121795
Orūmīyeh,"Iran, Islamic Republic of",,121801
Omīdīyeh,"Iran, Islamic Republic of",,121861
Nūrābād,"Iran, Islamic Republic of",,121925
Nowshahr,"Iran, Islamic Republic of",,121959
Neyshābūr,"Iran, Islamic Republic of",,122285
Neyrīz,"Iran, Islamic Republic of",,122289
Nekā,"Iran, Islamic Republic of",,122397
Naz̧arābād,"Iran, Islamic Republic of",,122438
Naqadeh,"Iran, Islamic Republic of",,122698
Nahāvand,"Iran, Islamic Republic of",,122915
Mohr,"Iran, Islamic Republic of",,123485
Mīnāb,"Iran, Islamic Republic of",,123941
Mīāndoāb,"Iran, Islamic Republic of",,124085
Meybod,"Iran, Islamic Republic of",,124193
Mahrīz,"Iran, Islamic Republic of",,124274
Masjed Soleymān,"Iran, Islamic Republic of",,124620
Bardsīr,"Iran, Islamic Republic of",,124647
Mashhad,"Iran, Islamic Republic of",,124665
Marvdasht,"Iran, Islamic Republic of",,124721
Marīvān,"Iran, Islamic Republic of",,124778
Marand,"Iran, Islamic Republic of",,124862
Manjīl,"Iran, Islamic Republic of",,124967
Malāyer,"Iran, Islamic Republic of",,125185
Malārd,"Iran, Islamic Republic of",,125188
Mahābād,"Iran, Islamic Republic of",,125446
Langarūd,"Iran, Islamic Republic of",,125897
Kūhdasht,"Iran, Islamic Republic of",,126409
Kīsh,"Iran, Islamic Republic of",,126914
Khowy,"Iran, Islamic Republic of",,126972
Khvānsār,"Iran, Islamic Republic of",,127033
Khorramshahr,"Iran, Islamic Republic of",,127319
Khorramabad,"Iran, Islamic Republic of",,127349
Khomeyn,"Iran, Islamic Republic of",,127403
Khalkhāl,"Iran, Islamic Republic of",,128008
Kermanshah,"Iran, Islamic Republic of",,128226
Kerman,"Iran, Islamic Republic of",,128234
Kāzerūn,"Iran, Islamic Republic of",,128321
Kāshmar,"Iran, Islamic Republic of",,128447
Karaj,"Iran, Islamic Republic of",,128747
Kangāvar,"Iran, Islamic Republic of",,128831
Kāmyārān,"Iran, Islamic Republic of",,128905
Kalāleh,"Iran, Islamic Republic of",,129512
Jūybār,"Iran, Islamic Republic of",,129933
Javānrūd,"Iran, Islamic Republic of",,130245
Īz̄eh,"Iran, Islamic Republic of",,130697
Īlām,"Iran, Islamic Republic of",,130802
Harsīn,"Iran, Islamic Republic of",,131962
Hamadān,"Iran, Islamic Republic of",,132144
Ḩājjīābād,"Iran, Islamic Republic of",,132382
Gorgān,"Iran, Islamic Republic of",,132892
Gonbad-e Kāvūs,"Iran, Islamic Republic of",,132938
Gonābād,"Iran, Islamic Republic of",,132961
Golpāyegān,"Iran, Islamic Republic of",,133037
Gerāsh,"Iran, Islamic Republic of",,133595
Bandar-e Genāveh,"Iran, Islamic Republic of",,134217
Fūman,"Iran, Islamic Republic of",,134441
Fīrūzābād,"Iran, Islamic Republic of",,134518
Fereydūn Kenār,"Iran, Islamic Republic of",,134602
Fasā,"Iran, Islamic Republic of",,134721
Fārsān,"Iran, Islamic Republic of",,134762
Esfarāyen,"Iran, Islamic Republic of",,135298
Shahrud,"Iran, Islamic Republic of",,135423
Dogonbadan,"Iran, Islamic Republic of",,136014
Delījān,"Iran, Islamic Republic of",,136399
Dehlorān,"Iran, Islamic Republic of",,136702
Dehdasht,"Iran, Islamic Republic of",,136987
Sūsangerd,"Iran, Islamic Republic of",,137268
Darreh Shahr,"Iran, Islamic Republic of",,137436
Dārāb,"Iran, Islamic Republic of",,137956
Dāmghān,"Iran, Islamic Republic of",,138025
Damāvand,"Iran, Islamic Republic of",,138042
Chenārān,"Iran, Islamic Republic of",,138742
Chālūs,"Iran, Islamic Republic of",,139223
Bushehr,"Iran, Islamic Republic of",,139817
Būkān,"Iran, Islamic Republic of",,139889
Borūjerd,"Iran, Islamic Republic of",,140044
Borūjen,"Iran, Islamic Republic of",,140046
Borāzjān,"Iran, Islamic Republic of",,140097
Bojnūrd,"Iran, Islamic Republic of",,140380
Bīrjand,"Iran, Islamic Republic of",,140463
Bījār,"Iran, Islamic Republic of",,140521
Bonāb,"Iran, Islamic Republic of",,140889
Behshahr,"Iran, Islamic Republic of",,140918
Behbahān,"Iran, Islamic Republic of",,140951
Bardaskan,"Iran, Islamic Republic of",,141349
Bāneh,"Iran, Islamic Republic of",,141584
Bandar-e Torkaman,"Iran, Islamic Republic of",,141653
Bandar-e Lengeh,"Iran, Islamic Republic of",,141665
Bandar-e Anzalī,"Iran, Islamic Republic of",,141679
Bandar Abbas,"Iran, Islamic Republic of",,141681
Bam,"Iran, Islamic Republic of",,141736
Bahār,"Iran, Islamic Republic of",,142000
Bāfq,"Iran, Islamic Republic of",,142255
Bābolsar,"Iran, Islamic Republic of",,142358
Bābol,"Iran, Islamic Republic of",,142363
Aznā,"Iran, Islamic Republic of",,142496
Hashtrūd,"Iran, Islamic Republic of",,142554
Āstārā,"Iran, Islamic Republic of",,142676
Āstāneh-ye Ashrafīyeh,"Iran, Islamic Republic of",,142679
Asadābād,"Iran, Islamic Republic of",,142872
Ardestān,"Iran, Islamic Republic of",,143052
Ardakān,"Iran, Islamic Republic of",,143073
Ardabīl,"Iran, Islamic Republic of",,143083
Arāk,"Iran, Islamic Republic of",,143127
Āmol,"Iran, Islamic Republic of",,143534
Alvand,"Iran, Islamic Republic of",,143748
Shahrīār,"Iran, Islamic Republic of",,143860
Alīgūdarz,"Iran, Islamic Republic of",,143921
Aleshtar,"Iran, Islamic Republic of",,144269
Akbarābād,"Iran, Islamic Republic of",,144410
Ajab Shīr,"Iran, Islamic Republic of",,144443
Ahvaz,"Iran, Islamic Republic of",,144448
Ahar,"Iran, Islamic Republic of",,144616
Aghajari,"Iran, Islamic Republic of",,144696
Ābyek,"Iran, Islamic Republic of",,144794
Abhar,"Iran, Islamic Republic of",,145034
Ābdānān,"Iran, Islamic Republic of",,145233
Abadeh,"Iran, Islamic Republic of",,145449
Abadan,"Iran, Islamic Republic of",,145459
Showţ,"Iran, Islamic Republic of",,401118
Pāsārgād,"Iran, Islamic Republic of",,401202
Eqbālīyeh,"Iran, Islamic Republic of",,406993
Rehnān,"Iran, Islamic Republic of",,418521
Qahderījān,"Iran, Islamic Republic of",,418571
Najafābād,"Iran, Islamic Republic of",,418606
Khomeynī Shahr,"Iran, Islamic Republic of",,418710
Kelīshād va Sūdarjān,"Iran, Islamic Republic of",,418723
Falāvarjān,"Iran, Islamic Republic of",,418851
Isfahan,"Iran, Islamic Republic of",,418863
Dowlatābād,"Iran, Islamic Republic of",,418868
Dorcheh Pīāz,"Iran, Islamic Republic of",,418896
Abrīsham,"Iran, Islamic Republic of",,418950
Eslamshahr,"Iran, Islamic Republic of",,449504
Zābol,"Iran, Islamic Republic of",,1113217
Zahedan,"Iran, Islamic Republic of",,1159301
Torbat-e Jām,"Iran, Islamic Republic of",,1159362
Tāybād,"Iran, Islamic Republic of",,1159384
Sarakhs,"Iran, Islamic Republic of",,1159716
Qaşr-e Qand,"Iran, Islamic Republic of",,1159877
Nīkshahr,"Iran, Islamic Republic of",,1160110
Khāsh,"Iran, Islamic Republic of",,1160571
Iranshahr,"Iran, Islamic Republic of",,1160939
Chabahar,"Iran, Islamic Republic of",,1161724
Mahdishahr,"Iran, Islamic Republic of",,7100777
Boshrūyeh,"Iran, Islamic Republic of",,9480732
Pasragad Branch,"Iran, Islamic Republic of",,10630176
Akureyri,Iceland,,2633274
Reykjavík,Iceland,,3413829
Kópavogur,Iceland,,3415212
Keflavík,Iceland,,3415496
Hafnarfjörður,Iceland,,3416706
Reykjanesbær,Iceland,,8644037
Vittoria,Italy,,2522713
Villabate,Italy,,2522767
Vibo Valentia,Italy,,2522776
Trapani,Italy,,2522876
Termini Imerese,Italy,,2522960
Siracusa,Italy,,2523083
Sinnai,Italy,,2523087
Siderno,Italy,,2523113
Sestu,Italy,,2523136
Selargius,Italy,,2523166
Scordia,Italy,,2523180
Scicli,Italy,,2523192
Sciacca,Italy,,2523194
San Giovanni la Punta,Italy,,2523460
San Giovanni in Fiore,Italy,,2523461
San Cataldo,Italy,,2523513
Sambiase,Italy,,2523535
Rossano Stazione,Italy,,2523577
Rosolini,Italy,,2523581
Ribera,Italy,,2523619
Reggio Calabria,Italy,,2523630
Ragusa,Italy,,2523650
Quattromiglia,Italy,,2523664
Quartu Sant'Elena,Italy,,2523665
Pozzallo,Italy,,2523693
Porto Empedocle,Italy,,2523705
Piazza Armerina,Italy,,2523796
Paternò,Italy,,2523866
Partinico,Italy,,2523871
Palmi,Italy,,2523902
Palma di Montechiaro,Italy,,2523908
Palermo,Italy,,2523920
Palagonia,Italy,,2523927
Pachino,Italy,,2523938
Oristano,Italy,,2523964
Noto,Italy,,2523998
Niscemi,Italy,,2524006
Nicastro,Italy,,2524013
Monserrato,Italy,,2524084
Monreale,Italy,,2524085
Modica,Italy,,2524119
Misterbianco,Italy,,2524123
Misilmeri,Italy,,2524126
Milazzo,Italy,,2524155
Messina,Italy,,2524170
Mazara del Vallo,Italy,,2524205
Mascalucia,Italy,,2524236
Marsala,Italy,,2524245
Licata,Italy,,2524393
Lentini,Italy,,2524410
Iglesias,Italy,,2524533
Gioia Tauro,Italy,,2524606
Giarre,Italy,,2524618
Gela,Italy,,2524653
Floridia,Italy,,2524734
Favara,Italy,,2524786
Enna,Italy,,2524819
Crotone,Italy,,2524881
Cosenza,Italy,,2524907
Comiso,Italy,,2524955
Catanzaro,Italy,,2525059
Catania,Italy,,2525068
Castrovillari,Italy,,2525070
Castelvetrano,Italy,,2525083
Casarano,Italy,,2525207
Carini,Italy,,2525350
Carbonia,Italy,,2525362
Canicattì,Italy,,2525405
Caltanissetta,Italy,,2525448
Caltagirone,Italy,,2525450
Cagliari,Italy,,2525473
Bronte,Italy,,2525498
Biancavilla,Italy,,2525560
Belpasso,Italy,,2525571
Barcellona Pozzo di Gotto,Italy,,2525597
Bagheria,Italy,,2525628
Avola,Italy,,2525643
Augusta,Italy,,2525646
Assemini,Italy,,2525655
Alcamo,Italy,,2525755
Agrigento,Italy,,2525764
Adrano,Italy,,2525769
Acireale,Italy,,2525790
Aci Catena,Italy,,2525791
Aci Castello,Italy,,2525792
Zola Predosa,Italy,,3163853
Vomero,Italy,,3163948
Voghera,Italy,,3163995
Vittorio Veneto,Italy,,3164028
Viterbo,Italy,,3164039
Vimodrone,Italy,,3164080
Vimercate,Italy,,3164083
Lancenigo-Villorba,Italy,,3164090
Villaricca,Italy,,3164153
Villafranca di Verona,Italy,,3164241
Vignola,Italy,,3164342
Vigevano,Italy,,3164376
Vicenza,Italy,,3164419
Viareggio,Italy,,3164433
Viadana,Italy,,3164440
Verona,Italy,,3164527
Vercelli,Italy,,3164565
Ventimiglia,Italy,,3164582
Venice,Italy,,3164603
Venaria Reale,Italy,,3164617
Velletri,Italy,,3164630
Vasto,Italy,,3164672
Varese,Italy,,3164699
Valenzano,Italy,,3164919
Valenza,Italy,,3164920
Valdagno,Italy,,3164954
Udine,Italy,,3165072
Triggiano,Italy,,3165178
Trieste,Italy,,3165185
Trezzano sul Naviglio,Italy,,3165198
Treviso,Italy,,3165201
Treviglio,Italy,,3165207
Trentola-Ducenta,Italy,,3165240
Trento,Italy,,3165243
Trecate,Italy,,3165275
Trani,Italy,,3165322
Tradate,Italy,,3165340
Tortona,Italy,,3165370
Torremaggiore,Italy,,3165435
Torre del Greco,Italy,,3165456
Torre Annunziata,Italy,,3165475
Turin,Italy,,3165524
Tolentino,Italy,,3165595
Tivoli,Italy,,3165624
Thiene,Italy,,3165698
Terzigno,Italy,,3165737
Terracina,Italy,,3165762
Terni,Italy,,3165771
Termoli,Italy,,3165773
Terlizzi,Italy,,3165788
Teramo,Italy,,3165803
Taranto,Italy,,3165926
Suzzara,Italy,,3166006
Sulmona,Italy,,3166034
Spoleto,Italy,,3166236
Sora,Italy,,3166387
Sondrio,Italy,,3166397
Somma Vesuviana,Italy,,3166404
Soccavo,Italy,,3166465
Siena,Italy,,3166548
Sezze,Italy,,3166571
Seveso,Italy,,3166574
Settimo Torinese,Italy,,3166576
Sestri Levante,Italy,,3166595
Sesto San Giovanni,Italy,,3166598
Sesto Fiorentino,Italy,,3166601
Seriate,Italy,,3166706
Seregno,Italy,,3166711
Senigallia,Italy,,3166740
Senago,Italy,,3166753
Segrate,Italy,,3166808
Secondigliano,Italy,,3166830
Schio,Italy,,3166917
Scandicci,Italy,,3166988
Scandiano,Italy,,3166989
Scafati,Italy,,3167010
Savona,Italy,,3167022
Savigliano,Italy,,3167034
Sava,Italy,,3167044
Sassuolo,Italy,,3167053
Sassari,Italy,,3167096
Sarzana,Italy,,3167104
Saronno,Italy,,3167113
Sarno,Italy,,3167116
San Vito dei Normanni,Italy,,3167184
Santeramo in Colle,Italy,,3167327
Sant'Antonio Abate,Italy,,3167393
Sant'Antimo,Italy,,3167419
Sant'Anastasia,Italy,,3167509
Santa Maria Capua Vetere,Italy,,3167561
San Severo,Italy,,3167731
San Sebastiano,Italy,,3167744
San Salvo,Italy,,3167751
San Remo,Italy,,3167777
Sannicandro Garganico,Italy,,3167940
San Miniato,Italy,,3167953
San Miniato Basso,Italy,,3167954
San Mauro Torinese,Italy,,3167978
San Lazzaro,Italy,,3168175
San Giuseppe Vesuviano,Italy,,3168209
San Giuliano Milanese,Italy,,3168222
San Giovanni Valdarno,Italy,,3168231
San Giovanni Rotondo,Italy,,3168234
San Giovanni Lupatoto,Italy,,3168236
San Giovanni in Persiceto,Italy,,3168239
San Giovanni a Teduccio,Italy,,3168257
San Giorgio a Cremano,Italy,,3168309
San Donato Milanese,Italy,,3168414
San Donà di Piave,Italy,,3168429
San Bonifacio,Italy,,3168514
San Benedetto del Tronto,Italy,,3168550
Saluzzo,Italy,,3168609
Salsomaggiore Terme,Italy,,3168627
Salerno,Italy,,3168673
Sacile,Italy,,3168730
Ruvo di Puglia,Italy,,3168770
Rutigliano,Italy,,3168775
Rozzano,Italy,,3168837
Rovigo,Italy,,3168843
Rovereto,Italy,,3168854
Rosignano Solvay-Castiglioncello,Italy,,3168930
Roseto degli Abruzzi,Italy,,3168936
Romano di Lombardia,Italy,,3169056
Rome,Italy,,3169070
Rocca di Papa,Italy,,3169181
Rivoli,Italy,,3169231
Riva del Garda,Italy,,3169272
Rimini,Italy,,3169361
Rieti,Italy,,3169412
Riccione,Italy,,3169424
Rho,Italy,,3169447
Reggio nell'Emilia,Italy,,3169522
Ravenna,Italy,,3169561
Rapallo,Italy,,3169602
Qualiano,Italy,,3169724
Putignano,Italy,,3169742
Prato,Italy,,3169921
Pozzuoli,Italy,,3169984
Potenza,Italy,,3170027
Posillipo,Italy,,3170055
Porto Torres,Italy,,3170069
Porto Sant'Elpidio,Italy,,3170072
Porto San Giorgio,Italy,,3170073
Portogruaro,Italy,,3170086
Civitanova Marche,Italy,,3170102
Portici,Italy,,3170116
Pordenone,Italy,,3170147
Ponticelli,Italy,,3170206
Pontedera,Italy,,3170272
Pompei,Italy,,3170335
Pomigliano d'Arco,Italy,,3170341
Pomezia,Italy,,3170342
Poggioreale,Italy,,3170446
Poggiomarino,Italy,,3170457
Poggibonsi,Italy,,3170504
Pistoia,Italy,,3170621
Piscinola,Italy,,3170631
Pisa,Italy,,3170647
Piossasco,Italy,,3170659
Piombino,Italy,,3170674
Pioltello,Italy,,3170676
Pinerolo,Italy,,3170694
Pietrasanta,Italy,,3170778
Pianura,Italy,,3170921
Piacenza,Italy,,3171058
Pescara,Italy,,3171168
Pesaro,Italy,,3171173
Perugia,Italy,,3171180
Pavia,Italy,,3171366
Parma,Italy,,3171457
Parabiago,Italy,,3171484
Palo del Colle,Italy,,3171562
Palazzolo sull'Oglio,Italy,,3171586
Palagiano,Italy,,3171664
Pagani,Italy,,3171703
Padova,Italy,,3171728
Paderno Dugnano,Italy,,3171737
Ottaviano,Italy,,3171778
Ostuni,Italy,,3171786
Osimo,Italy,,3171848
Orta Nova,Italy,,3171900
Orbassano,Italy,,3171986
Olbia,Italy,,3172087
Oderzo,Italy,,3172116
Nuoro,Italy,,3172154
Novi Ligure,Italy,,3172170
Novate Milanese,Italy,,3172184
Novara,Italy,,3172189
Nova Milanese,Italy,,3172191
Nola,Italy,,3172227
Noicattaro,Italy,,3172228
Noci,Italy,,3172240
Nocera Superiore,Italy,,3172243
Nocera Inferiore,Italy,,3172244
Nichelino,Italy,,3172269
Nettuno,Italy,,3172287
Nerviano,Italy,,3172297
Nardò,Italy,,3172379
Naples,Italy,,3172394
Mugnano di Napoli,Italy,,3172472
Muggiò,Italy,,3172479
Monza,Italy,,3172629
Montichiari,Italy,,3172681
Montevarchi,Italy,,3172718
Montesilvano Marina,Italy,,3172729
Monterotondo,Italy,,3172768
Montemurlo,Italy,,3172828
Montecchio Maggiore-Alte Ceccato,Italy,,3172979
Montecatini-Terme,Italy,,3172996
Montebelluna,Italy,,3173029
Monselice,Italy,,3173124
Monopoli,Italy,,3173131
Monfalcone,Italy,,3173153
Mondragone,Italy,,3173160
Mondovì,Italy,,3173162
Moncalieri,Italy,,3173180
Molfetta,Italy,,3173287
Mola di Bari,Italy,,3173302
Mogliano Veneto,Italy,,3173314
Modugno,Italy,,3173326
Modena,Italy,,3173331
Mirano,Italy,,3173369
Mirandola,Italy,,3173370
Mira Taglio,Italy,,3173385
Minturno,Italy,,3173391
Milan,Italy,,3173435
Miano,Italy,,3173473
Mestre,Italy,,3173529
Mesagne,Italy,,3173537
Merano,Italy,,3173577
Mentana,Italy,,3173582
Melzo,Italy,,3173599
Melito di Napoli,Italy,,3173614
Melegnano,Italy,,3173631
Meda,Italy,,3173671
Matera,Italy,,3173721
Massarosa,Italy,,3173754
Massafra,Italy,,3173762
Massa,Italy,,3173775
Martina Franca,Italy,,3173841
Marino,Italy,,3173914
Marina di Massa,Italy,,3173931
Marina di Carrara,Italy,,3173935
Marigliano,Italy,,3173945
Mariano Comense,Italy,,3173949
Marghera,Italy,,3173962
Marcianise,Italy,,3173995
Marano di Napoli,Italy,,3174021
Mantova,Italy,,3174051
Manfredonia,Italy,,3174092
Manduria,Italy,,3174096
Malnate,Italy,,3174141
Magenta,Italy,,3174295
Maddaloni,Italy,,3174358
Macerata,Italy,,3174380
Lugo,Italy,,3174494
Lucera,Italy,,3174526
Lucca,Italy,,3174530
Lodi,Italy,,3174638
Livorno,Italy,,3174659
Lissone,Italy,,3174679
Limbiate,Italy,,3174719
Lido di Ostia,Italy,,3174741
Lido,Italy,,3174748
Legnano,Italy,,3174921
Legnago,Italy,,3174922
Lecco,Italy,,3174945
Lecce,Italy,,3174953
Latina,Italy,,3175058
La Spezia,Italy,,3175081
L'Aquila,Italy,,3175121
Lanciano,Italy,,3175173
Lainate,Italy,,3175238
Ladispoli,Italy,,3175298
Ivrea,Italy,,3175384
Isernia,Italy,,3175445
Ischia Porto,Italy,,3175453
Ischia,Italy,,3175458
Pallanza-Intra-Suna,Italy,,3175500
Imperia,Italy,,3175532
Imola,Italy,,3175537
Jesi,Italy,,3175628
Guidonia,Italy,,3175678
Grumo Nevano,Italy,,3175743
Grugliasco,Italy,,3175755
Grottaglie,Italy,,3175773
Grottaferrata,Italy,,3175775
Grosseto,Italy,,3175786
Gravina in Puglia,Italy,,3175860
Gragnano,Italy,,3175952
Gorizia,Italy,,3175986
Gorgonzola,Italy,,3175990
Giussano,Italy,,3176041
Giulianova,Italy,,3176053
Giugliano in Campania,Italy,,3176059
Giovinazzo,Italy,,3176072
Gioia del Colle,Italy,,3176090
Ginosa,Italy,,3176097
Ghedi,Italy,,3176177
Genzano di Roma,Italy,,3176203
Genoa,Italy,,3176219
Garbagnate Milanese,Italy,,3176322
Gallipoli,Italy,,3176366
Galliate,Italy,,3176379
Gallarate,Italy,,3176391
Galatina,Italy,,3176407
Gaeta,Italy,,3176438
Fuorigrotta,Italy,,3176477
Frosinone,Italy,,3176515
Frattaminore,Italy,,3176560
Frattamaggiore,Italy,,3176561
Frascati,Italy,,3176589
Francavilla Fontana,Italy,,3176603
Francavilla al Mare,Italy,,3176605
Fossano,Italy,,3176639
Fornacelle,Italy,,3176722
Formigine,Italy,,3176733
Formia,Italy,,3176738
Forlì,Italy,,3176746
Forio,Italy,,3176748
Fondi,Italy,,3176843
Follonica,Italy,,3176849
Foligno,Italy,,3176854
Foggia,Italy,,3176885
Fiumicino,Italy,,3176923
Florence,Italy,,3176959
Fiorano,Italy,,3176970
Fidenza,Italy,,3177029
Ferrara,Italy,,3177090
Fermo,Italy,,3177099
Fasano,Italy,,3177171
Fano,Italy,,3177219
Falconara Marittima,Italy,,3177250
Faenza,Italy,,3177300
Fabriano,Italy,,3177315
Este,Italy,,3177337
Ercolano,Italy,,3177363
Erba,Italy,,3177372
Empoli,Italy,,3177400
Eboli,Italy,,3177438
Domodossola,Italy,,3177532
Desio,Italy,,3177608
Desenzano del Garda,Italy,,3177610
Dalmine,Italy,,3177650
Cusano,Italy,,3177664
Cuneo,Italy,,3177700
Cremona,Italy,,3177838
Crema,Italy,,3177841
Corsico,Italy,,3178004
Correggio,Italy,,3178019
Cornaredo,Italy,,3178074
Cormano,Italy,,3178087
Cordenons,Italy,,3178112
Corato,Italy,,3178131
Copertino,Italy,,3178141
Conversano,Italy,,3178147
Conegliano,Italy,,3178197
Como,Italy,,3178229
Cologno Monzese,Italy,,3178283
Collegno,Italy,,3178388
Colleferro,Italy,,3178398
Colle di Val d'Elsa,Italy,,3178402
Civitavecchia,Italy,,3178587
Città di Castello,Italy,,3178619
Cisterna di Latina,Italy,,3178631
Ciriè,Italy,,3178650
Cinisello Balsamo,Italy,,3178671
Ciampino,Italy,,3178738
Chivasso,Italy,,3178745
Chioggia,Italy,,3178784
Chieti,Italy,,3178796
Chieri,Italy,,3178818
Chiavari,Italy,,3178832
Chiari,Italy,,3178850
Cesenatico,Italy,,3178956
Cesena,Italy,,3178957
Cesano Maderno,Italy,,3178972
Cervia,Italy,,3178998
Cerveteri,Italy,,3178999
Cernusco sul Naviglio,Italy,,3179066
Cerignola,Italy,,3179075
Cercola,Italy,,3179109
Cento,Italy,,3179162
Ceglie Messapica,Italy,,3179218
Cecina,Italy,,3179235
Cava Dè Tirreni,Italy,,3179337
Cattolica,Italy,,3179347
Castiglione delle Stiviere,Italy,,3179415
Castel Volturno,Italy,,3179443
Castel Maggiore,Italy,,3179560
Castellammare di Stabia,Italy,,3179661
Castelfranco Veneto,Italy,,3179684
Castelfranco Emilia,Italy,,3179686
Cassino,Italy,,3179781
Cassano d'Adda,Italy,,3179795
Casoria,Italy,,3179806
Caserta,Italy,,3179866
Cascina,Italy,,3179977
Casamassima,Italy,,3180133
Casalnuovo di Napoli,Italy,,3180172
Casale Monferrato,Italy,,3180208
Casalecchio di Reno,Italy,,3180224
Casal di Principe,Italy,,3180240
Carugate,Italy,,3180389
Carrara,Italy,,3180423
Carpi Centro,Italy,,3180445
Carmagnola,Italy,,3180496
Cardito,Italy,,3180541
Carate Brianza,Italy,,3180581
Capua,Italy,,3180601
Capannori,Italy,,3180733
Cantù,Italy,,3180758
Canosa di Puglia,Italy,,3180792
Campobasso,Italy,,3180991
Campi Bisenzio,Italy,,3181018
Camaiore,Italy,,3181125
Caivano,Italy,,3181258
Busto Arsizio,Italy,,3181355
Bussolengo,Italy,,3181359
Brusciano,Italy,,3181471
Brugherio,Italy,,3181495
Brindisi,Italy,,3181528
Bresso,Italy,,3181548
Bressanone,Italy,,3181550
Brescia,Italy,,3181554
Bra,Italy,,3181631
Bovisio-Masciago,Italy,,3181641
Boscoreale,Italy,,3181683
Borgomanero,Italy,,3181790
Bolzano,Italy,,3181913
Bologna,Italy,,3181928
Bollate,Italy,,3181931
Bitonto,Italy,,3181995
Bisceglie,Italy,,3182007
Biella,Italy,,3182043
Bergamo,Italy,,3182164
Benevento,Italy,,3182179
Belluno,Italy,,3182210
Battipaglia,Italy,,3182272
Bastia umbra,Italy,,3182289
Bassano del Grappa,Italy,,3182297
Barra,Italy,,3182336
Barletta,Italy,,3182340
Bari,Italy,,3182351
Bareggio,Italy,,3182361
Bagnoli,Italy,,3182518
Bacoli,Italy,,3182599
Avezzano,Italy,,3182636
Aversa,Italy,,3182640
Avellino,Italy,,3182650
Asti,Italy,,3182714
Ascoli Piceno,Italy,,3182749
Arzignano,Italy,,3182757
Arzano,Italy,,3182765
Ariccia,Italy,,3182851
Arezzo,Italy,,3182884
Arese,Italy,,3182886
Ardea,Italy,,3182897
Arcore,Italy,,3182904
Aprilia,Italy,,3182957
Aosta,Italy,,3182997
Anzio,Italy,,3183005
Angri,Italy,,3183063
Andria,Italy,,3183072
Ancona,Italy,,3183089
Altamura,Italy,,3183178
Alpignano,Italy,,3183187
Alghero,Italy,,3183284
Alessandria,Italy,,3183299
Albignasego,Italy,,3183319
Albenga,Italy,,3183343
Albano Laziale,Italy,,3183356
Alba,Italy,,3183364
Agropoli,Italy,,3183412
Afragola,Italy,,3183455
Adelfia,Italy,,3183472
Acqui Terme,Italy,,3183490
Acquaviva delle Fonti,Italy,,3183494
Acilia-Castel Fusano-Ostia Antica,Italy,,3183539
Acerra,Italy,,3183541
Abbiategrasso,Italy,,3183573
Abano Terme,Italy,,3183587
Spinea-Orgnano,Italy,,3219114
Verbania,Italy,,6457398
Lumezzane,Italy,,6534216
Guidonia Montecelio,Italy,,6534228
Lamezia Terme,Italy,,6534232
Caronno Pertusella,Italy,,6534234
Cassano Magnago,Italy,,6534235
San Felice A Cancello,Italy,,6534252
San Nicola la Strada,Italy,,6534253
Quarto,Italy,,6534256
Orta di Atella,Italy,,6534264
Casavatore,Italy,,6534267
Volla,Italy,,6534268
Gravina di Catania,Italy,,6534275
Cesano Boscone,Italy,,6534280
Tor Lupara,Italy,,6534284
Torvaianica,Italy,,6620312
Casal Palocco,Italy,,6698333
Bellaria-Igea Marina,Italy,,8224092
Villanova,Italy,,8378910
Marina di Ardea-Tor San Lorenzo,Italy,,8394392
San Paolo,Italy,,8948703
Monterusciello,Italy,,8948704
Romano Banco,Italy,,8948705
Casa Santa,Italy,,8948706
Arpino,Italy,,8948708
Paolo VI,Italy,,8948709
Corigliano Scalo,Italy,,9003711
Stella,Italy,,10294260
San Carlo All'Arena,Italy,,10295350
Chiaia,Italy,,12070058
Chiaiano,Italy,,12070059
Vicaria,Italy,,12070060
San Ferdinando,Italy,,12070061
Pendino,Italy,,12070063
Arenella,Italy,,12070064
Avvocata,Italy,,12070065
Montecalvario,Italy,,12070066
Scampia,Italy,,12070067
San Pietro a Patierno,Italy,,12070069
San Lorenzo,Italy,,12070070
Monte Rosello,Italy,,12188754
Arcella,Italy,,12188755
Casal de' Pazzi,Italy,,12188855
Giardinetti-Tor Vergata,Italy,,12188858
Casal Bertone,Italy,,12188859
Saint Helier,Jersey,,3042091
Spanish Town,Jamaica,,3488465
Savanna-la-Mar,Jamaica,,3488613
Portmore,Jamaica,,3488981
Old Harbour,Jamaica,,3489227
New Kingston,Jamaica,,3489297
Montego Bay,Jamaica,,3489460
May Pen,Jamaica,,3489523
Mandeville,Jamaica,,3489577
Linstead,Jamaica,,3489760
Kingston,Jamaica,,3489854
Half Way Tree,Jamaica,,3490165
Wādī as Sīr,Jordan,,246013
Umm as Summāq,Jordan,,246314
Saḩāb,Jordan,,247105
Mādabā,Jordan,,248370
Ma'an,Jordan,,248382
Kurayyimah,Jordan,,248414
Khuraybat as Sūq,Jordan,,248460
Judita,Jordan,,248803
Jarash,Jordan,,248875
‘Izrā,Jordan,,248923
Irbid,Jordan,,248946
Zarqa,Jordan,,250090
Aydūn,Jordan,,250152
Aţ Ţafīlah,Jordan,,250198
As Salţ,Jordan,,250258
Safi,Jordan,,250267
Ar Ramthā,Jordan,,250336
‘Anjarah,Jordan,,250420
Amman,Jordan,,250441
Ḩayy al Quwaysimah,Jordan,,250461
Mafraq,Jordan,,250582
Qīr Moāv,Jordan,,250624
Al Jubayhah,Jordan,,250637
Aqaba,Jordan,,250774
‘Ajlūn,Jordan,,250799
Karak City,Jordan,,6946409
Russeifa,Jordan,,7838895
Rukban,Jordan,,11428685
Shingū,Japan,,1847947
Atsugi,Japan,,1847963
Akashi,Japan,,1847966
Zushi,Japan,,1847968
Zentsujichó,Japan,,1847983
Zama,Japan,,1848004
Gero,Japan,,1848055
Yukuhashi,Japan,,1848087
Yūki,Japan,,1848096
Yugawara,Japan,,1848113
Yotsutsuji,Japan,,1848143
Yoshikawa,Japan,,1848188
Yoshii,Japan,,1848194
Yoshida-kasugachō,Japan,,1848210
Yorii,Japan,,1848243
Yono,Japan,,1848254
Yonago,Japan,,1848277
Yonabaru,Japan,,1848281
Yokota,Japan,,1848305
Yokosuka,Japan,,1848313
Yokohama,Japan,,1848354
Yokkaichi,Japan,,1848373
Yokkaichi,Japan,,1848375
Youkaichi,Japan,,1848382
Yawata,Japan,,1848439
Honmachi,Japan,,1848445
Yatsuomachi-higashikumisaka,Japan,,1848447
Yasugichō,Japan,,1848482
Yashiro,Japan,,1848498
Yashio,Japan,,1848499
Yao,Japan,,1848522
Yanai,Japan,,1848550
Yanagawa,Japan,,1848573
Yamato-Takada,Japan,,1848593
Yamashita,Japan,,1848618
Yamazakichō-nakabirose,Japan,,1848633
Yamaguchi,Japan,,1848689
Yamaga,Japan,,1848705
Tosayamadachō-nakano,Japan,,1848717
Yaizu,Japan,,1848774
Yaita,Japan,,1848776
Yae,Japan,,1848825
Yabu,Japan,,1848852
Yabase,Japan,,1848859
Wakimachi,Japan,,1848933
Wajima,Japan,,1848976
Wadayama,Japan,,1848991
Uwa,Japan,,1849038
Utsunomiya,Japan,,1849053
Uto,Japan,,1849069
Utazu,Japan,,1849073
Usuki,Japan,,1849094
Ushibukamachi,Japan,,1849154
Ushitsu,Japan,,1849155
Ureshinomachi-shimojuku,Japan,,1849183
Urayasu,Japan,,1849186
Uozu,Japan,,1849237
Umi,Japan,,1849299
Umeki,Japan,,1849306
Ujiie,Japan,,1849367
Uji,Japan,,1849372
Uenohara,Japan,,1849407
Ueno-ebisumachi,Japan,,1849414
Uekimachi-mōno,Japan,,1849424
Ueda,Japan,,1849429
Ube,Japan,,1849498
Tsuyama,Japan,,1849519
Tsushima,Japan,,1849539
Tsurusaki,Japan,,1849561
Tsuruoka,Japan,,1849563
Tsurugi-asahimachi,Japan,,1849584
Tsuruga,Japan,,1849592
Tsuruda,Japan,,1849594
Tsuma,Japan,,1849647
Tsukumiura,Japan,,1849661
Tsukiyono,Japan,,1849675
Tsukawaki,Japan,,1849706
Tsuiki,Japan,,1849729
Tsubata,Japan,,1849782
Tsubame,Japan,,1849788
Tsu,Japan,,1849796
Toyota,Japan,,1849814
Toyosu,Japan,,1849815
Toyoshina,Japan,,1849817
Toyooka,Japan,,1849831
Toyonaka,Japan,,1849837
Toyokawa,Japan,,1849845
Toyohashi,Japan,,1849846
Toyohama,Japan,,1849850
Toyoda,Japan,,1849857
Toyama,Japan,,1849876
Tottori-shi,Japan,,1849892
Tosu,Japan,,1849904
Tondabayashichō,Japan,,1850034
Tomioka,Japan,,1850091
Tomigusuku,Japan,,1850108
Tokyo,Japan,,1850147
Tokuyama,Japan,,1850152
Tokushima,Japan,,1850158
Tokorozawa,Japan,,1850181
Tokoname,Japan,,1850185
Toki,Japan,,1850207
Tōkamachi,Japan,,1850217
Togitsu,Japan,,1850269
Tochio-honchō,Japan,,1850307
Tochigi,Japan,,1850311
Toba,Japan,,1850345
Tenri,Japan,,1850396
Tennō,Japan,,1850405
Tawaramoto,Japan,,1850472
Tatsuno,Japan,,1850498
Tatsunochō-tominaga,Japan,,1850499
Tateyama,Japan,,1850523
Tatebayashi,Japan,,1850559
Tarumizu,Japan,,1850589
Tarui,Japan,,1850600
Tanushimarumachi-toyoki,Japan,,1850627
Tanuma,Japan,,1850630
Nishi-Tokyo-shi,Japan,,1850692
Tanashichō,Japan,,1850693
Tanabe,Japan,,1850707
Tanabe,Japan,,1850708
Tamaru,Japan,,1850732
Tamano,Japan,,1850742
Tamana,Japan,,1850745
Tamamura,Japan,,1850746
Takinomiya,Japan,,1850791
Taketoyo,Japan,,1850818
Takeo,Japan,,1850834
Takehara,Japan,,1850860
Takefu,Japan,,1850872
Takedamachi,Japan,,1850878
Takayama,Japan,,1850892
Takatsuki,Japan,,1850910
Takasaki,Japan,,1851002
Takarazuka,Japan,,1851012
Takaoka,Japan,,1851032
Takanawa,Japan,,1851064
Takanabe,Japan,,1851068
Takamatsu,Japan,,1851100
Takaishi,Japan,,1851125
Takahashi,Japan,,1851137
Takahama,Japan,,1851155
Takada,Japan,,1851169
Bungo-Takada-shi,Japan,,1851170
Takabō,Japan,,1851176
Tajimi,Japan,,1851193
Tahara,Japan,,1851259
Tagawa,Japan,,1851273
Tadotsu,Japan,,1851282
Tadaoka-higashi,Japan,,1851286
Tachiarai,Japan,,1851319
Suzuka,Japan,,1851348
Suzaka,Japan,,1851357
Suwa,Japan,,1851368
Susaki,Japan,,1851390
Sumoto,Japan,,1851426
Sumiyoshi,Japan,,1851440
Sukumo,Japan,,1851462
Suita,Japan,,1851483
Suibara,Japan,,1851494
Sugito,Japan,,1851504
Sueyoshichō-ninokata,Japan,,1851542
Sōka,Japan,,1851604
Sōja,Japan,,1851606
Sobue,Japan,,1851622
Shōbu,Japan,,1851711
Shōbara,Japan,,1851713
Shizuoka,Japan,,1851717
Shirone,Japan,,1851813
Shiraoka,Japan,,1851883
Shirahamachō-usazakiminami,Japan,,1851935
Shirahama,Japan,,1851936
Shiozawa,Japan,,1851952
Shiojiri,Japan,,1852003
Shinshiro,Japan,,1852046
Shin’ichi,Japan,,1852102
Shingū,Japan,,1852109
Shimo-tsuma,Japan,,1852163
Shimosuwa,Japan,,1852192
Shimonoseki,Japan,,1852225
Shimodate,Japan,,1852347
Shimoda,Japan,,1852357
Shimoda,Japan,,1852358
Shimobuchi,Japan,,1852362
Minato,Japan,,1852383
Nishishinminato,Japan,,1852385
Shimada,Japan,,1852472
Shimabara,Japan,,1852479
Shima,Japan,,1852481
Shiki,Japan,,1852502
Shido,Japan,,1852561
Shibushi,Japan,,1852588
Shibukawa,Japan,,1852595
Shibata,Japan,,1852607
Settsu,Japan,,1852643
Seto,Japan,,1852663
Setakamachi-takayanagi,Japan,,1852673
Sendai,Japan,,1852736
Sekimachi,Japan,,1852775
Sayō,Japan,,1852831
Satte,Japan,,1852849
Sashiki,Japan,,1852890
Sasebo,Japan,,1852899
Sasayama,Japan,,1852901
Sasaguri,Japan,,1852915
Sano,Japan,,1852964
Sanjō,Japan,,1852984
Sandachō,Japan,,1853008
Sakurai,Japan,,1853066
Saku,Japan,,1853081
Sakata,Japan,,1853140
Sakaki,Japan,,1853163
Sakaiminato,Japan,,1853174
Sakaidechō,Japan,,1853190
Sakai-nakajima,Japan,,1853192
Sakai,Japan,,1853193
Sakai,Japan,,1853195
Sakado,Japan,,1853209
Saikū,Japan,,1853230
Saiki,Japan,,1853237
Sagara,Japan,,1853280
Saga,Japan,,1853303
Sabae,Japan,,1853338
Ryūō,Japan,,1853354
Ryōtsu-minato,Japan,,1853371
Ōzu,Japan,,1853433
Oyama,Japan,,1853483
Oyama,Japan,,1853485
Ōyama,Japan,,1853486
Owase,Japan,,1853514
Ōtsuki,Japan,,1853564
Ōtsu,Japan,,1853574
Ōtake,Japan,,1853662
Ōta,Japan,,1853677
Oshima,Japan,,1853743
Osaka,Japan,,1853909
Onomichi,Japan,,1853992
Onoda,Japan,,1854018
Ono,Japan,,1854022
Ono,Japan,,1854026
Ōno-hara,Japan,,1854028
Ōmuta,Japan,,1854083
Ōmura,Japan,,1854093
Ōme,Japan,,1854162
Ōmamachō-ōmama,Japan,,1854177
Ōmachi,Japan,,1854186
Ōkuchi-shinohara,Japan,,1854246
Ōkubo-naka,Japan,,1854255
Okegawa,Japan,,1854371
Okazaki,Japan,,1854376
Okayama,Japan,,1854383
Okaya,Japan,,1854384
Ōkawa,Japan,,1854405
Ojiya,Japan,,1854444
Ōita,Japan,,1854487
Ōiso,Japan,,1854492
Ōi,Japan,,1854530
Ogōri-shimogō,Japan,,1854629
Ogikubo,Japan,,1854648
Ogawa,Japan,,1854665
Ogawa,Japan,,1854667
Ōgaki,Japan,,1854703
Odawara,Japan,,1854747
Ōdachō-ōda,Japan,,1854774
Ōbu,Japan,,1854803
Obita,Japan,,1854807
Obama,Japan,,1854849
Nyūzen,Japan,,1854868
Numazu,Japan,,1854902
Numata,Japan,,1854905
Higashinozoe,Japan,,1854923
Nonoichi,Japan,,1854979
Nōgata,Japan,,1855066
Noda,Japan,,1855078
Ōyanomachi-noboritate,Japan,,1855087
Nobeoka,Japan,,1855095
Nishiwaki,Japan,,1855134
Nishitawara,Japan,,1855153
Nishio,Japan,,1855189
Nishinoomote,Japan,,1855203
Nishinomiya,Japan,,1855207
Nishinippori,Japan,,1855215
Nishihara,Japan,,1855341
Nishiarai,Japan,,1855349
Nirasaki,Japan,,1855363
Ninomiya,Japan,,1855380
Nikkō,Japan,,1855395
Niitsu-honchō,Japan,,1855410
Niimi,Japan,,1855416
Niihama,Japan,,1855425
Niigata,Japan,,1855431
Nichinan,Japan,,1855476
Naze,Japan,,1855540
Narutochō-mitsuishi,Japan,,1855580
Nara-shi,Japan,,1855612
Nanao,Japan,,1855670
Namerikawa,Japan,,1855694
Nakatsugawa,Japan,,1855753
Nakatsu,Japan,,1855757
Nakanojōmachi,Japan,,1855852
Nakano,Japan,,1855863
Nakamura,Japan,,1855891
Nakama,Japan,,1855907
Naha,Japan,,1856035
Nagoya,Japan,,1856057
Nago,Japan,,1856068
Nagasu,Japan,,1856120
Nagasaki,Japan,,1856177
Nagareyama,Japan,,1856184
Nagaoka,Japan,,1856199
Nagano,Japan,,1856215
Nagahama,Japan,,1856243
Nabari,Japan,,1856293
Musashino,Japan,,1856367
Muroto-misakicho,Japan,,1856392
Muramatsu,Japan,,1856426
Murakami,Japan,,1856434
Mukō,Japan,,1856456
Mukai-awagasaki,Japan,,1856472
Muikamachi,Japan,,1856476
Morowa,Japan,,1856545
Morohongō,Japan,,1856560
Moriyama,Japan,,1856569
Moriguchi,Japan,,1856584
Mori,Japan,,1856586
Mizunami,Japan,,1856667
Miyoshi,Japan,,1856698
Miyazu,Japan,,1856703
Miyazaki,Japan,,1856717
Miyakonojō,Japan,,1856775
Miyata,Japan,,1856828
Mitsuke,Japan,,1856878
Mitsukaidō,Japan,,1856881
Mitake,Japan,,1856938
Mishima,Japan,,1856977
Minoh,Japan,,1857046
Mino,Japan,,1857062
Minamirinkan,Japan,,1857144
Minamata,Japan,,1857208
Minakuchichō-matoba,Japan,,1857209
Mikuriya,Japan,,1857238
Mikuni,Japan,,1857260
Miki,Japan,,1857276
Mihara,Japan,,1857334
Mifune,Japan,,1857343
Mie,Japan,,1857357
Mibu,Japan,,1857379
Menuma,Japan,,1857403
Matsuzaki,Japan,,1857450
Matsutō,Japan,,1857470
Matsumoto,Japan,,1857519
Matsue,Japan,,1857550
Matsudo,Japan,,1857553
Matsubase,Japan,,1857560
Matsubara,Japan,,1857568
Masuda,Japan,,1857594
Maruoka,Japan,,1857651
Kamimaruko,Japan,,1857659
Marugame,Japan,,1857665
Makurazaki,Japan,,1857712
Maki,Japan,,1857751
Maizuru,Japan,,1857766
Maibara,Japan,,1857769
Maebashi,Japan,,1857843
Maebaru-chūō,Japan,,1857844
Machida,Japan,,1857871
Kyoto,Japan,,1857910
Kushimoto,Japan,,1858033
Kushikino,Japan,,1858041
Kusatsu,Japan,,1858067
Kurume,Japan,,1858088
Kurono,Japan,,1858187
Kuroda,Japan,,1858249
Kurihashi,Japan,,1858283
Kurihama,Japan,,1858286
Kure,Japan,,1858296
Kurayoshi,Japan,,1858301
Kurashiki,Japan,,1858311
Kumamoto,Japan,,1858421
Kumagaya,Japan,,1858428
Kukichūō,Japan,,1858445
Kudamatsu,Japan,,1858498
Kōzan,Japan,,1858579
Kozakai-chō,Japan,,1858591
Kōtari,Japan,,1858681
Koshigaya,Japan,,1858729
Kōnosu,Japan,,1858794
Kōnan,Japan,,1858836
Komoro,Japan,,1858858
Komono,Japan,,1858866
Komatsushimachō,Japan,,1858902
Komatsu,Japan,,1858910
Komaki,Japan,,1858926
Komagome,Japan,,1858928
Kokubunji,Japan,,1858964
Kokubu-matsuki,Japan,,1858972
Kōge,Japan,,1859079
Koga,Japan,,1859093
Koga,Japan,,1859094
Kofu,Japan,,1859100
Kodamachō-kodamaminami,Japan,,1859113
Kochi,Japan,,1859146
Kobe,Japan,,1859171
Kobayashi,Japan,,1859175
Kiyosu,Japan,,1859210
Kitsuki,Japan,,1859234
Kitakyushu,Japan,,1859307
Kitakata,Japan,,1859319
Kitahama,Japan,,1859335
Kitagata,Japan,,1859355
Kishiwada,Japan,,1859383
Kishaba,Japan,,1859388
Kisarazu,Japan,,1859393
Kisai,Japan,,1859400
Kiryū,Japan,,1859405
Kinoshita,Japan,,1859436
Kikuchi,Japan,,1859492
Kazo,Japan,,1859586
Kawasaki,Japan,,1859642
Kawasaki,Japan,,1859647
Kawanishi,Japan,,1859675
Kawaminami,Japan,,1859688
Kawaguchi,Japan,,1859730
Kawagoe,Japan,,1859740
Katsuyama,Japan,,1859765
Kasumi,Japan,,1859882
Kasukabe,Japan,,1859884
Kasugai,Japan,,1859891
Kashiwazaki,Japan,,1859908
Kashiwara,Japan,,1859913
Kashiwa,Japan,,1859924
Kashima,Japan,,1859941
Kashihara-shi,Japan,,1859951
Kashihara,Japan,,1859952
Kaseda-shirakame,Japan,,1859964
Kasaoka,Japan,,1859990
Kasamatsuchō,Japan,,1859998
Karuizawa,Japan,,1860026
Kariya,Japan,,1860034
Karatsu,Japan,,1860063
Kanzakimachi-kanzaki,Japan,,1860095
Kanuma,Japan,,1860098
Kanoya,Japan,,1860112
Kan’onjichō,Japan,,1860122
Kannabechō-yahiro,Japan,,1860176
Kanie,Japan,,1860191
Kanekomachi,Japan,,1860211
Kanegusuku,Japan,,1860214
Kanda,Japan,,1860234
Kanazawa,Japan,,1860243
Kanaya,Japan,,1860256
Kanamachi,Japan,,1860271
Kamojimachō-jōgejima,Japan,,1860321
Kamogatachō-kamogata,Japan,,1860335
Kamo,Japan,,1860341
Kamirenjaku,Japan,,1860437
Kaminokawa,Japan,,1860458
Kamikoizumi,Japan,,1860523
Kamiichi,Japan,,1860563
Kamigōri,Japan,,1860588
Kameyama,Japan,,1860626
Kameoka,Japan,,1860635
Kameda-honchō,Japan,,1860648
Kamakura,Japan,,1860672
Kakogawachō-honmachi,Japan,,1860704
Kakegawa,Japan,,1860728
Kakamigahara,Japan,,1860735
Kajiya,Japan,,1860742
Kashima-shi,Japan,,1860748
Kajiki,Japan,,1860750
Kaizuka,Japan,,1860765
Kaitaichi,Japan,,1860772
Kainan,Japan,,1860785
Kagoshima,Japan,,1860827
Kadoma,Japan,,1860871
Kadogawa,Japan,,1860875
Izumo,Japan,,1861084
Izumisano,Japan,,1861091
Izumiōtsu,Japan,,1861095
Izumi,Japan,,1861107
Izumi,Japan,,1861108
Iwatsuki,Japan,,1861164
Iwata,Japan,,1861171
Iwakura,Japan,,1861207
Iwakuni,Japan,,1861212
Iwai,Japan,,1861223
Iwai,Japan,,1861225
Iwade,Japan,,1861244
Itsukaichi,Japan,,1861261
Itoman,Japan,,1861280
Itoigawa,Japan,,1861285
Itō,Japan,,1861290
Itami,Japan,,1861310
Itabashi,Japan,,1861321
Ishiki,Japan,,1861383
Ishikawa,Japan,,1861393
Ishii,Japan,,1861400
Ishige,Japan,,1861406
Ishigami,Japan,,1861410
Ishigaki,Japan,,1861416
Isesaki,Japan,,1861436
Isehara,Japan,,1861449
Ise,Japan,,1861450
Isawa,Japan,,1861454
Isahaya,Japan,,1861464
Inuyama,Japan,,1861528
Ino,Japan,,1861584
Innoshima,Japan,,1861586
Inazawa,Japan,,1861602
Ina,Japan,,1861641
Imarichō-kō,Japan,,1861677
Imaichi,Japan,,1861699
Ikoma,Japan,,1861749
Ikeno,Japan,,1861772
Ikeda,Japan,,1861795
Ikedachō,Japan,,1861799
Ikaruga,Japan,,1861816
Ijūin,Japan,,1861825
Iizuka,Japan,,1861835
Iiyama,Japan,,1861838
Iida,Japan,,1861864
Igusa,Japan,,1861883
Ichinomiya,Japan,,1861949
Ibusuki,Japan,,1862010
Ibi,Japan,,1862026
Ibaraki,Japan,,1862033
Ibara,Japan,,1862034
Hotaka,Japan,,1862098
Hōshakuji,Japan,,1862130
Hōryūji,Japan,,1862136
Honjō,Japan,,1862198
Honjō,Japan,,1862201
Hondomachi-hondo,Japan,,1862230
Hōfu,Japan,,1862302
Hitoyoshi,Japan,,1862352
Hitoto,Japan,,1862358
Hita,Japan,,1862373
Hisai-motomachi,Japan,,1862389
Hiroshima,Japan,,1862415
Hiratsuka,Japan,,1862462
Hiratachō,Japan,,1862471
Hirara,Japan,,1862505
Hirakata,Japan,,1862540
Hirado,Japan,,1862555
Hino,Japan,,1862599
Hino,Japan,,1862601
Himimachi,Japan,,1862612
Himeji,Japan,,1862627
Hikone,Japan,,1862636
Hiji,Japan,,1862689
Higashiosaka,Japan,,1862752
Ōkubo,Japan,,1862755
Hekinan,Japan,,1862912
Hayashino,Japan,,1862968
Hayama,Japan,,1862992
Hatsukaichi,Japan,,1863018
Hatogaya-honchō,Japan,,1863023
Hashimoto,Japan,,1863082
Hanyū,Japan,,1863173
Hannō,Japan,,1863183
Handa,Japan,,1863209
Hamanoichi,Japan,,1863279
Hamamatsu,Japan,,1863289
Hamakita,Japan,,1863293
Hamada,Japan,,1863310
Hakui,Japan,,1863341
Hakonegasaki,Japan,,1863356
Haibara-akanedai,Japan,,1863398
Hagi,Japan,,1863418
Katsuren-haebaru,Japan,,1863426
Hadano,Japan,,1863431
Hachiōji,Japan,,1863440
Ōmihachiman,Japan,,1863451
Gyōda,Japan,,1863482
Gushikawa,Japan,,1863495
Gōtsuchō,Japan,,1863521
Gotemba,Japan,,1863528
Higashigotanda,Japan,,1863531
Gosen,Japan,,1863540
Gose,Japan,,1863541
Gojō,Japan,,1863592
Gohyakkoku,Japan,,1863598
Gōdo,Japan,,1863611
Gobō,Japan,,1863614
Gion,Japan,,1863620
Ginowan,Japan,,1863627
Gifu,Japan,,1863641
Gamagōri,Japan,,1863693
Futtsu,Japan,,1863713
Honchō,Japan,,1863905
Fukuyama,Japan,,1863917
Fukuroi,Japan,,1863945
Fukura,Japan,,1863953
Fukuoka,Japan,,1863967
Fukumitsu,Japan,,1863973
Nishifukuma,Japan,,1863978
Fukui-shi,Japan,,1863985
Fukuechō,Japan,,1863997
Fukuchiyama,Japan,,1864009
Fukiage-fujimi,Japan,,1864025
Fukayachō,Japan,,1864031
Fujisawa,Japan,,1864092
Fujioka,Japan,,1864098
Fujioka,Japan,,1864099
Fujinomiya,Japan,,1864105
Fujieda,Japan,,1864132
Fuji,Japan,,1864134
Fuchūchō,Japan,,1864155
Enzan,Japan,,1864180
Echigawa,Japan,,1864263
Den’enchōfu,Japan,,1864381
Daitō,Japan,,1864416
Chōfu,Japan,,1864518
Chiryū,Japan,,1864549
Chino,Japan,,1864557
Chikushino-shi,Japan,,1864572
Chigasaki,Japan,,1864624
Chichibu,Japan,,1864637
Chatan,Japan,,1864652
Beppu,Japan,,1864750
Bange,Japan,,1864808
Ayabe,Japan,,1864873
Awara,Japan,,1864894
Atami,Japan,,1864945
Asso,Japan,,1864968
Ashiya,Japan,,1864985
Ashikaga,Japan,,1865005
Asakusa,Japan,,1865047
Asagaya-minami,Japan,,1865090
Arita,Japan,,1865103
Arai,Japan,,1865207
Arai,Japan,,1865209
Annaka,Japan,,1865290
Anjō,Japan,,1865294
Anan,Japan,,1865309
Anamizu,Japan,,1865312
Amagi,Japan,,1865375
Amagasaki,Japan,,1865387
Akune,Japan,,1865401
Kariya,Japan,,1865412
Aki,Japan,,1865449
Akasaka,Japan,,1865522
Akaike,Japan,,1865570
Aioi,Japan,,1865661
Aihara,Japan,,1865689
Ageo,Japan,,1865714
Okinawa,Japan,,1894616
Kushima,Japan,,1895695
Kamigotō,Japan,,1896102
Hikari,Japan,,1896348
Nagato,Japan,,1899102
Hasuda,Japan,,1907123
Kamifukuoka,Japan,,1907125
Sayama,Japan,,1907146
Fussa,Japan,,1907148
Minawa,Japan,,1907190
Nihammatsu,Japan,,1907242
Kamiōi,Japan,,1907270
Asaka,Japan,,1907299
Wako,Japan,,1907300
Shimotoda,Japan,,1907301
Kimitsu,Japan,,1907307
Miura,Japan,,1907309
Wakayama,Japan,,1926004
Iyo,Japan,,1926006
Uwajima,Japan,,1926020
Saijō,Japan,,1926054
Ōzu,Japan,,1926055
Matsuyama,Japan,,1926099
Masaki-chō,Japan,,1926101
Kawanoechō,Japan,,1926116
Imabari,Japan,,1926134
Hōjō,Japan,,1926142
Mishōhirajō,Japan,,1926143
Haramachi,Japan,,1926150
Yuzawa,Japan,,2110460
Yotsukaidō,Japan,,2110480
Yoshioka,Japan,,2110481
Yonezawa,Japan,,2110498
Yokote,Japan,,2110506
Yokoshiba,Japan,,2110509
Yōkaichiba,Japan,,2110518
Yanagawamachi-saiwaichō,Japan,,2110538
Yamoto,Japan,,2110541
Yamagata,Japan,,2110556
Yamada,Japan,,2110560
Yachimata,Japan,,2110579
Yachi,Japan,,2110581
Yabuki,Japan,,2110583
Watari,Japan,,2110586
Wakuya,Japan,,2110596
Ushiku,Japan,,2110629
Tsukuba,Japan,,2110681
Toride,Japan,,2110729
Tōno,Japan,,2110735
Tomobe,Japan,,2110743
Tomiya,Japan,,2110744
Tōgane,Japan,,2110774
Tendō,Japan,,2110793
Takahata,Japan,,2110891
Takahagi,Japan,,2110893
Tagajō-shi,Japan,,2110927
Sukagawa,Japan,,2110959
Shōbudahama,Japan,,2110991
Shizukuishi,Japan,,2110994
Shisui,Japan,,2111008
Shiroishi,Japan,,2111016
Shiroi,Japan,,2111018
Shiogama,Japan,,2111049
Shinjō,Japan,,2111065
Sendai,Japan,,2111149
Sawara,Japan,,2111173
Sakura,Japan,,2111220
Sagae,Japan,,2111248
Ryūgasaki,Japan,,2111258
Ryōgoku,Japan,,2111268
Rokugō,Japan,,2111272
Rifu,Japan,,2111277
Ōtawara,Japan,,2111325
Ōmiya,Japan,,2111425
Omigawa,Japan,,2111429
Ōmagari,Japan,,2111435
Okunoya,Japan,,2111441
Ōkawara,Japan,,2111461
Ōhara,Japan,,2111495
Ogawa,Japan,,2111514
Ōfunato,Japan,,2111530
Obanazawa,Japan,,2111559
Ōarai,Japan,,2111567
Ōami,Japan,,2111568
Nihommatsu,Japan,,2111656
Natori-shi,Japan,,2111669
Narutō,Japan,,2111677
Narita,Japan,,2111684
Namie,Japan,,2111704
Naka-niida,Japan,,2111725
Naka,Japan,,2111749
Nagai,Japan,,2111781
Murata,Japan,,2111809
Motomiya,Japan,,2111824
Moriya,Japan,,2111831
Morioka,Japan,,2111834
Mooka,Japan,,2111836
Mobara,Japan,,2111855
Mizusawa,Japan,,2111859
Miyako,Japan,,2111884
Mito,Japan,,2111901
Miharu,Japan,,2111943
Matsushima,Japan,,2111964
Mashiko,Japan,,2111999
Makuhari,Japan,,2112016
Makabe,Japan,,2112019
Kuroiso,Japan,,2112077
Kumakura,Japan,,2112108
Kōriyama,Japan,,2112141
Kogota-ekimae,Japan,,2112181
Kogota,Japan,,2112182
Kitakami,Japan,,2112227
Kitaibaraki,Japan,,2112232
Kesennuma,Japan,,2112263
Kamogawa,Japan,,2112297
Katsuura,Japan,,2112309
Katsuta,Japan,,2112312
Katori-shi,Japan,,2112319
Kasama,Japan,,2112343
Karasuyama,Japan,,2112354
Kanegasaki,Japan,,2112370
Kaminoyama,Japan,,2112409
Kamaishi,Japan,,2112444
Kakuda,Japan,,2112455
Iwase,Japan,,2112521
Iwanuma,Japan,,2112527
Iwaki,Japan,,2112539
Itako,Japan,,2112555
Ishitsuka,Japan,,2112570
Ishioka,Japan,,2112571
Ishinomaki,Japan,,2112576
Ishikawa,Japan,,2112583
Inada,Japan,,2112624
Ichinoseki,Japan,,2112656
Ichihara,Japan,,2112664
Hokota,Japan,,2112688
Hobaramachi,Japan,,2112692
Hizume,Japan,,2112694
Hitachi,Japan,,2112708
Higashine,Japan,,2112758
Hasaki,Japan,,2112802
Hanamaki,Japan,,2112823
Furukawa,Japan,,2112899
Funehikimachi-funehiki,Japan,,2112903
Funaishikawa,Japan,,2112913
Fukushima,Japan,,2112923
Fukawa,Japan,,2112932
Fujishiro,Japan,,2112940
Edosaki,Japan,,2112963
Date,Japan,,2112980
Daigo,Japan,,2112989
Choshi,Japan,,2112996
Chiba,Japan,,2113015
Asahi,Japan,,2113077
Ami,Japan,,2113115
Akita,Japan,,2113126
Ajiki,Japan,,2113149
Abiko,Japan,,2113164
Motomachi,Japan,,2127383
Yakumo,Japan,,2127478
Wakkanai,Japan,,2127515
Tomakomai,Japan,,2127733
Tōbetsu,Japan,,2127802
Mutsu,Japan,,2127878
Takikawa,Japan,,2127896
Takanosu,Japan,,2127910
Sunagawa,Japan,,2127955
Shizunai-furukawachō,Japan,,2128025
Shiraoi,Japan,,2128072
Shimo-furano,Japan,,2128147
Minamishibetsuchō,Japan,,2128205
Shibetsu,Japan,,2128206
Sarubetsu,Japan,,2128279
Sapporo,Japan,,2128295
Rumoi,Japan,,2128382
Otofuke,Japan,,2128558
Otaru,Japan,,2128574
Ōno,Japan,,2128645
Ōdate,Japan,,2128787
Obihiro,Japan,,2128815
Noshiro,Japan,,2128867
Noboribetsu,Japan,,2128894
Nemuro,Japan,,2128975
Nayoro,Japan,,2128983
Honchō,Japan,,2129003
Namioka,Japan,,2129005
Nakashibetsu,Japan,,2129034
Muroran,Japan,,2129101
Moritake,Japan,,2129138
Mombetsu,Japan,,2129163
Misawa,Japan,,2129211
Yoichi,Japan,,2129218
Memuro-minami,Japan,,2129262
Makubetsu,Japan,,2129324
Kutchan,Japan,,2129365
Kushiro,Japan,,2129376
Kuroishi,Japan,,2129395
Kuji,Japan,,2129427
Shimokizukuri,Japan,,2129513
Kitami,Japan,,2129537
Kamiiso,Japan,,2129766
Iwamizawa,Japan,,2129870
Ishikari,Japan,,2129909
Hitokawame,Japan,,2130050
Kitahiroshima,Japan,,2130054
Hirosaki,Japan,,2130057
Hanawa,Japan,,2130146
Hakodate,Japan,,2130188
Hachinohe,Japan,,2130203
Furano,Japan,,2130306
Fukagawa,Japan,,2130332
Engaru,Japan,,2130387
Ebetsu,Japan,,2130404
Date,Japan,,2130421
Chitose,Japan,,2130452
Bibai,Japan,,2130534
Ashibetsu,Japan,,2130612
Asahikawa,Japan,,2130629
Aomori,Japan,,2130658
Abashiri,Japan,,2130741
Goshogawara,Japan,,2131612
Aso,Japan,,6324583
Kachidoki,Japan,,6419355
Nanto-shi,Japan,,6694821
Kawage,Japan,,6696932
Neyagawa,Japan,,6697563
Owariasahi,Japan,,6698269
Hitachi-Naka,Japan,,6822096
Chikusei,Japan,,6822097
Kasumigaura,Japan,,6822098
Tsuchiura,Japan,,6822099
Tsukubamirai,Japan,,6822100
Omitama,Japan,,6822101
Hitachiomiya,Japan,,6822102
Kamisu,Japan,,6822103
Namegata,Japan,,6822104
Bandō,Japan,,6822106
Hitachi-ota,Japan,,6822107
Inashiki,Japan,,6822108
Shintomi,Japan,,6822109
Azumino,Japan,,6822111
Chikuma,Japan,,6822112
Murayama,Japan,,6822113
Minamiashigara,Japan,,6822114
Rittō,Japan,,6822115
Takashima,Japan,,6822116
Kōka,Japan,,6822117
Katsuragi,Japan,,6822119
Kashiba,Japan,,6822120
Ōuda-yamaguchi,Japan,,6822122
Nanto,Japan,,6822123
Oyabe,Japan,,6822124
Imizu,Japan,,6822125
Kurobe-shi,Japan,,6822126
Ebina,Japan,,6822128
Tama,Japan,,6822129
Musashimurayama,Japan,,6822130
Akishima,Japan,,6822132
Higashiyamato,Japan,,6822136
"Misato, Saitama",Japan,,6822137
Niiza,Japan,,6822138
Tonami,Japan,,6822139
Kahoku,Japan,,6822140
Kaga,Japan,,6822141
Nomimachi,Japan,,6822143
Matsuura,Japan,,6822144
Ōnojō,Japan,,6822146
Kasuga,Japan,,6822147
Aizu-Wakamatsu,Japan,,6822148
Minami-Sōma,Japan,,6822149
Urasoe,Japan,,6822152
Uruma,Japan,,6822153
Jōsō,Japan,,6822154
Midori,Japan,,6822155
Miyakojima,Japan,,6822158
Fujimino,Japan,,6822159
Hidaka,Japan,,6822161
Higashi-Matsuyama,Japan,,6822162
Iruma,Japan,,6822163
Kitamoto,Japan,,6822164
Tsurugashima,Japan,,6822165
Sōsa,Japan,,6822167
Sanmu,Japan,,6822168
Sōma,Japan,,6822169
Tamura,Japan,,6822170
Kinokawa,Japan,,6822171
Kumano,Japan,,6822172
Inabe,Japan,,6822173
Nasushiobara,Japan,,6822174
Shimotsuke,Japan,,6822175
Nasukarasuyama,Japan,,6822176
Tōmi,Japan,,6822177
Komagane,Japan,,6822178
Inzai,Japan,,6822179
Isumi,Japan,,6822180
Yachiyo,Japan,,6822182
Ōshū,Japan,,6822184
Rikuzen-Takata,Japan,,6822185
Hachimantai,Japan,,6822186
Ninohe,Japan,,6822187
Ōsaki,Japan,,6822188
Higashimatsushima,Japan,,6822189
Kurihara,Japan,,6822190
Izunokuni,Japan,,6822191
Izu,Japan,,6822192
Kikugawa,Japan,,6822193
Kosai,Japan,,6822194
Susono,Japan,,6822195
Omaezaki,Japan,,6822196
Nikaho,Japan,,6822198
Daisen,Japan,,6822199
Oga,Japan,,6822201
Yurihonjō,Japan,,6822202
Katagami,Japan,,6822203
Kita-Akita,Japan,,6822204
Tsugaru,Japan,,6822205
Hirakawa,Japan,,6822206
Towada,Japan,,6822207
Kitanagoya,Japan,,6822208
Nisshin,Japan,,6822209
Toyoake,Japan,,6822210
Chita,Japan,,6822211
Aisai,Japan,,6822212
Yamagata,Japan,,6822213
Hashima,Japan,,6822214
Kaizu,Japan,,6822215
Kani,Japan,,6822216
Minokamo,Japan,,6822217
Motosu,Japan,,6822218
Gujō,Japan,,6822219
Ena,Japan,,6822220
Nanjō,Japan,,6822223
Nakagusuku,Japan,,6822224
Yaese,Japan,,6822225
Jōetsu,Japan,,6825489
Minamiuonuma,Japan,,6825490
Myoko,Japan,,6825491
Sado,Japan,,6825492
Tainai,Japan,,6825493
Uonuma,Japan,,6825494
Fujiidera,Japan,,6825495
Habikino,Japan,,6825496
Hannan,Japan,,6825497
Kawachi-Nagano,Japan,,6825498
Sayama,Japan,,6825499
Sennan,Japan,,6825500
Shijōnawate,Japan,,6825501
Hokuto,Japan,,6862586
Saitama,Japan,,6940394
Higashimurayama,Japan,,7279570
Fujikawaguchiko,Japan,,7281819
Yawatahama,Japan,,7303003
Kirishima,Japan,,7303138
Amami,Japan,,7303145
Arashiyama,Japan,,7303471
Dazaifu,Japan,,7422816
Amakusa,Japan,,7424125
Aizu-misato Machi,Japan,,7451505
Ikebukuro,Japan,,7522199
Kamigyō-ku,Japan,,8125829
Buzen,Japan,,8198709
Miyako,Japan,,8224001
Hakurōmachi,Japan,,8312260
Toyota,Japan,,8395439
Nanaku,Japan,,8561397
Shinden,Japan,,8570265
Washinomiya,Japan,,8572218
Sashiōgi,Japan,,8572291
Nukui,Japan,,8572754
Sakai,Japan,,8572855
Ōizumimachi,Japan,,8572880
Hikarigaoka,Japan,,8572883
Sakuradai,Japan,,8572886
Akatsuka,Japan,,8572948
Narimasu,Japan,,8572949
Ukima,Japan,,8572992
Nagasaki,Japan,,8573184
Sugamo,Japan,,8573188
Yotsuya,Japan,,8573477
Saginomiya,Japan,,8573523
Sasazuka,Japan,,8573531
Kamiigusa,Japan,,8573577
Shimoigusa,Japan,,8573717
Eifuku,Japan,,8573723
Wakabayashi,Japan,,8576449
Nakanobu,Japan,,8576480
Ebara,Japan,,8576482
Mochibaru,Japan,,8611025
Maruobara,Japan,,8659953
Nakano,Japan,,8715035
Yamaguma,Japan,,9017898
Ōwa,Japan,,9188982
Ogura,Japan,,9190392
Yamata,Japan,,9192643
Ōgushi,Japan,,9192873
Yakami,Japan,,9197267
Hiragi,Japan,,9199689
Yono,Japan,,9277769
Kanō,Japan,,9288247
Kimokawa,Japan,,9290061
Itogawa,Japan,,9291689
Hikiso,Japan,,9633084
Kanmaki,Japan,,9633110
Takatsukadai,Japan,,9633120
Tatsuno-kita,Japan,,9633180
Fuki,Japan,,9633186
Sugai,Japan,,9634762
Sayama,Japan,,9635322
Iijima,Japan,,9865313
Katanawa,Japan,,9888360
Higashigō,Japan,,9890410
Ishinari,Japan,,9891071
Nakatsukuma,Japan,,9891157
Sonobe,Japan,,9891173
Sue,Japan,,10267168
Wakasugi,Japan,,10267209
Minamichita,Japan,,10300676
Yurigaoka,Japan,,10310759
Koga,Japan,,10311179
Miyaodai,Japan,,10311204
Inokura,Japan,,10311513
Kami,Japan,,10353044
Kanaishima,Japan,,10409864
Fujiyoshida,Japan,,10629856
Shonai,Japan,,10630004
Tsushima,Japan,,10630007
Nakatogari,Japan,,10642464
Fushimi,Japan,,10642471
Kamizawa,Japan,,10645302
Nasu,Japan,,10793741
Yomitan,Japan,,10860988
Togoshi,Japan,,10865210
Shimo’ochiai,Japan,,10865987
Ōtsuka,Japan,,10866000
Igusa,Japan,,10866536
Yoyogi,Japan,,10866689
Ebisu,Japan,,10866730
Funabori,Japan,,10918003
Hirai,Japan,,10918027
Minaminagareyama,Japan,,10926134
Ōjima,Japan,,10963038
Machiya,Japan,,10971146
Sendagi,Japan,,10971153
Matsubushi,Japan,,10979195
Miyoshidai,Japan,,11012851
Eniwa,Japan,,11127679
Shimada,Japan,,11147658
Okino,Japan,,11172649
Minami-Alps,Japan,,11205269
Arao,Japan,,11274040
Miyota,Japan,,11350714
Ukiha,Japan,,11397285
Iga,Japan,,11468270
Kuwana,Japan,,11468429
Matsusaka,Japan,,11468431
Hokuto,Japan,,11524139
Himi,Japan,,11611221
Takizawa,Japan,,11611224
Tōon,Japan,,11611474
Yasu,Japan,,11611475
Yame,Japan,,11611476
Yamatokōriyama,Japan,,11611477
Yamato,Japan,,11611478
Yamanashi,Japan,,11611479
Taku,Japan,,11611483
Takasago,Japan,,11611486
Tachikawa,Japan,,11611487
Saito,Japan,,11611608
Sagamihara,Japan,,11611609
Ogōri,Japan,,11611610
Ogi,Japan,,11611611
Nagakute,Japan,,11611613
Munakata,Japan,,11611614
Mitoyo,Japan,,11611615
Kunitachi,Japan,,11611617
Kizugawa,Japan,,11611622
Katano,Japan,,11611624
Hyūga,Japan,,11611625
Sakai,Japan,,11611626
Higashihiroshima,Japan,,11611627
Higashikurume,Japan,,11611628
Hamura,Japan,,11611629
Fuchū,Japan,,11611632
Chikugo,Japan,,11611638
Ayase,Japan,,11611642
Arida,Japan,,11611643
Aira,Japan,,11611646
Ama,Japan,,11611659
Kodaira,Japan,,11611930
Nanyō,Japan,,11611932
Katō,Japan,,11611935
Mine,Japan,,11611936
Hida,Japan,,11611937
Kiyose,Japan,,11611938
Jōyō,Japan,,11611939
Yatomi,Japan,,11611940
Tome,Japan,,11611941
Kamagaya,Japan,,11611942
Ebino,Japan,,11611943
Isa,Japan,,11611944
Bizen,Japan,,11611946
Etajima,Japan,,11611950
Tatsuno,Japan,,11612326
Iki,Japan,,11612327
Tosa,Japan,,11612328
Tsuru,Japan,,11612329
Nankoku,Japan,,11612330
Aki-takata,Japan,,11612331
Awa,Japan,,11612333
Kai,Japan,,11612336
Sakura,Japan,,11612337
Awaji,Japan,,11612338
Warabi,Japan,,11612339
Miyoshi,Japan,,11612340
Itoshima,Japan,,11612341
Yufu,Japan,,11612342
Akiruno,Japan,,11612343
Shikokuchūō,Japan,,11612345
Narashino,Japan,,11612347
Minamibōsō,Japan,,11612454
Ōamishirasato,Japan,,11612455
Sodegaura,Japan,,11612456
Echizen,Japan,,11612457
Miyama,Japan,,11612459
Miyawaka,Japan,,11612460
Shirakawa,Japan,,11612472
Mizuho,Japan,,11612473
Shibetsu,Japan,,11612476
Kasai,Japan,,11612478
Minamiawaji,Japan,,11612479
Shisō,Japan,,11612481
Tanba,Japan,,11612482
Tōkai,Japan,,11612537
Higashikagawa,Japan,,11612539
Minamikyushu,Japan,,11612540
Minamisatsuma,Japan,,11612541
Soo,Japan,,11612542
Kōshi,Japan,,11612553
Uki,Japan,,11612554
Kyōtanabe,Japan,,11612555
Kyōtango,Japan,,11612557
Nantan,Japan,,11612558
Gotō,Japan,,11612559
Minamishimabara,Japan,,11612560
Saikai,Japan,,11612561
Unzen,Japan,,11612562
Akaiwa,Japan,,11612564
Maniwa,Japan,,11612565
Setouchi,Japan,,11612566
Konan,Japan,,11612571
Mima,Japan,,11612574
Yoshinogawa,Japan,,11612576
Inagi,Japan,,11612578
Koganei,Japan,,11612579
Komae,Japan,,11612580
Sanyōonoda,Japan,,11612582
Shūnan,Japan,,11612583
Chūō,Japan,,11612585
Fuefuki,Japan,,11612588
Kōshū,Japan,,11612589
Unnan,Japan,,11612633
Kunisaki,Japan,,11612682
Ichikikushikino,Japan,,11612692
Asakuchi,Japan,,11612694
Fukutsu,Japan,,11612700
Asakura,Japan,,11612701
Semboku,Japan,,11612707
Tokai,Japan,,11776897
Nogi,Japan,,11776907
Haruta,Japan,,11777018
Agui,Japan,,11777075
Kaminoma,Japan,,11777085
Minase,Japan,,11777258
Oyamazaki,Japan,,11777259
Oji,Japan,,11777262
Nakaiburi,Japan,,11777281
Shioiri,Japan,,11777400
Uchiko,Japan,,11777417
Akihabara,Japan,,11790367
Miyashiro,Japan,,11809254
Shime,Japan,,11809770
Ichikawa,Japan,,11837657
Agano,Japan,,11837950
Ranzan,Japan,,13118912
Toyoyama,Japan,,13132738
Ōguchi,Japan,,13132739
Fusō,Japan,,13132740
Kōta,Japan,,13132741
Ōharu,Japan,,13132743
Hirokawa,Japan,,13132744
Ginan,Japan,,13132762
Kumano,Japan,,13132764
Fuchū,Japan,,13132765
Inami,Japan,,13132797
Tamba-Sasayama,Japan,,13132798
Tamba,Japan,,13132799
Yachiyo,Japan,,13132800
Yahaba,Japan,,13156692
Tōin,Japan,,13156699
Minamiminowa,Japan,,13156705
Shōwa,Japan,,13156738
Minamiarupusu,Japan,,13156739
Akitsu,Japan,,13192008
Wote,Kenya,,178077
Webuye,Kenya,,178202
Watamu,Kenya,,178245
Wanguru,Kenya,,178323
Wajir,Kenya,,178443
Voi,Kenya,,178522
Ukunda,Kenya,,178792
Thika,Kenya,,179330
Taveta,Kenya,,179525
Ruiru,Kenya,,181032
Rongo,Kenya,,181122
Rongai,Kenya,,181135
Ramu,Kenya,,181374
Pumwani,Kenya,,181501
Oyugis,Kenya,,181702
Ogembo,Kenya,,182498
Nyeri,Kenya,,182701
Nyamira,Kenya,,182880
Nyahururu,Kenya,,183027
Njoro,Kenya,,183334
Ngong,Kenya,,183595
Narok,Kenya,,184379
Nanyuki,Kenya,,184433
Nakuru,Kenya,,184622
Naivasha,Kenya,,184707
Nairobi,Kenya,,184745
Mwingi,Kenya,,184921
Murang’a,Kenya,,185579
Mumias,Kenya,,185702
Muhoroni,Kenya,,185939
Moyale,Kenya,,186180
Mombasa,Kenya,,186301
Molo,Kenya,,186315
Migori,Kenya,,186731
Meru,Kenya,,186827
Mbale,Kenya,,187113
Mazeras,Kenya,,187150
Maua,Kenya,,187231
Masalani,Kenya,,187532
Marsabit,Kenya,,187585
Mariakani,Kenya,,187661
Maralal,Kenya,,187725
Mandera,Kenya,,187896
Malindi,Kenya,,187968
Malaba,Kenya,,188025
Makutano,Kenya,,188045
Makueni Boma,Kenya,,188080
Makindu,Kenya,,188123
Machakos,Kenya,,188492
Lugulu,Kenya,,188657
Lodwar,Kenya,,189280
Limuru,Kenya,,189386
Ongata Rongai,Kenya,,189723
Lamu,Kenya,,189741
Kitui,Kenya,,191038
Kitale,Kenya,,191220
Kisumu,Kenya,,191245
Kisii,Kenya,,191299
Kiserian,Kenya,,191318
Kinoi,Kenya,,191797
Kihancha,Kenya,,191837
Kiminini,Kenya,,191908
Kimilili,Kenya,,191919
Kilifi,Kenya,,192067
Kikuyu,Kenya,,192126
Kiambu,Kenya,,192710
Khwisero,Kenya,,192785
Kerugoya,Kenya,,192859
Kericho,Kenya,,192900
Karuri,Kenya,,193624
Karuri,Kenya,,193627
Karatina,Kenya,,193827
Kapsabet,Kenya,,194038
Kapenguria,Kenya,,194160
Kakuma,Kenya,,195197
Kakamega,Kenya,,195272
Kajiado,Kenya,,195298
Kabarnet,Kenya,,195821
Iten,Kenya,,196185
Isiolo,Kenya,,196231
Isebania,Kenya,,196251
Homa Bay,Kenya,,196742
Hola,Kenya,,196752
Moi‘s Bridge,Kenya,,196761
Habaswein,Kenya,,196936
Githunguri,Kenya,,197226
Gilgil,Kenya,,197334
Upper Gilgil,Kenya,,197335
Garissa,Kenya,,197745
Garba Tula,Kenya,,197768
Embu,Kenya,,198476
Emali,Kenya,,198537
El Wak,Kenya,,198547
Eldoret,Kenya,,198629
Eldama Ravine,Kenya,,198636
Elburgon,Kenya,,198644
Chuka,Kenya,,199284
Busia,Kenya,,199989
Bungoma,Kenya,,200067
Bondo,Kenya,,200305
Awendo,Kenya,,200755
Athi River,Kenya,,200787
Siaya,Kenya,,383388
Takaba,Kenya,,444987
Ol Kalou,Kenya,,7931933
Kitengela,Kenya,,7931934
Juja,Kenya,,8299780
Lang'ata,Kenya,,8449763
Imara Daima Estate,Kenya,,8477754
Mlolongo,Kenya,,9166066
Lafey,Kenya,,9406963
Mtwapa,Kenya,,11002530
Awendo,Kenya,,11003038
Maai Mahiu,Kenya,,11834214
Mairo Inya,Kenya,,12687281
Kenol,Kenya,,12718626
Githunguri,Kenya,,12718630
Mai,Kenya,,12718647
Suluktu,Kyrgyzstan,,1222562
Razzakov,Kyrgyzstan,,1222662
Balykchy,Kyrgyzstan,,1527004
Tokmok,Kyrgyzstan,,1527199
Tash-Kumyr,Kyrgyzstan,,1527260
Talas,Kyrgyzstan,,1527299
Suzak,Kyrgyzstan,,1527317
Kyzyl-Suu,Kyrgyzstan,,1527497
Uzgen,Kyrgyzstan,,1527513
Osh,Kyrgyzstan,,1527534
Naryn,Kyrgyzstan,,1527592
Massy,Kyrgyzstan,,1527689
Lebedinovka,Kyrgyzstan,,1527690
Kyzyl-Kyya,Kyrgyzstan,,1527719
Kochkor-Ata,Kyrgyzstan,,1527903
Kara Suu,Kyrgyzstan,,1528091
Karakol,Kyrgyzstan,,1528121
Kara-Balta,Kyrgyzstan,,1528182
Kant,Kyrgyzstan,,1528193
Jalal-Abad,Kyrgyzstan,,1528249
Ivanovka,Kyrgyzstan,,1528252
Iradan,Kyrgyzstan,,1528283
Nookat,Kyrgyzstan,,1528339
Bishkek,Kyrgyzstan,,1528675
Belovodskoye,Kyrgyzstan,,1528702
Bazar-Korgon,Kyrgyzstan,,1528717
Batken,Kyrgyzstan,,1528735
Ala-Buka,Kyrgyzstan,,1528875
Toktogul,Kyrgyzstan,,1538648
Kara-Kulja,Kyrgyzstan,,8145969
Phnom Penh,Cambodia,,1821306
Ta Khmau,Cambodia,,1821935
Takeo,Cambodia,,1821940
Svay Rieng,Cambodia,,1821993
Suong,Cambodia,,1822019
Stung Treng,Cambodia,,1822029
Snuol,Cambodia,,1822158
Sisophon,Cambodia,,1822207
Siem Reap,Cambodia,,1822214
Prey Veng,Cambodia,,1822610
Pursat,Cambodia,,1822768
Phumĭ Véal Srê,Cambodia,,1822906
Samraong,Cambodia,,1825093
Tbeng Meanchey,Cambodia,,1830098
Paoy Paet,Cambodia,,1830194
Pailin,Cambodia,,1830205
Lumphat,Cambodia,,1830377
Koh Kong,Cambodia,,1830468
Kratié,Cambodia,,1830564
Kampot,Cambodia,,1831112
Kampong Thom,Cambodia,,1831125
Kampong Speu,Cambodia,,1831133
Sihanoukville,Cambodia,,1831142
Kampong Chhnang,Cambodia,,1831167
Kampong Cham,Cambodia,,1831173
Banlung,Cambodia,,1831732
Battambang,Cambodia,,1831797
Smach Mean Chey,Cambodia,,8740221
Tarawa,Kiribati,,2110257
Moutsamoudou,Comoros,,921753
Moroni,Comoros,,921772
Fomboni,Comoros,,921889
Basseterre,Saint Kitts and Nevis,,3575551
Yŏnan-ŭp,"Korea, Democratic People's Republic of",,1866569
Wŏnsan,"Korea, Democratic People's Republic of",,1866923
Ŭnch’ŏn-ŭp,"Korea, Democratic People's Republic of",,1867377
Ŭllyul,"Korea, Democratic People's Republic of",,1867429
T’ongch’ŏn-ŭp,"Korea, Democratic People's Republic of",,1867927
Tŏkch’ŏn,"Korea, Democratic People's Republic of",,1868144
T’aet’an-ŭp,"Korea, Democratic People's Republic of",,1868578
Sŭngho 1-tong,"Korea, Democratic People's Republic of",,1868998
Sunch’ŏn,"Korea, Democratic People's Republic of",,1869012
Sunan,"Korea, Democratic People's Republic of",,1869021
Songnim-ni,"Korea, Democratic People's Republic of",,1869446
Songhwa,"Korea, Democratic People's Republic of",,1869577
Sinwŏn-ŭp,"Korea, Democratic People's Republic of",,1870277
Sil-li,"Korea, Democratic People's Republic of",,1870413
Sinmak,"Korea, Democratic People's Republic of",,1870434
Sinch’ŏn-ŭp,"Korea, Democratic People's Republic of",,1870648
Sinanju,"Korea, Democratic People's Republic of",,1870742
Sariwŏn-si,"Korea, Democratic People's Republic of",,1870883
Samho-rodongjagu,"Korea, Democratic People's Republic of",,1871484
Samch’ŏn,"Korea, Democratic People's Republic of",,1871537
Pyongyang,"Korea, Democratic People's Republic of",,1871859
P’yŏngsŏng,"Korea, Democratic People's Republic of",,1871871
Pongch’ŏn-ŭp,"Korea, Democratic People's Republic of",,1871932
Paech’ŏn-ŭp,"Korea, Democratic People's Republic of",,1873014
Ongjin,"Korea, Democratic People's Republic of",,1873172
Namp’o,"Korea, Democratic People's Republic of",,1873757
Man’gyŏngdae-ri,"Korea, Democratic People's Republic of",,1874533
Kwail-ŭp,"Korea, Democratic People's Republic of",,1875060
Kusŏng,"Korea, Democratic People's Republic of",,1875107
Kujang-ŭp,"Korea, Democratic People's Republic of",,1875506
Kowŏn-ŭp,"Korea, Democratic People's Republic of",,1875588
Kosan,"Korea, Democratic People's Republic of",,1875632
Kangnyŏng,"Korea, Democratic People's Republic of",,1876124
Kangdong-ŭp,"Korea, Democratic People's Republic of",,1876153
Kaesŏng,"Korea, Democratic People's Republic of",,1876373
Kaech’ŏn,"Korea, Democratic People's Republic of",,1876401
Hwangju-ŭp,"Korea, Democratic People's Republic of",,1876873
Hŭngnam,"Korea, Democratic People's Republic of",,1877030
Hŭkkyo-ri,"Korea, Democratic People's Republic of",,1877046
Hoeyang,"Korea, Democratic People's Republic of",,1877148
Hamhŭng,"Korea, Democratic People's Republic of",,1877449
Haeju,"Korea, Democratic People's Republic of",,1877615
Chunghwa,"Korea, Democratic People's Republic of",,1877872
Chŏngju,"Korea, Democratic People's Republic of",,1878389
Ch’ŏngdan-ŭp,"Korea, Democratic People's Republic of",,1878458
Changyŏn,"Korea, Democratic People's Republic of",,1879029
Chaeryŏng-ŭp,"Korea, Democratic People's Republic of",,1879487
Chaeryŏng-ni,"Korea, Democratic People's Republic of",,1879490
Ayang-ni,"Korea, Democratic People's Republic of",,1879544
Anju,"Korea, Democratic People's Republic of",,1879613
Anbyŏn-ŭp,"Korea, Democratic People's Republic of",,1879672
Anak,"Korea, Democratic People's Republic of",,1879682
Ch’ŏsal-li,"Korea, Democratic People's Republic of",,1889792
Paek'ak,"Korea, Democratic People's Republic of",,1950953
Yuktae-dong,"Korea, Democratic People's Republic of",,2038854
Yŏnsa-ŭp,"Korea, Democratic People's Republic of",,2038902
Ŭndŏk,"Korea, Democratic People's Republic of",,2039589
Uiju,"Korea, Democratic People's Republic of",,2039623
Songwŏn,"Korea, Democratic People's Republic of",,2040480
Sŏnbong,"Korea, Democratic People's Republic of",,2040674
Sinŭiju,"Korea, Democratic People's Republic of",,2040893
Sijung,"Korea, Democratic People's Republic of",,2041137
Sakchu-ŭp,"Korea, Democratic People's Republic of",,2041533
Puryŏng,"Korea, Democratic People's Republic of",,2041702
Yŏnggwang-ŭp,"Korea, Democratic People's Republic of",,2042249
Ŏrang,"Korea, Democratic People's Republic of",,2042255
Onsŏng,"Korea, Democratic People's Republic of",,2042267
Ranam,"Korea, Democratic People's Republic of",,2042498
Namyang,"Korea, Democratic People's Republic of",,2042503
Rajin,"Korea, Democratic People's Republic of",,2042645
Songwŏn-ŭp,"Korea, Democratic People's Republic of",,2042704
Hwasŏng,"Korea, Democratic People's Republic of",,2042709
Myŏngch’ŏn,"Korea, Democratic People's Republic of",,2042718
Musan-ŭp,"Korea, Democratic People's Republic of",,2042738
Manp’o,"Korea, Democratic People's Republic of",,2042893
Kyŏngsŏng,"Korea, Democratic People's Republic of",,2042987
Kop’ung,"Korea, Democratic People's Republic of",,2043335
Kilju,"Korea, Democratic People's Republic of",,2043484
Kapsan-ŭp,"Korea, Democratic People's Republic of",,2043531
Kanggye,"Korea, Democratic People's Republic of",,2043572
Iwŏn-ŭp,"Korea, Democratic People's Republic of",,2043677
Hyesan-dong,"Korea, Democratic People's Republic of",,2043835
Hyesan,"Korea, Democratic People's Republic of",,2043837
Hwadae,"Korea, Democratic People's Republic of",,2043962
Hongwŏn,"Korea, Democratic People's Republic of",,2044050
Hoeryŏng,"Korea, Democratic People's Republic of",,2044091
Chunggang,"Korea, Democratic People's Republic of",,2044489
Chongjin,"Korea, Democratic People's Republic of",,2044757
Changam-ch’on,"Korea, Democratic People's Republic of",,2045220
Aoji,"Korea, Democratic People's Republic of",,2045311
Myŏnggan-dong,"Korea, Democratic People's Republic of",,2055401
Yŏch’im-dong,"Korea, Democratic People's Republic of",,2055638
Heunghae,"Korea, Republic of",,1832015
Yeonil,"Korea, Republic of",,1832215
Neietsu,"Korea, Republic of",,1832257
Yeongju,"Korea, Republic of",,1832384
Yeonggwang,"Korea, Republic of",,1832501
Yeongdong,"Korea, Republic of",,1832566
Eisen,"Korea, Republic of",,1832617
Yeoju,"Korea, Republic of",,1832743
Yesan,"Korea, Republic of",,1832771
Yangsan,"Korea, Republic of",,1832828
Yangp'yŏng,"Korea, Republic of",,1832830
Yangju,"Korea, Republic of",,1832847
Yanggu,"Korea, Republic of",,1832909
Wŏnju,"Korea, Republic of",,1833105
Wanju,"Korea, Republic of",,1833466
Waegwan,"Korea, Republic of",,1833514
Ulsan,"Korea, Republic of",,1833747
Uijeongbu-si,"Korea, Republic of",,1833788
Tangjin,"Korea, Republic of",,1834885
Taesal-li,"Korea, Republic of",,1835096
Daejeon,"Korea, Republic of",,1835235
Daegu,"Korea, Republic of",,1835329
Boryeong,"Korea, Republic of",,1835447
T’aebaek,"Korea, Republic of",,1835515
Suwon,"Korea, Republic of",,1835553
Suncheon,"Korea, Republic of",,1835648
Seoul,"Korea, Republic of",,1835848
Seosan,"Korea, Republic of",,1835895
Jenzan,"Korea, Republic of",,1835967
Seonghwan,"Korea, Republic of",,1836208
Sokcho,"Korea, Republic of",,1836553
Sangju,"Korea, Republic of",,1837706
Santyoku,"Korea, Republic of",,1838069
Pyeongtaek,"Korea, Republic of",,1838343
Buyeo,"Korea, Republic of",,1838508
Busan,"Korea, Republic of",,1838524
Bucheon-si,"Korea, Republic of",,1838716
Puan,"Korea, Republic of",,1838722
Beolgyo,"Korea, Republic of",,1839011
Pohang,"Korea, Republic of",,1839071
Osan,"Korea, Republic of",,1839652
Asan,"Korea, Republic of",,1839726
Okcheon,"Korea, Republic of",,1839873
Kosong,"Korea, Republic of",,1840179
Nonsan,"Korea, Republic of",,1840211
Nangen,"Korea, Republic of",,1840379
Namsa,"Korea, Republic of",,1840413
Naju,"Korea, Republic of",,1840536
Munsan,"Korea, Republic of",,1840862
Mungyeong,"Korea, Republic of",,1840886
Muan,"Korea, Republic of",,1840982
Mokpo,"Korea, Republic of",,1841066
Miryang,"Korea, Republic of",,1841149
Masan,"Korea, Republic of",,1841246
Gyeongsan-si,"Korea, Republic of",,1841598
Gyeongju,"Korea, Republic of",,1841603
Kwangyang,"Korea, Republic of",,1841775
Gwangju,"Korea, Republic of",,1841810
Gwangju,"Korea, Republic of",,1841811
Kurye,"Korea, Republic of",,1841976
Guri-si,"Korea, Republic of",,1841988
Kunwi,"Korea, Republic of",,1842016
Gunsan,"Korea, Republic of",,1842025
Gunpo,"Korea, Republic of",,1842030
Kinzan,"Korea, Republic of",,1842153
Gumi,"Korea, Republic of",,1842225
Goyang-si,"Korea, Republic of",,1842485
Goseong,"Korea, Republic of",,1842518
Gongju,"Korea, Republic of",,1842616
Kyosai,"Korea, Republic of",,1842754
Koesan,"Korea, Republic of",,1842800
Koch'ang,"Korea, Republic of",,1842859
Kimje,"Korea, Republic of",,1842939
Kimhae,"Korea, Republic of",,1842943
Gimcheon,"Korea, Republic of",,1842944
Gijang,"Korea, Republic of",,1842966
Gapyeong,"Korea, Republic of",,1843082
Gangneung,"Korea, Republic of",,1843137
Ganghwa-gun,"Korea, Republic of",,1843163
Iksan,"Korea, Republic of",,1843491
Incheon,"Korea, Republic of",,1843564
Imsil,"Korea, Republic of",,1843585
Icheon-si,"Korea, Republic of",,1843702
Hwasun,"Korea, Republic of",,1843841
Hwaseong-si,"Korea, Republic of",,1843847
Hwacheon,"Korea, Republic of",,1844045
Hongseong,"Korea, Republic of",,1844174
Hongch’ŏn,"Korea, Republic of",,1844191
Hayang,"Korea, Republic of",,1844308
Haenam,"Korea, Republic of",,1844751
Chungju,"Korea, Republic of",,1845033
Chuncheon,"Korea, Republic of",,1845136
Jumunjin,"Korea, Republic of",,1845142
Jeonju,"Korea, Republic of",,1845457
Cheongsong gun,"Korea, Republic of",,1845519
Cheongju-si,"Korea, Republic of",,1845604
Cheonan,"Korea, Republic of",,1845759
Chinju,"Korea, Republic of",,1846052
Chinch'ŏn,"Korea, Republic of",,1846095
Jinan-gun,"Korea, Republic of",,1846114
Jeju City,"Korea, Republic of",,1846266
Changwon,"Korea, Republic of",,1846326
Changsu,"Korea, Republic of",,1846355
Anyang-si,"Korea, Republic of",,1846898
Anseong,"Korea, Republic of",,1846912
Ansan-si,"Korea, Republic of",,1846918
Andong,"Korea, Republic of",,1846986
Gaigeturi,"Korea, Republic of",,1847050
Sinhyeon,"Korea, Republic of",,1882056
Yeosu,"Korea, Republic of",,1884138
Yŏnmu,"Korea, Republic of",,1886598
Donghae City,"Korea, Republic of",,1892823
Pubal,"Korea, Republic of",,1896953
Seongnam-si,"Korea, Republic of",,1897000
Hanam,"Korea, Republic of",,1897007
Hwado,"Korea, Republic of",,1897118
Namyangju,"Korea, Republic of",,1897122
Ungsang,"Korea, Republic of",,1912205
Wabu,"Korea, Republic of",,1912209
Naesŏ,"Korea, Republic of",,1925936
Hwawŏn,"Korea, Republic of",,1925943
Gwangmyeong,"Korea, Republic of",,1948005
Sinan,"Korea, Republic of",,6395804
Uiwang,"Korea, Republic of",,6573901
Seogwipo,"Korea, Republic of",,6621166
Changnyeong,"Korea, Republic of",,6903078
Sejong,"Korea, Republic of",,11523293
Jeongeup,"Korea, Republic of",,11695689
Yeongam,"Korea, Republic of",,11762608
Janūb as Surrah,Kuwait,,285603
Ḩawallī,Kuwait,,285629
Bayān,Kuwait,,285663
As Sālimīyah,Kuwait,,285704
Ar Rumaythīyah,Kuwait,,285726
Ar Riqqah,Kuwait,,285728
Al Manqaf,Kuwait,,285778
Al Mahbūlah,Kuwait,,285782
Kuwait City,Kuwait,,285787
Al Jahrā’,Kuwait,,285799
Al Faḩāḩīl,Kuwait,,285811
Al Finţās,Kuwait,,285812
Al Farwānīyah,Kuwait,,285815
Al Aḩmadī,Kuwait,,285839
Ad Dasmah,Kuwait,,285856
Salwá,Kuwait,,387958
Ar Rābiyah,Kuwait,,388065
Şabāḩ as Sālim,Kuwait,,412800
West Bay,Cayman Islands,,3580477
George Town,Cayman Islands,,3580661
Zhanaozen,Kazakhstan,,607610
Shalqar,Kazakhstan,,608359
Shalkar,Kazakhstan,,608362
Oral,Kazakhstan,,608668
Kandyagash,Kazakhstan,,608679
Qulsary,Kazakhstan,,609123
Khromtau,Kazakhstan,,609404
Karagandy,Kazakhstan,,609655
Embi,Kazakhstan,,609924
Balykshi,Kazakhstan,,610445
Atyrau,Kazakhstan,,610529
Aktobe,Kazakhstan,,610611
Shevchenko,Kazakhstan,,610612
Aqsay,Kazakhstan,,610613
Altay,Kazakhstan,,1516438
Zhosaly,Kazakhstan,,1516519
Zhezqazghan,Kazakhstan,,1516589
Zhitikara,Kazakhstan,,1516601
Zhangatas,Kazakhstan,,1516788
Novokazalinsk,Kazakhstan,,1516789
Taraz,Kazakhstan,,1516905
Zaysan,Kazakhstan,,1517060
Zhangaqorghan,Kazakhstan,,1517323
Turar Ryskulov,Kazakhstan,,1517501
Ushtobe,Kazakhstan,,1517637
Turkestan,Kazakhstan,,1517945
Temirtau,Kazakhstan,,1518262
Tekeli,Kazakhstan,,1518296
Tasbuget,Kazakhstan,,1518431
Talghar,Kazakhstan,,1518518
Taldykorgan,Kazakhstan,,1518542
Shymkent,Kazakhstan,,1518980
Shu,Kazakhstan,,1519030
Shemonaikha,Kazakhstan,,1519226
Shchuchinsk,Kazakhstan,,1519244
Shakhtinsk,Kazakhstan,,1519327
Semey,Kazakhstan,,1519422
Saryaghash,Kazakhstan,,1519673
Sarqant,Kazakhstan,,1519691
Saran,Kazakhstan,,1519725
Rudnyy,Kazakhstan,,1519843
Kyzylorda,Kazakhstan,,1519922
Kostanay,Kazakhstan,,1519928
Karatau,Kazakhstan,,1519938
Konayev,Kazakhstan,,1519948
Petropavl,Kazakhstan,,1520172
Pavlodar,Kazakhstan,,1520240
Zharkent,Kazakhstan,,1520253
Ust-Kamenogorsk,Kazakhstan,,1520316
Sarykemer,Kazakhstan,,1520947
Merke,Kazakhstan,,1520969
Makinsk,Kazakhstan,,1521230
Lisakovsk,Kazakhstan,,1521315
Baikonur,Kazakhstan,,1521368
Ridder,Kazakhstan,,1521370
Lenger,Kazakhstan,,1521379
Kokshetau,Kazakhstan,,1522203
Kentau,Kazakhstan,,1522751
Esik,Kazakhstan,,1523741
Kalbatau,Kazakhstan,,1524245
Aksu,Kazakhstan,,1524298
Otegen Batyra,Kazakhstan,,1524308
Ekibastuz,Kazakhstan,,1524325
Zhetysay,Kazakhstan,,1524385
Shiyeli,Kazakhstan,,1524801
Shardara,Kazakhstan,,1524889
Burunday,Kazakhstan,,1524958
Aksu,Kazakhstan,,1525462
Balqash,Kazakhstan,,1525798
Ayagoz,Kazakhstan,,1525988
Atbasar,Kazakhstan,,1526038
Arys,Kazakhstan,,1526168
Arkalyk,Kazakhstan,,1526193
Aral,Kazakhstan,,1526265
Astana,Kazakhstan,,1526273
Almaty,Kazakhstan,,1526384
Akkol’,Kazakhstan,,1526797
Abay,Kazakhstan,,1526970
Stepnogorsk,Kazakhstan,,1537939
Vientiane,Lao People's Democratic Republic,,1651944
Xam Nua,Lao People's Democratic Republic,,1652203
Savannakhet,Lao People's Democratic Republic,,1653316
Pakse,Lao People's Democratic Republic,,1654379
Muang Xay,Lao People's Democratic Republic,,1655078
Vang Vieng,Lao People's Democratic Republic,,1655087
Muang Phônsavan,Lao People's Democratic Republic,,1655123
Pakxan,Lao People's Democratic Republic,,1655140
Thakhèk,Lao People's Democratic Republic,,1655199
Luang Prabang,Lao People's Democratic Republic,,1655559
Ban Houakhoua,Lao People's Democratic Republic,,1904391
Sekong,Lao People's Democratic Republic,,9948272
Zahlé,Lebanon,,266045
Tripoli,Lebanon,,266826
Tyre,Lebanon,,267008
Sidon,Lebanon,,268064
Ra’s Bayrūt,Lebanon,,268743
Jounieh,Lebanon,,273140
Byblos,Lebanon,,273203
Habboûch,Lebanon,,274874
Bsharri,Lebanon,,276359
Beirut,Lebanon,,276781
Baalbek,Lebanon,,277130
En Nâqoûra,Lebanon,,278832
Nabatîyé et Tahta,Lebanon,,278913
Ghazieh,Lebanon,,280155
Aley,Lebanon,,280425
Gros Islet,Saint Lucia,,3576686
Castries,Saint Lucia,,3576812
Vaduz,Liechtenstein,,3042030
Welisara,Sri Lanka,,1223648
Weligama,Sri Lanka,,1223738
Wattala,Sri Lanka,,1224085
Vavuniya,Sri Lanka,,1225018
Valvedditturai,Sri Lanka,,1225142
Vakarai,Sri Lanka,,1225187
Trincomalee,Sri Lanka,,1226260
Ratnapura,Sri Lanka,,1228730
Puttalam,Sri Lanka,,1229293
Point Pedro,Sri Lanka,,1229989
Pita Kotte,Sri Lanka,,1230089
Peliyagoda,Sri Lanka,,1230613
Panadura,Sri Lanka,,1231410
Nuwara Eliya,Sri Lanka,,1232783
Negombo,Sri Lanka,,1233369
Mulleriyawa,Sri Lanka,,1234378
Dehiwala-Mount Lavinia,Sri Lanka,,1234569
Moratuwa,Sri Lanka,,1234633
Matara,Sri Lanka,,1235846
Matale,Sri Lanka,,1235855
Maharagama,Sri Lanka,,1236854
Kurunegala,Sri Lanka,,1237980
Sri Jayewardenepura Kotte,Sri Lanka,,1238992
Kotikawatta,Sri Lanka,,1239047
Kolonnawa,Sri Lanka,,1239593
Kelaniya,Sri Lanka,,1240622
Kegalle,Sri Lanka,,1240723
Katunayaka,Sri Lanka,,1240935
Kataragama,Sri Lanka,,1241076
Kandy,Sri Lanka,,1241622
Kandana,Sri Lanka,,1241750
Kalutara,Sri Lanka,,1241964
Kalmunai,Sri Lanka,,1242110
Jaffna,Sri Lanka,,1242833
Ja Ela,Sri Lanka,,1242835
Homagama,Sri Lanka,,1243936
Hendala,Sri Lanka,,1244397
Hatton,Sri Lanka,,1244596
Hanwella Ihala,Sri Lanka,,1244773
Gampola,Sri Lanka,,1246000
Galle,Sri Lanka,,1246294
Eravur Town,Sri Lanka,,1246924
Devinuwara,Sri Lanka,,1248158
Dambulla,Sri Lanka,,1248749
Colombo,Sri Lanka,,1248991
Chilaw,Sri Lanka,,1249145
Beruwala,Sri Lanka,,1249931
Bentota,Sri Lanka,,1249978
Batticaloa,Sri Lanka,,1250161
Battaramulla South,Sri Lanka,,1250164
Badulla,Sri Lanka,,1250615
Anuradhapura,Sri Lanka,,1251081
Ampara,Sri Lanka,,1251459
Ambalangoda,Sri Lanka,,1251574
Zwedru,Liberia,,2272491
New Yekepa,Liberia,,2272790
Voinjama,Liberia,,2273312
Tubmanburg,Liberia,,2273435
Sanniquellie,Liberia,,2274129
Saclepea,Liberia,,2274222
Pleebo City,Liberia,,2274372
Monrovia,Liberia,,2274895
Kakata,Liberia,,2276086
Harper,Liberia,,2276492
Harbel,Liberia,,2276506
Greenville,Liberia,,2276600
Gbarnga,Liberia,,2277060
Ganta,Liberia,,2277241
Foya Kamara,Liberia,,2277301
Buchanan,Liberia,,2278158
Teyateyaneng,Lesotho,,932035
Quthing,Lesotho,,932183
Qacha’s Nek,Lesotho,,932218
Mohale's Hoek,Lesotho,,932438
Maseru,Lesotho,,932505
Maputsoe,Lesotho,,932521
Mafeteng,Lesotho,,932614
Hlotse,Lesotho,,932698
Butha-Buthe,Lesotho,,932886
Thaba-Tseka,Lesotho,,1106835
Visaginas,Lithuania,,593063
Vilnius,Lithuania,,593116
Utena,Lithuania,,593672
Ukmerge,Lithuania,,593733
Telsiai,Lithuania,,593926
Taurage,Lithuania,,593959
Šiauliai,Lithuania,,594739
Radviliskis,Lithuania,,595449
Plunge,Lithuania,,595689
Panevėžys,Lithuania,,596128
Palanga,Lithuania,,596238
Fabijoniškės,Lithuania,,596479
Naujoji Vilnia,Lithuania,,596713
Mazeikiai,Lithuania,,597188
Marijampolė,Lithuania,,597231
Kretinga,Lithuania,,597989
Klaipėda,Lithuania,,598098
Kėdainiai,Lithuania,,598272
Kaunas,Lithuania,,598316
Jonava,Lithuania,,598818
Gargždai,Lithuania,,599506
Antakalnis,Lithuania,,601041
Alytus,Lithuania,,601084
Aleksotas,Lithuania,,601138
Dainava (Kaunas),Lithuania,,6618486
Naujininkai,Lithuania,,6955408
Karoliniškės,Lithuania,,8714608
Šilainiai,Lithuania,,9610004
Eiguliai,Lithuania,,9610008
Pašilaičiai,Lithuania,,10062599
Pilaitė,Lithuania,,10062600
Justiniškės,Lithuania,,10062601
Šeškinė,Lithuania,,10062602
Lazdynai,Lithuania,,10062605
Vilkpėdė,Lithuania,,10062606
Naujamiestis,Lithuania,,10062607
Luxembourg,Luxembourg,Luxembourg,2960316
Esch-sur-Alzette,Luxembourg,,2960596
Dudelange,Luxembourg,,2960634
Valmiera,Latvia,,453754
Ventspils,Latvia,,454310
Tukums,Latvia,,454768
Salaspils,Latvia,,455898
Riga,Latvia,,456172
Rēzekne,Latvia,,456202
Ogre,Latvia,,457065
Liepāja,Latvia,,457954
Jūrmala,Latvia,,459201
Jelgava,Latvia,,459279
Jēkabpils,Latvia,,459283
Daugavpils,Latvia,,460413
Dārzciems,Latvia,,460433
Mārupe,Latvia,,864723
Tobruk,Libya,,81302
Qaryat Sulūq,Libya,,81604
Darnah,Libya,,87205
Benghazi,Libya,,88319
Az Zuwaytīnah,Libya,,88380
At Tāj,Libya,,88562
Al Qubbah,Libya,,88835
Al Marj,Libya,,88903
Al Jawf,Libya,,88962
Al Bayḑā’,Libya,,89055
Al Abyār,Libya,,89087
Ajdabiya,Libya,,89113
Zuwarah,Libya,,2208425
Zliten,Libya,,2208485
Yafran,Libya,,2208791
Tarhuna,Libya,,2210221
Tripoli,Libya,,2210247
Tājūrā’,Libya,,2210394
Sirte,Libya,,2210554
Şurmān,Libya,,2210560
Şabrātah,Libya,,2212771
Sabha,Libya,,2212775
Sīdī Bin Zīnah,Libya,,2212882
Qaşr Khiyār,Libya,,2213570
Qaşr Bin Ghashīr,Libya,,2213618
Qaşr al Qarabūllī,Libya,,2213695
Nālūt,Libya,,2214433
Murzuk,Libya,,2214603
Mizdah,Libya,,2214827
Misratah,Libya,,2214846
Al Burayqah,Libya,,2215210
Janzūr,Libya,,2216349
Hūn,Libya,,2216645
Zawiya,Libya,,2216885
Gharyan,Libya,,2217362
Brak,Libya,,2218478
Bin Jawwād,Libya,,2218562
Bani Walid,Libya,,2218840
Zintan,Libya,,2218963
Az Zāwīyah,Libya,,2218970
Az Zahrā’,Libya,,2218983
Ubari,Libya,,2219235
As Sawānī,Libya,,2219356
Ar Rayāyinah,Libya,,2219471
An Nāşirīyah,Libya,,2219591
Al Ajaylat,Libya,,2219701
Al Qawāsim,Libya,,2219736
Al Khums,Libya,,2219905
Al Jumayl,Libya,,2219936
Al Jadīd,Libya,,2219960
Al Ḩurshah,Libya,,2219994
Al Ghurayfah,Libya,,2220061
Al ‘Azīzīyah,Libya,,2220139
Al Aşābi‘ah,Libya,,2220153
Shahhat,Libya,,7602388
Al-'Alūaṣ,Libya,,12687304
Qarqūzah,Libya,,12687305
Wādī 'Utbah,Libya,,12687308
Msalātah,Libya,,12687313
Smara,Morocco,,2461874
Setti Fatma,Morocco,,2526239
Zawyat ech Cheïkh,Morocco,,2526359
Zaïo,Morocco,,2526435
Zagora,Morocco,,2526452
Youssoufia,Morocco,,2526488
Tiznit,Morocco,,2527089
Tit Mellil,Morocco,,2527271
Tirhanimîne,Morocco,,2527645
Tinghir,Morocco,,2527915
Tiflet,Morocco,,2528659
Tétouan,Morocco,,2528910
Temara,Morocco,,2529013
Taza,Morocco,,2529317
Tata,Morocco,,2529362
Taroudant,Morocco,,2529649
Taourirt,Morocco,,2530048
Taounate,Morocco,,2530155
Tan-Tan,Morocco,,2530241
Tangier,Morocco,,2530335
Tamallalt,Morocco,,2530704
Tahla,Morocco,,2531480
Tabount,Morocco,,2532171
Souq Larb’a al Gharb,Morocco,,2532394
Souq Sebt Oulad Nemma,Morocco,,2532412
Souk et Tnine Jorf el Mellah,Morocco,,2532421
Sidi Yahia El Gharb,Morocco,,2532822
Sidi Slimane,Morocco,,2532945
Sidi Rahal,Morocco,,2533182
Sidi Kacem,Morocco,,2533191
Sidi Ifni,Morocco,,2534515
Bouknadel,Morocco,,2535530
Sidi Bennour,Morocco,,2536074
Sidi Allal El Bahraoui,Morocco,,2536392
Gueznaia,Morocco,,2537368
Settat,Morocco,,2537406
Selouane,Morocco,,2537469
Zeghanghane,Morocco,,2537538
Sefrou,Morocco,,2537545
Sebt Gzoula,Morocco,,2537610
Salé,Morocco,,2537763
Safi,Morocco,,2537881
Reçani,Morocco,,2538027
Rich,Morocco,,2538059
Ras el Ma,Morocco,,2538401
Rabat,Morocco,,2538475
Outat Oulad Al Haj,Morocco,,2538573
Oulmes,Morocco,,2538898
Oulad Teïma,Morocco,,2539134
Oulad Tayeb,Morocco,,2539139
Oulad Barhil,Morocco,,2540180
Oulad Ayad,Morocco,,2540207
Oujda,Morocco,,2540483
Oued Zem,Morocco,,2540689
Ouezzane,Morocco,,2540810
Ouarzazate,Morocco,,2540850
Zawyat an Nwaçer,Morocco,,2541210
Nador,Morocco,,2541479
Al Aaroui,Morocco,,2542013
Mohammedia,Morocco,,2542051
Missour,Morocco,,2542147
Midelt,Morocco,,2542227
Midar,Morocco,,2542230
Meknes,Morocco,,2542715
Mehdya,Morocco,,2542768
Mediouna,Morocco,,2542826
Mechraa Bel Ksiri,Morocco,,2542866
Mdiq,Morocco,,2542898
Martil,Morocco,,2542987
Marrakesh,Morocco,,2542997
Larache,Morocco,,2543549
Lalla Mimouna,Morocco,,2543667
Ksar El Kebir,Morocco,,2544001
Khouribga,Morocco,,2544248
Khenifra,Morocco,,2544333
Kenitra,Morocco,,2544571
Kasba Tadla,Morocco,,2544720
Karia Ba Mohamed,Morocco,,2544821
Jerada,Morocco,,2545017
Mrirt,Morocco,,2545069
Inezgane,Morocco,,2545957
Imouzzer Kandar,Morocco,,2546028
Imi-n-Tanout,Morocco,,2546128
Ifrane,Morocco,,2546917
Guercif,Morocco,,2548489
Guelmim,Morocco,,2548526
Goulmima,Morocco,,2548623
Fnidek,Morocco,,2548818
Al Fqih Ben Çalah,Morocco,,2548830
New Fes,Morocco,,2548878
Fès al Bali,Morocco,,2548880
Fes,Morocco,,2548885
Essaouira,Morocco,,2549263
Arfoud,Morocco,,2549356
El Ksiba,Morocco,,2549750
El Kelaa des Srarhna,Morocco,,2549979
Kelaat Mgouna,Morocco,,2549981
El Jadida,Morocco,,2550078
El Harhoura,Morocco,,2550162
El Hajeb,Morocco,,2550252
El Gara,Morocco,,2550419
Al Brouj,Morocco,,2550547
El Aïoun,Morocco,,2550806
Imzouren,Morocco,,2550898
Driouch,Morocco,,2550985
Douar Toulal,Morocco,,2551147
Ad Darwa,Morocco,,2552292
Demnate,Morocco,,2552317
Dar Bouazza,Morocco,,2552615
Chichaoua,Morocco,,2553303
Echemmaia Est,Morocco,,2553382
Chefchaouen,Morocco,,2553455
Casablanca,Morocco,,2553604
Bouznika,Morocco,,2553751
Bouskoura,Morocco,,2554006
Boumia,Morocco,,2554281
Bou Izakarn,Morocco,,2554594
Bouarfa,Morocco,,2555157
Bir Jdid,Morocco,,2555342
Berkane,Morocco,,2555467
Ben Taieb,Morocco,,2555504
Benslimane,Morocco,,2555519
Ben Jerrar,Morocco,,2555567
Beni Mellal,Morocco,,2555745
Beni Enzar,Morocco,,2555882
Ben Guerir,Morocco,,2556018
Ben Ahmed,Morocco,,2556076
Berrechid,Morocco,,2556272
Azrou,Morocco,,2556464
Azilal,Morocco,,2556570
Azemmour,Morocco,,2556657
Assa,Morocco,,2556996
Asilah,Morocco,,2557055
Aourir,Morocco,,2557500
Aoulouz,Morocco,,2557533
Amizmiz,Morocco,,2558052
El Mansouria,Morocco,,2558428
Beni Yakhlef,Morocco,,2558436
Khemisset,Morocco,,2558470
Al Hoceïma,Morocco,,2558545
Ait Yazza,Morocco,,2558844
Ait Ourir,Morocco,,2559217
Aïn Taoujdat,Morocco,,2560774
Aïn Harrouda,Morocco,,2560841
Aïn Beni Mathar,Morocco,,2560922
Ain El Aouda,Morocco,,2560939
Ahfir,Morocco,,2561124
Aguelmous,Morocco,,2561290
Agouraï,Morocco,,2561358
Agadir,Morocco,,2561668
Skhirate,Morocco,,2562055
Ribat Al Khayr,Morocco,,2596460
Boujniba,Morocco,,6546693
Errachidia,Morocco,,7280528
Tamesna,Morocco,,8299790
Tamansourt,Morocco,,8504943
Dakhla,Morocco,,8542188
Dchira El Jihadia,Morocco,,10374906
Ait Melloul,Morocco,,10374934
Tine Biougra,Morocco,,10374981
Lqoliaa,Morocco,,10375044
Oadar Temsia,Morocco,,10375138
My Drarga,Morocco,,10375207
Sidi Taibi,Morocco,,10797349
Salé Al Jadida,Morocco,,10920963
Bni Bouayach,Morocco,,10958491
Sabaa Aiyoun,Morocco,,11025266
Bejaâd,Morocco,,12718663
Moulay Ali Cherif,Morocco,,12718664
Ouislane,Morocco,,12718669
Had Soualem,Morocco,,12718675
Lahraouyine,Morocco,,12718676
Méchouar-Kasba,Morocco,,12718680
Laâttaouia,Morocco,,12718681
Sidi Slimane Echcharaa,Morocco,,12718684
Mers El Kheir,Morocco,,12718686
Aïn Attig,Morocco,,12718687
Souk El Arbaa,Morocco,,12718688
Monte-Carlo,Monaco,,2992741
Monaco,Monaco,,2993458
Edineţ,"Moldova, Republic of",,617076
Ungheni,"Moldova, Republic of",,617180
Tiraspol,"Moldova, Republic of",,617239
Strășeni,"Moldova, Republic of",,617302
Bilicenii Vechi,"Moldova, Republic of",,617345
Soroca,"Moldova, Republic of",,617367
Slobozia,"Moldova, Republic of",,617381
Rîbniţa,"Moldova, Republic of",,617486
Orhei,"Moldova, Republic of",,617638
Hînceşti,"Moldova, Republic of",,617993
Codru,"Moldova, Republic of",,618054
Căuşeni,"Moldova, Republic of",,618120
Floreşti,"Moldova, Republic of",,618329
Dubăsari,"Moldova, Republic of",,618365
Drochia,"Moldova, Republic of",,618370
Comrat,"Moldova, Republic of",,618405
Chisinau,"Moldova, Republic of",,618426
Ceadîr-Lunga,"Moldova, Republic of",,618450
Cahul,"Moldova, Republic of",,618456
Bender,"Moldova, Republic of",,618577
Bălţi,"Moldova, Republic of",,618605
Podgorica,Montenegro,,3193044
Pljevlja,Montenegro,,3193161
Nikšić,Montenegro,,3194494
Herceg Novi,Montenegro,,3199394
Cetinje,Montenegro,,3202641
Budva,Montenegro,,3203106
Bijelo Polje,Montenegro,,3204176
Bar,Montenegro,,3204509
Marigot,Saint Martin (French part),,3578851
Toamasina,Madagascar,,1053384
Vondrozo,Madagascar,,1053507
Vohipeno,Madagascar,,1053765
Vohipaho,Madagascar,,1053778
Vohibinany,Madagascar,,1054035
Vavatenina,Madagascar,,1054192
Vatomandry,Madagascar,,1054257
Vangaindrano,Madagascar,,1054329
Tsiroanomandidy,Madagascar,,1054463
Tsiombe,Madagascar,,1054500
Tsaratanana,Madagascar,,1055059
Toliara,Madagascar,,1055429
Tôlanaro,Madagascar,,1055433
Soavinandriana,Madagascar,,1056151
Soanindrariny,Madagascar,,1056381
Soanierana Ivongo,Madagascar,,1056386
Soalala,Madagascar,,1056487
Sitampiky,Madagascar,,1056531
Sambava,Madagascar,,1056899
Sakaraha,Madagascar,,1057095
Sahavato,Madagascar,,1057277
Sadabe,Madagascar,,1057688
Boriziny,Madagascar,,1057996
Nosy Varika,Madagascar,,1058080
Morondava,Madagascar,,1058381
Morombe,Madagascar,,1058390
Moramanga,Madagascar,,1058532
Miandrivazo,Madagascar,,1059051
Miandrarivo,Madagascar,,1059059
Marovoay,Madagascar,,1059507
Marolambo,Madagascar,,1060007
Maroantsetra,Madagascar,,1060283
Manjakandriana,Madagascar,,1060673
Mananjary,Madagascar,,1061335
Mananara,Madagascar,,1061412
Manakara,Madagascar,,1061605
Mampikony,Madagascar,,1061700
Maintirano,Madagascar,,1061912
Mahanoro,Madagascar,,1062553
Mahajanga,Madagascar,,1062663
Maevatanana,Madagascar,,1062842
Ivato,Madagascar,,1063858
Imerintsiatosika,Madagascar,,1064121
Ikongo,Madagascar,,1064234
Ikalamavony,Madagascar,,1064258
Ihosy,Madagascar,,1064275
Iharan̈a,Madagascar,,1064311
Ifanadiana,Madagascar,,1064366
Fianarantsoa,Madagascar,,1064890
Fenoarivo Be,Madagascar,,1064978
Fenoarivo Atsinanana,Madagascar,,1064980
Faratsiho,Madagascar,,1065140
Farafangana,Madagascar,,1065158
Fandriana,Madagascar,,1065222
Betroka,Madagascar,,1066248
Betioky,Madagascar,,1066310
Betafo,Madagascar,,1066514
Beroroha,Madagascar,,1066831
Belo sur Tsiribihina,Madagascar,,1067531
Beloha,Madagascar,,1067565
Bekily,Madagascar,,1067982
Befandriana,Madagascar,,1068387
Bealanana,Madagascar,,1068670
Arivonimamo,Madagascar,,1068865
Antsohimbondrona,Madagascar,,1068955
Antsohihy,Madagascar,,1068971
Antsiranana,Madagascar,,1069129
Antsirabe,Madagascar,,1069166
Antsalova,Madagascar,,1069579
Antanifotsy,Madagascar,,1070661
Antananarivo,Madagascar,,1070940
Antalaha,Madagascar,,1071296
Ankazondandy,Madagascar,,1072711
Ankazobe,Madagascar,,1072849
Ankazoabo,Madagascar,,1072879
Anjozorobe,Madagascar,,1073482
Hell-Ville,Madagascar,,1076105
Andilamena,Madagascar,,1076194
Andapa,Madagascar,,1076454
Ampasimanolotra,Madagascar,,1078171
Amparafaravola,Madagascar,,1078446
Ampanihy,Madagascar,,1078553
Ampahana,Madagascar,,1078966
Ambovombe,Madagascar,,1079048
Ambositra,Madagascar,,1079088
Ambohitrolomahitsy,Madagascar,,1079777
Ambohidratrimo,Madagascar,,1080522
Ambodifotatra,Madagascar,,1081530
Amboasary,Madagascar,,1081790
Amboanjo,Madagascar,,1081863
Ambilobe,Madagascar,,1082243
Ambatondrazaka,Madagascar,,1082639
Ambatolampy,Madagascar,,1082992
Ambatofinandrahana,Madagascar,,1083239
Ambato Boeny,Madagascar,,1083257
Ambarakaraka,Madagascar,,1083676
Ambanja,Madagascar,,1083724
Ambalavao,Madagascar,,1083968
Alarobia,Madagascar,,1084740
Majuro,Marshall Islands,,2113779
RMI Capitol,Marshall Islands,,7874852
Zelino,North Macedonia,,783926
Vinica,North Macedonia,,784424
Veles,North Macedonia,,785058
Tetovo,North Macedonia,,785082
Tearce,North Macedonia,,785113
Studeničani,North Macedonia,,785345
Strumica,North Macedonia,,785380
Struga,North Macedonia,,785387
Shtip,North Macedonia,,785482
Skopje,North Macedonia,,785842
Saraj,North Macedonia,,786093
Resen,North Macedonia,,786341
Radovis,North Macedonia,,786565
Prilep,North Macedonia,,786735
Ohrid,North Macedonia,,787487
Negotino,North Macedonia,,787715
Negotino,North Macedonia,,787716
Lipkovo,North Macedonia,,788654
Kumanovo,North Macedonia,,788886
Kriva Palanka,North Macedonia,,789045
Kochani,North Macedonia,,789403
Kičevo,North Macedonia,,789527
Kavadarci,North Macedonia,,789541
Kamenjane,North Macedonia,,789611
Gostivar,North Macedonia,,790295
Gevgelija,North Macedonia,,790744
Gjorče Petro,North Macedonia,,791149
Delcevo,North Macedonia,,791559
Debar,North Macedonia,,791606
Brvenica,North Macedonia,,792227
Bogovinje,North Macedonia,,792501
Bitola,North Macedonia,,792578
Šuto Orizare,North Macedonia,,833258
Butel,North Macedonia,,833260
Čair,North Macedonia,,833262
Ilinden,North Macedonia,,833357
Kisela Voda,North Macedonia,,863675
Centar Župa,North Macedonia,,7886881
Zégoua,Mali,,2448322
Yorosso,Mali,,2448442
Yanfolila,Mali,,2448518
Toubakoura,Mali,,2448955
Timbuktu,Mali,,2449067
Siribala Coro,Mali,,2450972
Sirakoro Méguétana,Mali,,2451029
Sikasso,Mali,,2451185
Ségou,Mali,,2451478
San,Mali,,2451778
Sagalo,Mali,,2451935
Nioro,Mali,,2452651
Niono,Mali,,2452655
Nara,Mali,,2453079
Mopti,Mali,,2453348
Markala,Mali,,2453662
Moribabougou,Mali,,2453681
Koutiala,Mali,,2454268
Kouri,Mali,,2454285
Koulikoro,Mali,,2454530
Koro,Mali,,2454674
Kolokani,Mali,,2454955
Kita,Mali,,2455216
Kidal,Mali,,2455290
Ké-Macina,Mali,,2455465
Kayes,Mali,,2455518
Kati,Mali,,2455558
Kangaba,Mali,,2455735
Kalaban Koro,Mali,,2455914
Kadiolo,Mali,,2455974
Kabala,Mali,,2456018
Goundam,Mali,,2456917
Gao,Mali,,2457163
Pèlèngana,Mali,,2457410
Fana,Mali,,2457763
Douentza,Mali,,2458334
Dougabougou,Mali,,2458359
Djenné,Mali,,2458589
Diré,Mali,,2458623
Diourou,Mali,,2458634
Dioila,Mali,,2458747
Diéma,Mali,,2458881
Bourem,Mali,,2459657
Bougouni,Mali,,2459775
Bla,Mali,,2460013
Bandiagara,Mali,,2460489
Banamba,Mali,,2460546
Bamako,Mali,,2460596
Bafoulabé,Mali,,2460755
Dialakorodji,Mali,,2594078
Massiogo,Mali,,12718650
Sangarébougou,Mali,,12718651
Ye-u,Myanmar,,1285002
Yenangyaung,Myanmar,,1285173
Ye,Myanmar,,1285606
Nyaungdon,Myanmar,,1285871
Yamethin,Myanmar,,1285899
Wakema,Myanmar,,1289828
Twante,Myanmar,,1290374
Taungoo,Myanmar,,1290596
Thongwa,Myanmar,,1291193
Thayetmyo,Myanmar,,1292037
Thaton,Myanmar,,1292288
Tharyarwady,Myanmar,,1292313
Thanatpin,Myanmar,,1292579
Dawei,Myanmar,,1293625
Taunggyi,Myanmar,,1293960
Taungdwingyi,Myanmar,,1294041
Tachilek,Myanmar,,1295301
Syriam,Myanmar,,1295395
Sittwe,Myanmar,,1295765
Shwebo,Myanmar,,1296736
Sagaing,Myanmar,,1298482
Yangon,Myanmar,,1298824
Pyu,Myanmar,,1298911
Pyinmana,Myanmar,,1298987
Pyay,Myanmar,,1299154
Pyapon,Myanmar,,1299237
Bago,Myanmar,,1300466
Paungde,Myanmar,,1300969
Pakokku,Myanmar,,1302439
Hpa-An,Myanmar,,1302849
Nyaunglebin,Myanmar,,1303406
Myitkyina,Myanmar,,1307741
Myingyan,Myanmar,,1307835
Myawadi,Myanmar,,1308052
Myanaung,Myanmar,,1308204
Mudon,Myanmar,,1308415
Mawlamyinegyunn,Myanmar,,1308464
Mawlamyine,Myanmar,,1308465
Monywa,Myanmar,,1308522
Mogok,Myanmar,,1308937
Minbu,Myanmar,,1309289
Myeik,Myanmar,,1309611
Meiktila,Myanmar,,1309793
Pyin Oo Lwin,Myanmar,,1309937
Mawlaik,Myanmar,,1310120
Maubin,Myanmar,,1310362
Martaban,Myanmar,,1310460
Mandalay,Myanmar,,1311874
Magway,Myanmar,,1312609
Loikaw,Myanmar,,1313479
Letpandan,Myanmar,,1314042
Lashio,Myanmar,,1314759
Lakang,Myanmar,,1315056
Kyaukse,Myanmar,,1316703
Kyaikto,Myanmar,,1317375
Kyaiklat,Myanmar,,1317397
Kyaikkami,Myanmar,,1317402
Kēng Tung,Myanmar,,1319364
Kayan,Myanmar,,1319533
Kawthoung,Myanmar,,1319573
Kanbe,Myanmar,,1320944
Hinthada,Myanmar,,1325211
Hakha,Myanmar,,1325443
Chauk,Myanmar,,1327659
Bogale,Myanmar,,1328121
Bhamo,Myanmar,,1328218
Pathein,Myanmar,,1328421
Myaydo,Myanmar,,1329239
Nay Pyi Taw,Myanmar,,6611854
Kyain Seikgyi Township,Myanmar,,11810635
Uliastay,Mongolia,,1515007
Ulaangom,Mongolia,,1515029
Ölgii,Mongolia,,1515436
Khovd,Mongolia,,1516048
Altai,Mongolia,,1516393
Ulan Bator,Mongolia,,2028462
Tsetserleg,Mongolia,,2028606
Sühbaatar,Mongolia,,2029156
Undurkhaan,Mongolia,,2029656
Mörön,Mongolia,,2029945
Bogd,Mongolia,,2030474
Erdenet,Mongolia,,2031405
Dzuunmod,Mongolia,,2031517
Dzüünharaa,Mongolia,,2031533
Darhan,Mongolia,,2031964
Dalandzadgad,Mongolia,,2032007
Saynshand,Mongolia,,2032081
Bulgan,Mongolia,,2032201
Bayanhongor,Mongolia,,2032533
Baruun-Urt,Mongolia,,2032614
Arvayheer,Mongolia,,2032814
Zuunmod,Mongolia,,7648817
Taipa,Macao,,1821263
Macau,Macao,,1821274
Lai Chi Van,Macao,,1821279
Luhuan,Macao,,1821292
Saipan,Northern Mariana Islands,,7828758
Saint-Joseph,Martinique,Martinique,3569915
Sainte-Marie,Martinique,Martinique,3569926
Le Robert,Martinique,Martinique,3570412
Le Lamentin,Martinique,Martinique,3570428
Le François,Martinique,Martinique,3570429
La Trinité,Martinique,Martinique,3570446
Fort-de-France,Martinique,Martinique,3570675
Ducos,Martinique,Martinique,3570785
Zouérat,Mauritania,,2375558
Timbedgha,Mauritania,,2376115
Tékane,Mauritania,,2376189
Sélibaby,Mauritania,,2376719
Rosso,Mauritania,,2376898
Nouakchott,Mauritania,,2377450
Nouadhibou,Mauritania,,2377457
Néma,Mauritania,,2377539
Magṭa‘ Laḥjar,Mauritania,,2378160
Kiffa,Mauritania,,2378538
Kaédi,Mauritania,,2378736
Boutilimit,Mauritania,,2380670
Bogué,Mauritania,,2380954
Ayoun El Atrous,Mauritania,,2381291
Atar,Mauritania,,2381334
Aleg,Mauritania,,2381659
Akjoujt,Mauritania,,2381690
Ṭinṭâne,Mauritania,,6911696
Tevragh Zeina,Mauritania,,11009418
Dar Naim,Mauritania,,11496397
Guerou,Mauritania,,12718653
Mbera,Mauritania,,12718654
Plymouth,Montserrat,,3578069
Brades,Montserrat,,7266440
Żabbar,Malta,,2562266
Valletta,Malta,,2562305
Sliema,Malta,,2562501
San Pawl il-Baħar,Malta,,2562541
Qormi,Malta,,2562629
Mosta,Malta,,2562704
Birkirkara,Malta,,2563191
Vacoas,Mauritius,,933945
Triolet,Mauritius,,933959
Saint Pierre,Mauritius,,934032
Quatre Bornes,Mauritius,,934131
Port Louis,Mauritius,,934154
Mahébourg,Mauritius,,934322
Goodlands,Mauritius,,934488
Curepipe,Mauritius,,934570
Centre de Flacq,Mauritius,,934631
Bel Air Rivière Sèche,Mauritius,,934750
Beau Bassin-Rose Hill,Mauritius,,934765
Bambous,Mauritius,,934778
Baie du Tombeau,Mauritius,,1106616
Le Hochet,Mauritius,,1106809
Male,Maldives,,1282027
Karonga,Malawi,,235715
Chitipa,Malawi,,235751
Zomba,Malawi,,923295
Salima,Malawi,,924055
Rumphi,Malawi,,924102
Ntcheu,Malawi,,924492
Nsanje,Malawi,,924572
Nkhotakota,Malawi,,924705
Nkhata Bay,Malawi,,924732
Mzuzu,Malawi,,925475
Mzimba,Malawi,,925498
Mwanza,Malawi,,925596
Mulanje,Malawi,,925789
Mponela,Malawi,,926087
Monkey Bay,Malawi,,926308
Mchinji,Malawi,,926747
Mangochi,Malawi,,927246
Liwonde,Malawi,,927834
Lilongwe,Malawi,,927967
Kasungu,Malawi,,928534
Dedza,Malawi,,930025
Blantyre,Malawi,,931755
Balaka,Malawi,,931865
San Fernando,Mexico,,3483197
Ciudad Valles,Mexico,,3483849
Zumpango,Mexico,,3513966
Zumpango del Río,Mexico,,3513967
Zacualtipán,Mexico,,3514134
Zacatlán,Mexico,,3514148
Zacatepec,Mexico,,3514163
Yecapixtla,Mexico,,3514278
Yautepec,Mexico,,3514321
Yajalón,Mexico,,3514349
Xoxocotla,Mexico,,3514398
Xonacatlán,Mexico,,3514409
Xochitepec,Mexico,,3514437
Xochimilco,Mexico,,3514450
Xicotepec de Juárez,Mexico,,3514510
Xico,Mexico,,3514518
Xico,Mexico,,3514519
Santa Ana Xalmimilulco,Mexico,,3514597
Álvaro Obregón,Mexico,,3514663
Villahermosa,Mexico,,3514670
Gustavo Adolfo Madero,Mexico,,3514674
Villaflores,Mexico,,3514677
Veracruz,Mexico,,3514783
Venustiano Carranza,Mexico,,3514785
Valle Hermoso,Mexico,,3514868
Valladolid,Mexico,,3514876
Umán,Mexico,,3514929
Tuxtla,Mexico,,3515001
Túxpam de Rodríguez Cano,Mexico,,3515011
Tulum,Mexico,,3515040
Tultitlán de Mariano Escobedo,Mexico,,3515042
Tultepec,Mexico,,3515044
Tulancingo,Mexico,,3515062
Tula de Allende,Mexico,,3515064
Santa Rosa Treinta,Mexico,,3515163
San Miguel Topilejo,Mexico,,3515259
Toluca,Mexico,,3515302
San Bernardino Tlaxcalancingo,Mexico,,3515358
Tlaquiltenango,Mexico,,3515373
Tlapa de Comonfort,Mexico,,3515384
Tlapacoyan,Mexico,,3515386
Tlalpan,Mexico,,3515428
Tlalnepantla,Mexico,,3515431
Tláhuac,Mexico,,3515463
Tizimín,Mexico,,3515504
Tizayuca,Mexico,,3515505
Tixtla de Guerrero,Mexico,,3515510
Ticul,Mexico,,3515665
Teziutlan,Mexico,,3515696
Texcoco de Mora,Mexico,,3515715
Tequixquiac,Mexico,,3515794
Tequisquiapan,Mexico,,3515796
Cuautitlán Izcalli,Mexico,,3515807
Tepotzotlán,Mexico,,3515827
Tepeji del Río de Ocampo,Mexico,,3515887
Tepeapulco,Mexico,,3515902
Tepeaca,Mexico,,3515904
Tepatlaxco de Hidalgo,Mexico,,3515906
Teopisca,Mexico,,3515938
Teoloyucan,Mexico,,3515942
Tenosique,Mexico,,3515956
Tenango de Arista,Mexico,,3515993
Temixco,Mexico,,3516035
Teloloapan,Mexico,,3516060
Tecax,Mexico,,3516076
Tehuacán,Mexico,,3516109
Tecamachalco,Mexico,,3516188
Teapa,Mexico,,3516210
Taxco de Alarcón,Mexico,,3516225
Tapachula,Mexico,,3516266
Tantoyuca,Mexico,,3516271
Tamuín,Mexico,,3516347
Tampico,Mexico,,3516355
Tamazunchale,Mexico,,3516385
Suchiapa,Mexico,,3516499
Santo Domingo Tehuantepec,Mexico,,3516843
Santiago Tuxtla,Mexico,,3516912
Tetla,Mexico,,3516919
Pinotepa Nacional,Mexico,,3516926
Santiago Tulantepec,Mexico,,3516982
Moyotzingo,Mexico,,3517231
Santa María Chimalhuacán,Mexico,,3517270
Santa María Atzompa,Mexico,,3517280
Heroica Ciudad de Tlaxiaco,Mexico,,3517285
Santa Cruz Xoxocotlán,Mexico,,3517517
Tecámac,Mexico,,3517524
Santa Ana Chiautempan,Mexico,,3517742
Zinacatepec,Mexico,,3517795
San Salvador El Seco,Mexico,,3517831
San Salvador Atenco,Mexico,,3517832
San Rafael,Mexico,,3517917
San Pablo de las Salinas,Mexico,,3518135
San Pablo Autopan,Mexico,,3518138
Zinacantepec,Mexico,,3518221
San Miguel Coatlinchán,Mexico,,3518277
San Miguel Ajusco,Mexico,,3518293
San Mateo Atenco,Mexico,,3518387
San Martin Texmelucan de Labastida,Mexico,,3518407
Teolocholco,Mexico,,3518475
San Juan Zitlaltepec,Mexico,,3518593
San Juan Ixtayopan,Mexico,,3518650
San Juan del Río,Mexico,,3518692
Tuxtepec,Mexico,,3518723
San Jerónimo,Mexico,,3519076
San Francisco Tlalcilalcalpan,Mexico,,3519249
San Francisco Acuautla,Mexico,,3519290
Sanctorum,Mexico,,3519531
San Cristóbal de las Casas,Mexico,,3519537
San Andrés Tuxtla,Mexico,,3519907
Salina Cruz,Mexico,,3520064
Rioverde,Mexico,,3520235
Ciudad Río Bravo,Mexico,,3520271
Río Blanco,Mexico,,3520274
Reynosa,Mexico,,3520339
Reforma,Mexico,,3520407
Puerto Escondido,Mexico,,3520994
Puente de Ixtla,Mexico,,3521051
Puebla,Mexico,,3521081
Progreso de Alvaro Obregon,Mexico,,3521103
Progreso,Mexico,,3521108
Poza Rica de Hidalgo,Mexico,,3521168
Polanco,Mexico,,3521305
Playa del Carmen,Mexico,,3521342
Pijijiapan,Mexico,,3521476
Peto,Mexico,,3521596
Perote,Mexico,,3521628
Paraiso,Mexico,,3521912
Papantla de Olarte,Mexico,,3521922
Pánuco,Mexico,,3521941
Palmarito Tochapan,Mexico,,3522118
Palenque,Mexico,,3522164
Pachuca de Soto,Mexico,,3522210
Ozumba de Alzate,Mexico,,3522232
San Pablo Oztotepec,Mexico,,3522246
Oxkutzkab,Mexico,,3522251
Orizaba,Mexico,,3522307
Ometepec,Mexico,,3522343
Ocozocoautla de Espinosa,Mexico,,3522444
Ocoyoacac,Mexico,,3522445
Ocotlán de Morelos,Mexico,,3522451
Ocosingo,Mexico,,3522484
Oaxaca,Mexico,,3522507
Nuevo Laredo,Mexico,,3522551
Nogales,Mexico,,3522696
Nicolás Romero,Mexico,,3522732
Naucalpan de Juárez,Mexico,,3522790
Naranjos,Mexico,,3522804
Nanchital de Lázaro Cárdenas del Río,Mexico,,3522845
Motul,Mexico,,3522924
Motozintla,Mexico,,3522926
Montemorelos,Mexico,,3523011
Santiago Momoxpan,Mexico,,3523061
Mixquiahuala de Juarez,Mexico,,3523127
Misantla,Mexico,,3523141
Miramar,Mexico,,3523149
Minatitlán,Mexico,,3523183
Milpa Alta,Mexico,,3523202
Miahuatlán de Porfirio Díaz,Mexico,,3523240
Metepec,Mexico,,3523303
Mérida,Mexico,,3523349
Matías Romero,Mexico,,3523450
Heroica Matamoros,Mexico,,3523466
Martínez de la Torre,Mexico,,3523513
Mapastepec,Mexico,,3523590
Magdalena Contreras,Mexico,,3523760
Macuspana,Mexico,,3523791
Reyes Acozac,Mexico,,3523900
Los Reyes Acaquilpan,Mexico,,3523908
Los Reyes de Juárez,Mexico,,3523909
Linares,Mexico,,3524348
Libres,Mexico,,3524374
Lerma de Villada,Mexico,,3524389
Lerdo de Tejada,Mexico,,3524391
Las Rosas,Mexico,,3524618
Las Margaritas,Mexico,,3524744
Las Choapas,Mexico,,3524903
Magdalena Atlicpac,Mexico,,3525424
La Isla,Mexico,,3525596
San Antonio de la Cal,Mexico,,3526138
Kanasín,Mexico,,3526323
Juchitepec,Mexico,,3526355
Juchitán de Zaragoza,Mexico,,3526357
José Cardel,Mexico,,3526446
Jojutla,Mexico,,3526467
Jiutepec,Mexico,,3526485
Jáltipan de Morelos,Mexico,,3526593
Jalpa de Méndez,Mexico,,3526603
Xalatlaco,Mexico,,3526611
Xalapa de Enríquez,Mexico,,3526617
Izúcar de Matamoros,Mexico,,3526657
Izamal,Mexico,,3526662
Ixtepec,Mexico,,3526674
Ixtapan de la Sal,Mexico,,3526681
Ixtapaluca,Mexico,,3526682
Iztapalapa,Mexico,,3526683
Ixtaczoquitlán,Mexico,,3526696
Iztacalco,Mexico,,3526700
Ixmiquilpan,Mexico,,3526708
Villa Independencia,Mexico,,3526785
Iguala de la Independencia,Mexico,,3526798
Hunucmá,Mexico,,3526838
Huixtla,Mexico,,3526855
Ciudad de Huitzuco,Mexico,,3526864
Huimanguillo,Mexico,,3526908
Huejutla de Reyes,Mexico,,3526952
Huejotzingo,Mexico,,3526953
Huauchinango,Mexico,,3526992
Huatusco,Mexico,,3526993
Ciudad de Huajuapan de León,Mexico,,3527023
Comalapa,Mexico,,3527542
Frontera,Mexico,,3527545
Fortín de las Flores,Mexico,,3527596
Felipe Carrillo Puerto,Mexico,,3527639
Escárcega,Mexico,,3527795
Emiliano Zapata,Mexico,,3527879
Emiliano Zapata,Mexico,,3527880
Ciudad Mante,Mexico,,3528756
Ecatepec de Morelos,Mexico,,3529612
Ébano,Mexico,,3529619
Cunduacán,Mexico,,3529886
Cuernavaca,Mexico,,3529947
Cuautlancingo,Mexico,,3529981
Cuautla,Mexico,,3529982
Cuautitlán,Mexico,,3529986
Cuautepec de Hinojosa,Mexico,,3529989
Delegación Cuajimalpa de Morelos,Mexico,,3530049
Cozumel,Mexico,,3530103
Coyotepec,Mexico,,3530123
Coyoacán,Mexico,,3530139
Cosoleacaque,Mexico,,3530167
Coscomatepec de Bravo,Mexico,,3530175
Cosamaloapan,Mexico,,3530177
Córdoba,Mexico,,3530240
Contla,Mexico,,3530276
Comitán,Mexico,,3530367
Comalcalco,Mexico,,3530385
Coatzintla,Mexico,,3530513
Coatzacoalcos,Mexico,,3530517
Coatepec,Mexico,,3530531
Coacalco,Mexico,,3530569
Ciudad Victoria,Mexico,,3530580
Ciudad Serdán,Mexico,,3530584
Ciudad Sahagun,Mexico,,3530587
Ciudad Nezahualcoyotl,Mexico,,3530589
Ciudad Miguel Alemán,Mexico,,3530590
Ciudad Mendoza,Mexico,,3530592
Ciudad Madero,Mexico,,3530594
Ciudad Fernández,Mexico,,3530596
Mexico City,Mexico,,3530597
Ciudad del Carmen,Mexico,,3530599
Cintalapa de Figueroa,Mexico,,3530617
Cholula,Mexico,,3530757
Chilpancingo,Mexico,,3530870
Chilapa de Álvarez,Mexico,,3530886
Chignahuapan,Mexico,,3530908
Chiconcuac,Mexico,,3530932
Chicoloapan,Mexico,,3530937
Chichén-Itzá,Mexico,,3530978
Chiapa de Corzo,Mexico,,3531013
Chetumal,Mexico,,3531023
Champotón,Mexico,,3531177
Chalco,Mexico,,3531200
Cerro Azul,Mexico,,3531321
Catemaco,Mexico,,3531416
Carlos A. Carrillo,Mexico,,3531556
Cárdenas,Mexico,,3531574
Cárdenas,Mexico,,3531576
Capulhuac de Mirafuentes,Mexico,,3531598
Cancún,Mexico,,3531673
Campeche,Mexico,,3531732
Calpulalpan,Mexico,,3531784
Cadereyta Jiménez,Mexico,,3531862
Cadereyta,Mexico,,3531865
Cacahoatán,Mexico,,3531904
Berriozábal,Mexico,,3532254
Banderilla,Mexico,,3532414
Azcapotzalco,Mexico,,3532497
Ayutla de los Libres,Mexico,,3532499
Axochiapan,Mexico,,3532545
Atlixco,Mexico,,3532592
Atlacomulco de Fabela,Mexico,,3532617
Ciudad López Mateos,Mexico,,3532624
Apizaco,Mexico,,3532792
Apan,Mexico,,3532815
Amozoc de Mota,Mexico,,3532881
Amecameca,Mexico,,3532899
Alvarado,Mexico,,3532964
Altotonga,Mexico,,3532969
Altepexi,Mexico,,3532989
Altamira,Mexico,,3533005
Allende,Mexico,,3533056
Álamo,Mexico,,3533107
Ajalpan,Mexico,,3533126
Agua Dulce,Mexico,,3533269
Actopan,Mexico,,3533389
San Lorenzo Acopilco,Mexico,,3533402
Acayucan,Mexico,,3533426
Acatzingo,Mexico,,3533433
Acatlán de Osorio,Mexico,,3533440
Acapulco de Juárez,Mexico,,3533462
Acajete,Mexico,,3533486
San Antonio Acahualco,Mexico,,3533490
Valente Diaz,Mexico,,3761202
Santiago Tlacotepec,Mexico,,3762210
Tierra Blanca,Mexico,,3801276
Playas del Rosario,Mexico,,3802723
Río de Teapa,Mexico,,3802739
Huamantla,Mexico,,3815324
La Magdalena Tlaltelulco,Mexico,,3815375
Zacatelco,Mexico,,3815392
Tlaxcala,Mexico,,3815415
Papalotla,Mexico,,3815447
Villa Vicente Guerrero,Mexico,,3815453
Tonalá,Mexico,,3816721
Arriaga,Mexico,,3816739
San Mateo Huitzilzingo,Mexico,,3817641
San Martín Cuautlalpan,Mexico,,3817649
Tulantongo,Mexico,,3817714
Tezoyuca,Mexico,,3817731
Tepexpan,Mexico,,3817746
Santa María Ajoloapan,Mexico,,3817809
San Andrés Cholula,Mexico,,3818742
Alto Lucero,Mexico,,3824536
Loma Bonita,Mexico,,3824996
Isla,Mexico,,3825011
San Andrés Cuexcontitlán,Mexico,,3827248
San Mateo Otzacatipan,Mexico,,3827254
San Pedro Totoltepec,Mexico,,3827255
Santa María Totoltepec,Mexico,,3827256
San Francisco Cuaxusco,Mexico,,3827263
Benito Juarez,Mexico,,3827406
Venustiano Carranza,Mexico,,3827407
Miguel Hidalgo,Mexico,,3827408
Cuauhtémoc,Mexico,,3827409
Huixquilucan,Mexico,,3827414
Melchor Ocampo,Mexico,,3827586
Huilango,Mexico,,3827588
Santiago Teyahualco,Mexico,,3827596
Ojo de Agua,Mexico,,3827598
Buenavista,Mexico,,3827606
Miguel Alemán (La Doce),Mexico,,3970972
Leyva Solano,Mexico,,3976775
Cihuatlán,Mexico,,3976999
Lázaro Cárdenas,Mexico,,3979174
Santa Isabel,Mexico,,3979442
Guadalupe Victoria,Mexico,,3979505
Zinapécuaro,Mexico,,3979665
Ixtapa-Zihuatanejo,Mexico,,3979673
Zapotlanejo,Mexico,,3979717
Zapotiltic,Mexico,,3979727
Zapopan,Mexico,,3979770
Zamora,Mexico,,3979802
Zacoalco,Mexico,,3979822
Zacatecas,Mexico,,3979844
Zacapú,Mexico,,3979846
Yuriria,Mexico,,3979855
Yurécuaro,Mexico,,3979856
Villa Hidalgo,Mexico,,3980169
Villagrán,Mexico,,3980174
Frontera,Mexico,,3980180
El Pueblito,Mexico,,3980187
García,Mexico,,3980190
Ciudad de Villa de Álvarez,Mexico,,3980194
Valle de Santiago,Mexico,,3980605
Valle de Bravo,Mexico,,3980621
Uruapan,Mexico,,3980760
Uriangato,Mexico,,3980777
Tuzantla,Mexico,,3980833
Tuxpan,Mexico,,3980841
Tuxpan,Mexico,,3980844
Torreón,Mexico,,3981254
Tonalá,Mexico,,3981369
Tlaquepaque,Mexico,,3981461
Tlajomulco de Zúñiga,Mexico,,3981467
Tijuana,Mexico,,3981609
Tesistán,Mexico,,3981791
Tequila,Mexico,,3981885
Tepic,Mexico,,3981941
Tepatitlán de Morelos,Mexico,,3981984
Tepalcatepec,Mexico,,3982007
Teocaltiche,Mexico,,3982034
Tejupilco de Hidalgo,Mexico,,3982121
Técpan de Galeana,Mexico,,3982170
Tecomán,Mexico,,3982213
Tecate,Mexico,,3982266
Tangancícuaro de Arista,Mexico,,3982545
Tamazula de Gordiano,Mexico,,3982567
Tala,Mexico,,3982616
Tacámbaro de Codallos,Mexico,,3982693
Sombrerete,Mexico,,3982887
Soledad de Graciano Sánchez,Mexico,,3982912
Silao,Mexico,,3983058
Sayula,Mexico,,3983216
Santiago Papasquiaro,Mexico,,3983631
Santiago Ixcuintla,Mexico,,3983636
Santiago,Mexico,,3983671
Santa Rosa Jauregui,Mexico,,3983820
Santa Catarina,Mexico,,3984583
Santa Anita,Mexico,,3984679
San Sebastián el Grande,Mexico,,3984790
San Pedro,Mexico,,3985035
San Pedro,Mexico,,3985129
San Nicolás de los Garza,Mexico,,3985241
San Miguel el Alto,Mexico,,3985323
San Miguel de Allende,Mexico,,3985344
San Luis Río Colorado,Mexico,,3985604
San Luis Potosí,Mexico,,3985606
San Luis de la Paz,Mexico,,3985621
Cabo San Lucas,Mexico,,3985710
San Juan de los Lagos,Mexico,,3985865
San José Iturbide,Mexico,,3986088
San José del Castillo,Mexico,,3986165
San José del Cabo,Mexico,,3986172
San Francisco del Rincón,Mexico,,3986984
San Francisco de los Romo,Mexico,,3986985
San Felipe,Mexico,,3987224
San Felipe,Mexico,,3987246
Tlaltenango de Sánchez Román,Mexico,,3987402
San Buenaventura,Mexico,,3987500
Nicolás R Casillas,Mexico,,3988025
Salvatierra,Mexico,,3988050
Saltillo,Mexico,,3988086
Salinas de Hidalgo,Mexico,,3988169
Salamanca,Mexico,,3988214
Sahuayo de Morelos,Mexico,,3988258
Ciudad Sabinas Hidalgo,Mexico,,3988327
Sabinas,Mexico,,3988333
Rosarito,Mexico,,3988392
El Rosario,Mexico,,3988416
Romita,Mexico,,3988462
Río Grande,Mexico,,3988594
Rincón de Romos,Mexico,,3988651
La Joya,Mexico,,3990040
Ramos Arizpe,Mexico,,3991043
Santiago de Querétaro,Mexico,,3991164
Puruándiro,Mexico,,3991219
Purísima de Bustos,Mexico,,3991226
Puerto Vallarta,Mexico,,3991328
Puerto Peñasco,Mexico,,3991347
Piedras Negras,Mexico,,3992619
Petatlán,Mexico,,3992842
Peribán de Ramos,Mexico,,3992919
Pénjamo,Mexico,,3992986
Pátzcuaro,Mexico,,3993179
Parras de la Fuente,Mexico,,3993335
Paracho de Verduzco,Mexico,,3993457
Palau,Mexico,,3993893
Pabellón de Arteaga,Mexico,,3993985
Ojinaga,Mexico,,3994469
Ocotlán,Mexico,,3994489
Nuevo México,Mexico,,3994604
Nuevo Casas Grandes,Mexico,,3994616
Nueva Rosita,Mexico,,3994667
Nueva Italia de Ruiz,Mexico,,3994674
Nochistlán de Mejía,Mexico,,3994912
Navolato,Mexico,,3995017
Navojoa,Mexico,,3995019
Nava,Mexico,,3995050
Moroleón,Mexico,,3995343
Morelia,Mexico,,3995402
Monterrey,Mexico,,3995465
Monclova,Mexico,,3995523
Mezcales,Mexico,,3996030
Mexicali,Mexico,,3996069
Meoqui,Mexico,,3996234
Ciudad Melchor Múzquiz,Mexico,,3996271
Medina,Mexico,,3996299
Mazatlán,Mexico,,3996322
Matehuala,Mexico,,3996387
Matamoros,Mexico,,3996426
Marfil,Mexico,,3996595
Maravatío de Ocampo,Mexico,,3996626
Manzanillo,Mexico,,3996663
Rodolfo Sánchez Taboada,Mexico,,3996737
Magdalena de Kino,Mexico,,3996893
Magdalena,Mexico,,3996910
Madera,Mexico,,3996956
Los Reyes de Salgado,Mexico,,3997211
Los Mochis,Mexico,,3997479
Loreto,Mexico,,3998291
León de los Aldama,Mexico,,3998655
Las Pintas de Arriba,Mexico,,3999325
La Piedad,Mexico,,4000821
La Paz,Mexico,,4000900
La Orilla,Mexico,,4001056
Lagos de Moreno,Mexico,,4002224
La Cruz,Mexico,,4002745
La Barca,Mexico,,4003526
Juventino Rosas,Mexico,,4003662
Ciudad Benito Juárez,Mexico,,4003757
Juan Aldama,Mexico,,4003804
Jocotepec,Mexico,,4003908
Jiquílpan de Juárez,Mexico,,4003923
Jesús María,Mexico,,4003995
Jerez de García Salinas,Mexico,,4004024
Jaral del Progreso,Mexico,,4004092
Jamay,Mexico,,4004126
Jalostotitlán,Mexico,,4004153
Xalisco,Mexico,,4004159
Jacona de Plancarte,Mexico,,4004198
Ixtlán del Río,Mexico,,4004267
Ixtapa,Mexico,,4004293
Irapuato,Mexico,,4004330
Huetamo de Núñez,Mexico,,4004555
Huatabampo,Mexico,,4004647
Parral,Mexico,,4004867
Heróica Zitácuaro,Mexico,,4004885
Nogales,Mexico,,4004886
Heroica Caborca,Mexico,,4004887
Hermosillo,Mexico,,4004898
Heroica Guaymas,Mexico,,4005143
Guasave,Mexico,,4005219
Guanajuato,Mexico,,4005270
Guamúchil,Mexico,,4005297
Ciudad Guadalupe Victoria,Mexico,,4005380
Guadalupe,Mexico,,4005492
Guadalupe,Mexico,,4005509
Guadalajara,Mexico,,4005539
Gómez Palacio,Mexico,,4005775
Vicente Guerrero,Mexico,,4005857
Juan José Ríos,Mexico,,4005864
Ciudad General Escobedo,Mexico,,4005867
San Pedro Garza García,Mexico,,4005937
Fresnillo,Mexico,,4006163
Francisco I. Madero,Mexico,,4006194
Escuinapa,Mexico,,4006622
Ensenada,Mexico,,4006702
Encarnación de Díaz,Mexico,,4006783
Empalme,Mexico,,4006806
El Salto,Mexico,,4007673
Pueblo Nuevo,Mexico,,4007676
El Salto,Mexico,,4007682
El Salto,Mexico,,4007684
El Quince,Mexico,,4008224
El Grullo,Mexico,,4009697
Puebla,Mexico,,4011469
Esperanza,Mexico,,4011668
Victoria de Durango,Mexico,,4011743
Culiacán,Mexico,,4012176
Cuauhtémoc,Mexico,,4012406
Coyula,Mexico,,4012605
Villa de Costa Rica,Mexico,,4012693
Cortazar,Mexico,,4012721
Compostela,Mexico,,4013085
Comonfort,Mexico,,4013094
Colima,Mexico,,4013516
Ciudad Obregón,Mexico,,4013704
Ciudad Lerdo,Mexico,,4013706
Ciudad Juárez,Mexico,,4013708
José Mariano Jiménez,Mexico,,4013710
Ciudad Hidalgo,Mexico,,4013712
Ciudad Guzmán,Mexico,,4013714
Ciudad Delicias,Mexico,,4013720
Ciudad Constitución,Mexico,,4013723
Camargo,Mexico,,4013724
Anáhuac,Mexico,,4013726
Ciudad Altamirano,Mexico,,4013727
Ciudad Acuña,Mexico,,4013728
Ciénega de Flores,Mexico,,4013892
Chihuahua,Mexico,,4014338
Chapala,Mexico,,4014553
Celaya,Mexico,,4014875
Castaños,Mexico,,4015022
Cananea,Mexico,,4015700
Villa Juárez,Mexico,,4015938
Calvillo,Mexico,,4016086
Víctor Rosales,Mexico,,4016132
Autlán de Navarro,Mexico,,4017957
Atoyac de Álvarez,Mexico,,4017984
Atotonilco el Alto,Mexico,,4017992
Ciudad de Armería,Mexico,,4018227
Ario de Rosales,Mexico,,4018254
Arcelia,Mexico,,4018320
Arandas,Mexico,,4018348
Ciudad Apodaca,Mexico,,4018390
Apatzingán,Mexico,,4018400
Apaseo el Grande,Mexico,,4018403
Apaseo el Alto,Mexico,,4018404
Ameca,Mexico,,4018582
Allende,Mexico,,4018761
Ciudad de Allende,Mexico,,4018762
Aldama,Mexico,,4018831
Ahualulco de Mercado,Mexico,,4019082
Aguascalientes,Mexico,,4019233
Agua Prieta,Mexico,,4019260
Acaponeta,Mexico,,4019819
Acámbaro,Mexico,,4019827
Abasolo,Mexico,,4019869
Hidalgo,Mexico,,4022735
Dolores Hidalgo,Mexico,,4023117
Guacamayas,Mexico,,4026075
Ciudad Lázaro Cárdenas,Mexico,,4026082
San José del Valle,Mexico,,4029308
Benito Juárez,Mexico,,6957079
Colonia del Valle,Mexico,,7280708
Colonia Lindavista,Mexico,,7280711
Colonia Nativitas,Mexico,,7280718
Las Delicias,Mexico,,8599061
Hacienda Santa Fe,Mexico,,8858085
Fuentes del Valle,Mexico,,8858086
San Salvador Tizatlalli,Mexico,,8858087
Jardines de la Silla,Mexico,,8858088
San Buenaventura,Mexico,,8858089
Santa Teresa,Mexico,,8858090
San Jerónimo Cuatro Vientos,Mexico,,8858091
San Martín Azcatepec,Mexico,,8858092
Fraccionamiento Real Palmas,Mexico,,8858093
Pórticos de San Antonio,Mexico,,8858094
San Isidro,Mexico,,8858095
Centro Familiar la Soledad,Mexico,,8858096
San José Guadalupe Otzacatipan,Mexico,,8858097
Las Pintitas,Mexico,,8858098
Emiliano Zapata,Mexico,,8858099
San Antonio Tecómitl,Mexico,,8858100
Licenciado Benito Juárez,Mexico,,8858101
Teotihuacán de Arista,Mexico,,8858102
Jesús del Monte,Mexico,,8858103
San Jorge Pueblo Nuevo,Mexico,,8858104
Manuel Ojinaga,Mexico,,8858105
Terrazas del Valle,Mexico,,8858106
La Ermita,Mexico,,8858107
Lomas del Sur,Mexico,,8858108
Parque Industrial Ciudad Mitras,Mexico,,8858109
Mitras Poniente,Mexico,,8858110
Villa del Prado 2da Sección,Mexico,,8858111
Tres de Mayo,Mexico,,8858112
Don Antonio,Mexico,,8858113
Casa Blanca,Mexico,,8858116
La Providencia Siglo XXI,Mexico,,8858117
Ampliación San Mateo,Mexico,,8858118
Fraccionamiento Ciudad Olmeca,Mexico,,8858119
San Rafael Tlanalapan,Mexico,,8858120
Tecámac de Felipe Villanueva,Mexico,,8858121
Venceremos,Mexico,,8858122
Alborada Jaltenco,Mexico,,8858123
Crucecita,Mexico,,8858124
San Jose de los Olvera,Mexico,,9511750
Zacapu,Mexico,,11044505
Colonia del Sol,Mexico,,11121204
Tres Valles,Mexico,,11839902
Kuah,Malaysia,,1222396
Jerantut,Malaysia,,1732602
Maran,Malaysia,,1732637
Raub,Malaysia,,1732663
Bentung,Malaysia,,1732667
Tanjong Malim,Malaysia,,1732672
Kuala Kubu Baharu,Malaysia,,1732676
Parit Sulung,Malaysia,,1732680
Batu Pahat,Malaysia,,1732687
Parit Raja,Malaysia,,1732698
Simpang Renggam,Malaysia,,1732700
Pekan Nenas,Malaysia,,1732706
Pontian Besar,Malaysia,,1732710
Kampung Pasir Gudang Baru,Malaysia,,1732721
Pasir Gudang,Malaysia,,1732722
Kampung Larkin Lama,Malaysia,,1732724
Kampung Sedenak,Malaysia,,1732734
Kota Tinggi,Malaysia,,1732738
Taman Senai,Malaysia,,1732741
Kulai,Malaysia,,1732742
Skudai,Malaysia,,1732745
Kempas,Malaysia,,1732746
Pelentong,Malaysia,,1732747
Masai,Malaysia,,1732750
Johor Bahru,Malaysia,,1732752
Gelang Patah,Malaysia,,1732755
Pengerang,Malaysia,,1732785
Kluang,Malaysia,,1732811
Yong Peng,Malaysia,,1732814
Mersing,Malaysia,,1732826
Segamat,Malaysia,,1732846
Tangkak,Malaysia,,1732857
Gerisek,Malaysia,,1732858
Pagoh,Malaysia,,1732859
Muar,Malaysia,,1732869
Bakri,Malaysia,,1732871
Labis,Malaysia,,1732877
Kuala Selangor,Malaysia,,1732891
Batang Berjuntai,Malaysia,,1732892
Batu Arang,Malaysia,,1732893
Kapar,Malaysia,,1732901
Shah Alam,Malaysia,,1732903
Klang,Malaysia,,1732905
Cangkat Jong,Malaysia,,1732915
Sungkai,Malaysia,,1732927
Cukai,Malaysia,,1732945
Kuala Lipis,Malaysia,,1733023
Val Dor,Malaysia,,1733331
Papar,Malaysia,,1733353
Kuala Penyu,Malaysia,,1733376
Kota Kinabalu,Malaysia,,1733432
Donggongon,Malaysia,,1733438
Putatan,Malaysia,,1733440
Kinarut,Malaysia,,1733449
Tambunan,Malaysia,,1733468
Ranau,Malaysia,,1733502
Semporna,Malaysia,,1733697
Labuan,Malaysia,,1733782
Sipitang,Malaysia,,1733868
Beaufort,Malaysia,,1733874
Lahad Datu,Malaysia,,1733953
Sandakan,Malaysia,,1734052
Keningau,Malaysia,,1734098
Bandar Nabawan,Malaysia,,1734114
Tawau,Malaysia,,1734199
Dungun,Malaysia,,1734308
Paka,Malaysia,,1734313
Kertih,Malaysia,,1734316
Gerik,Malaysia,,1734372
Lunas,Malaysia,,1734389
Kulim,Malaysia,,1734393
Selama,Malaysia,,1734399
Bandar Baharu,Malaysia,,1734407
Bagan Serai,Malaysia,,1734409
Padang Serai,Malaysia,,1734418
Bedong,Malaysia,,1734439
Kampung Kupang,Malaysia,,1734444
Pulai,Malaysia,,1734445
Kampung Jeli,Malaysia,,1734464
Siburan,Malaysia,,1734506
Tebedu,Malaysia,,1734537
Bau,Malaysia,,1734539
Simpang Empat,Malaysia,,1734576
Kamunting,Malaysia,,1734577
Batu Kurau,Malaysia,,1734579
Taiping,Malaysia,,1734586
Padang Rengas,Malaysia,,1734594
Kuala Kangsar,Malaysia,,1734599
Chemor,Malaysia,,1734626
Ipoh,Malaysia,,1734634
Lahat,Malaysia,,1734637
Gua Musang,Malaysia,,1734651
Kuala Terengganu,Malaysia,,1734705
Marang,Malaysia,,1734715
Kampung Teluk Kemang,Malaysia,,1734721
Tampin,Malaysia,,1734738
Alor Gajah,Malaysia,,1734745
Durian Tunggal,Malaysia,,1734748
Kampung Ayer Keroh,Malaysia,,1734753
Sungai Udang,Malaysia,,1734757
Malacca,Malaysia,,1734759
Merlimau,Malaysia,,1734762
Teluk Panglima Garang,Malaysia,,1734768
Pelabuhan Klang,Malaysia,,1734769
Banting,Malaysia,,1734781
Jenjarum,Malaysia,,1734793
Bangi,Malaysia,,1734797
Semenyih,Malaysia,,1734798
Seremban,Malaysia,,1734810
Port Dickson,Malaysia,,1734815
Sepang,Malaysia,,1734821
Taman Senawang Indah,Malaysia,,1734826
Bahau,Malaysia,,1734839
Kuala Pilah,Malaysia,,1734841
Rembau,Malaysia,,1734854
Batu Anam,Malaysia,,1734881
Rompin,Malaysia,,1734883
Gemas,Malaysia,,1734885
Pekan,Malaysia,,1734971
Mentakab,Malaysia,,1735018
Temerluh,Malaysia,,1735022
Kampung Teluk Air Tawar,Malaysia,,1735069
Batu Feringgi,Malaysia,,1735074
Butterworth,Malaysia,,1735076
Perai,Malaysia,,1735077
Bukit Mertajam,Malaysia,,1735079
Nibong Tebal,Malaysia,,1735086
Parit Buntar,Malaysia,,1735089
Kuala Kurau,Malaysia,,1735092
Tasek Glugor,Malaysia,,1735093
Balik Pulau,Malaysia,,1735096
Bayan Lepas,Malaysia,,1735102
George Town,Malaysia,,1735106
Hulu Yam Lama,Malaysia,,1735147
Serendah,Malaysia,,1735148
Rawang,Malaysia,,1735150
Sungai Buloh,Malaysia,,1735153
Petaling Jaya,Malaysia,,1735158
Kuala Lumpur,Malaysia,,1735161
Setapak,Malaysia,,1735162
Batu Caves,Malaysia,,1735166
Ampang,Malaysia,,1735168
Hulu Langat,Malaysia,,1735172
Hutan Melintang,Malaysia,,1735188
Sungai Besar,Malaysia,,1735199
Kuantan,Malaysia,,1735227
Sungai Siput,Malaysia,,1735265
Batu Gajah,Malaysia,,1735268
Kampar,Malaysia,,1735274
Tapah Road,Malaysia,,1735282
Bidur,Malaysia,,1735287
Mukah,Malaysia,,1735339
Tatau,Malaysia,,1735404
Parit,Malaysia,,1735433
Lumut,Malaysia,,1735450
Sitiawan,Malaysia,,1735453
Teluk Intan,Malaysia,,1735459
Gurun,Malaysia,,1735485
Yan Besar,Malaysia,,1735489
Sungai Petani,Malaysia,,1735498
Kepala Batas,Malaysia,,1735506
Pasir Puteh,Malaysia,,1735545
Tanah Merah,Malaysia,,1735553
Kuala Krai,Malaysia,,1735572
Kuching,Malaysia,,1735634
Simunjan,Malaysia,,1735681
Sri Aman,Malaysia,,1735799
Sarikei,Malaysia,,1735837
Maradong,Malaysia,,1735851
Julau,Malaysia,,1735889
Sibu,Malaysia,,1735902
Pakan,Malaysia,,1735963
Kangar,Malaysia,,1736278
Changloon,Malaysia,,1736284
Jitra,Malaysia,,1736302
Kuala Kedah,Malaysia,,1736305
Alor Setar,Malaysia,,1736309
Tokai,Malaysia,,1736314
Pokok Sena,Malaysia,,1736338
Wakaf Baharu,Malaysia,,1736366
Pasir Mas,Malaysia,,1736372
Kota Bharu,Malaysia,,1736376
Kudat,Malaysia,,1736458
Saratok,Malaysia,,1736760
Daro,Malaysia,,1736781
Engkilili,Malaysia,,1736870
Betong,Malaysia,,1736902
Dalat,Malaysia,,1736929
Kanowit,Malaysia,,1736973
Lundu,Malaysia,,1737012
Kapit,Malaysia,,1737185
Niah,Malaysia,,1737247
Belaga,Malaysia,,1737314
Bintulu,Malaysia,,1737486
Sebauh,Malaysia,,1737489
Lawas,Malaysia,,1737589
Limbang,Malaysia,,1737714
Marudi,Malaysia,,1737919
Beluru,Malaysia,,1737936
Miri,Malaysia,,1738050
Ulu Tiram,Malaysia,,1738294
Ulu Kelang,Malaysia,,1738412
Tanjung Sepat,Malaysia,,1741562
Sungai Lalang,Malaysia,,1742731
Sungai Dua,Malaysia,,1742815
Seri Kembangan,Malaysia,,1744246
Serian,Malaysia,,1744288
Seputeh,Malaysia,,1744508
Sentul,Malaysia,,1744763
Relau,Malaysia,,1748731
Permatang Kuching,Malaysia,,1750500
Peringat,Malaysia,,1750582
Ladang Seri Kundang,Malaysia,,1750974
Pantai Remis,Malaysia,,1752256
Padang Besar,Malaysia,,1753004
Lukut,Malaysia,,1756720
Kubang Semang,Malaysia,,1759378
Kuang,Malaysia,,1759486
Kuala Ketil,Malaysia,,1759564
Kepong,Malaysia,,1760605
Klebang Besar,Malaysia,,1761242
Kampung Kangkar Teberau,Malaysia,,1762110
Kampung Tanjung Minyak,Malaysia,,1763378
Kampung Tanjung Karang,Malaysia,,1763412
Kampung Sungai Kajang,Malaysia,,1763999
Kampung Sungai Glugur,Malaysia,,1764027
Kampung Sungai Ara,Malaysia,,1764160
Kampung Simpang Renggam,Malaysia,,1764318
Kampong Sidam,Malaysia,,1764375
Kampung Selang,Malaysia,,1764685
Pendang,Malaysia,,1765769
Kampong Pangkal Kalong,Malaysia,,1766249
Kampung Minyak Beku,Malaysia,,1766795
Kampong Masjid Tanah,Malaysia,,1767021
Kampung Machap Baru,Malaysia,,1767194
Kampung Kerubong,Malaysia,,1768286
Kampong Kadok,Malaysia,,1768664
Ijok,Malaysia,,1769014
Kampong Dungun,Malaysia,,1769612
Kampung Cheng,Malaysia,,1769827
Kampung Bukit Baharu,Malaysia,,1770351
Kampung Baru Subang,Malaysia,,1771023
Kampung Baharu Nilai,Malaysia,,1771287
Kampong Baharu Cheras Batu Sebelas,Malaysia,,1771298
Kampung Baru Balakong,Malaysia,,1771304
Kampung Ayer Molek,Malaysia,,1771485
Anak Bukit,Malaysia,,1771606
Jelutong,Malaysia,,1772808
Jawi,Malaysia,,1772983
Cheras,Malaysia,,1777077
Bukit Tengah,Malaysia,,1778252
Bukit Tambun,Malaysia,,1778262
Bukit Rambai,Malaysia,,1778290
Bukit Gambir,Malaysia,,1778385
Kampung Bertam Ulu,Malaysia,,1779395
Bentong Town,Malaysia,,1779790
Kampung Batu Empat,Malaysia,,1780841
Batu Berendam,Malaysia,,1780890
Ayer Itam,Malaysia,,1782366
Kampung Teluk Kumbar,Malaysia,,1887985
Putrajaya,Malaysia,,6697380
Kampung Baru Ulu Melaka,Malaysia,,6804851
Sik,Malaysia,,6805124
Kampung Alor Mengkudu,Malaysia,,6807244
Kampung Hutan Arau,Malaysia,,6819209
Glugor,Malaysia,,6833189
Teloi Kanan,Malaysia,,6847278
Kota Kuala Muda,Malaysia,,6847550
Cyberjaya,Malaysia,,6930887
Bandar Labuan,Malaysia,,7302815
Bercham,Malaysia,,7473418
Kampung Manjoi,Malaysia,,7473443
Kampung Perak,Malaysia,,7566098
Bandar Tenggara,Malaysia,,7614200
Johor Jaya,Malaysia,,7619704
Taman Permas Jaya,Malaysia,,7619709
Kawasan Penempatan Ulu Sungai Benut,Malaysia,,7620438
Kawasan Penempatan Ulu Benut Tiga,Malaysia,,7620439
Kawasan Penempatan Ulu Benut Lima,Malaysia,,7620470
Bandar Tun Razak,Malaysia,,7697762
Sri Petaling,Malaysia,,7779082
Seri Manjung,Malaysia,,7792200
Selayang Baru Utara,Malaysia,,7795834
Taman Seremban Jaya,Malaysia,,7797211
Kawasan Perindustrian Cheng,Malaysia,,7797910
Taman Pelangi,Malaysia,,7798288
Taman Universiti,Malaysia,,7858022
Kampung Jelutong Tengah,Malaysia,,7858028
Subang Jaya,Malaysia,,8504423
Iskandar Puteri,Malaysia,,10063567
Putra Heights,Malaysia,,10792382
Kajang,Malaysia,,10941913
Bukit Bintang,Malaysia,,11054399
Bandar Sunway,Malaysia,,11054411
Bandar Puncak Alam,Malaysia,,11429145
Kota Damansara,Malaysia,,12514556
Damansara Damai,Malaysia,,12514620
Kuala Nerus,Malaysia,,12534340
Bandar Sri Damansara,Malaysia,,12535033
Selangau,Malaysia,,12547009
Taman Petaling,Malaysia,,12557764
Elmina,Malaysia,,12622018
Denai Alam,Malaysia,,12625525
Tropicana Indah,Malaysia,,12625526
Taman Greenwood,Malaysia,,12648574
Taman Melati,Malaysia,,12680194
Ara Damansara,Malaysia,,12746668
Desa Parkcity,Malaysia,,12746672
Kampung Setia,Malaysia,,12746683
Mont Kiara,Malaysia,,12750571
Taman OUG,Malaysia,,12750572
Taman Tun Dr Ismail,Malaysia,,12750574
Bangsar,Malaysia,,12750575
Seremban 2,Malaysia,,12750582
Bukit Indah,Malaysia,,12750583
Wangsa Maju,Malaysia,,12750606
Seminyih,Malaysia,,12750607
Kuchai Lama,Malaysia,,12750614
Bukit Gemuroh,Malaysia,,12750617
Taman Melawati,Malaysia,,12750644
Perling,Malaysia,,12750652
Mukim Pulai,Malaysia,,12750654
Bandar Mahkota Cheras,Malaysia,,13061022
Paya Terubong,Malaysia,,13100478
Bandar Tun Hussein Onn,Malaysia,,13117827
Bukit Beruntung,Malaysia,,13118055
Sibu Jaya,Malaysia,,13118085
Petagas,Malaysia,,13118086
Setia Alam,Malaysia,,13118091
Taman Sri Sinar,Malaysia,,13118095
Bandar Kinrara,Malaysia,,13118096
Bandar Bukit Raja,Malaysia,,13118145
Pandamaran,Malaysia,,13118146
Bandar Sri Sendayan,Malaysia,,13118149
Bandar Country Homes,Malaysia,,13118193
Alam Damai,Malaysia,,13118197
SS2,Malaysia,,13118198
Sungai Jawi,Malaysia,,13118223
Bandar Saujana Utama,Malaysia,,13118224
Bukit Rahman Putra,Malaysia,,13118225
Setia Tropika,Malaysia,,13118228
Bandar Tasik Puteri,Malaysia,,13118229
Desa Petaling,Malaysia,,13118230
Bukit Kerinchi,Malaysia,,13118231
Titiwangsa,Malaysia,,13118233
Horizon Hills,Malaysia,,13118269
Bandar Putra Kulai,Malaysia,,13118270
Taman Scientex,Malaysia,,13118271
Bandar Seri Alam,Malaysia,,13118272
FELDA Chini,Malaysia,,13118274
Bandar Baru Salak Tinggi,Malaysia,,13118276
Bandar Utama,Malaysia,,13118277
Bukit Jalil,Malaysia,,13118362
Taman Desa,Malaysia,,13118381
Xai-Xai,Mozambique,,1024552
Gorongosa,Mozambique,,1024680
Vilankulo,Mozambique,,1024683
Moatize,Mozambique,,1024685
Nhamatanda,Mozambique,,1024687
Caia,Mozambique,,1024692
Mocuba,Mozambique,,1024694
Dondo,Mozambique,,1024696
Chinde,Mozambique,,1024697
Mocímboa da Praia,Mozambique,,1024699
Macia,Mozambique,,1024701
Maganja,Mozambique,,1024703
Ulongué,Mozambique,,1025104
Tete,Mozambique,,1026014
Songo,Mozambique,,1026755
Ressano Garcia,Mozambique,,1028079
Quelimane,Mozambique,,1028434
Pemba,Mozambique,,1028918
Pebane,Mozambique,,1028970
Nampula,Mozambique,,1033356
Namialo,Mozambique,,1033797
Nametil,Mozambique,,1033827
Namacurra,Mozambique,,1034311
Nacala,Mozambique,,1035025
Murrupula,Mozambique,,1035471
Mueda,Mozambique,,1036263
Mossuril,Mozambique,,1037021
Morrumbala,Mozambique,,1037044
Montepuez,Mozambique,,1037125
Monapo,Mozambique,,1037180
Mocímboa,Mozambique,,1037370
Mozambique,Mozambique,,1037390
Milange,Mozambique,,1037721
Micolene,Mozambique,,1037792
Maxixe,Mozambique,,1039536
Matola,Mozambique,,1039854
Massinga,Mozambique,,1040201
Marromeu,Mozambique,,1040397
Maputo,Mozambique,,1040652
Manica,Mozambique,,1040950
Manhiça,Mozambique,,1040989
Mandimba,Mozambique,,1041190
Macomia,Mozambique,,1042456
Lichinga,Mozambique,,1043893
Inhambane,Mozambique,,1045114
Gurúè,Mozambique,,1045512
Gondola,Mozambique,,1045826
Cuamba,Mozambique,,1047660
Chokwé,Mozambique,,1048364
Chiúre,Mozambique,,1048468
Chimoio,Mozambique,,1049261
Chibuto,Mozambique,,1049861
Catandica,Mozambique,,1050871
Boane,Mozambique,,1052191
Beira,Mozambique,,1052373
Angoche,Mozambique,,1052944
Alto Molocue,Mozambique,,1053143
Mutuáli,Mozambique,,1088155
Iapala,Mozambique,,1091197
Machipanda,Mozambique,,1095961
Namapa-erati,Mozambique,,11205324
Búzi,Mozambique,,12718693
Malema,Mozambique,,12718696
Messica,Mozambique,,12718697
Ribáuè,Mozambique,,12718698
Xilembene,Mozambique,,12718700
Katima Mulilo,Namibia,,877178
Windhoek,Namibia,,3352136
Tsumeb,Namibia,,3352593
Swakopmund,Namibia,,3352844
Rundu,Namibia,,3353383
Rehoboth,Namibia,,3353540
Otjiwarongo,Namibia,,3353811
Oshakati,Namibia,,3354021
Ongwediva,Namibia,,3354147
Ondangwa,Namibia,,3354247
Okahandja,Namibia,,3354898
Lüderitz,Namibia,,3355672
Keetmanshoop,Namibia,,3356264
Katutura,Namibia,,3356294
Grootfontein,Namibia,,3357114
Gobabis,Namibia,,3357247
Walvis Bay,Namibia,,3359638
Helao Nafidi,Namibia,,12718704
Nouméa,New Caledonia,,2139521
Mont-Dore,New Caledonia,,2140066
Dumbéa,New Caledonia,,2141394
Birnin Gaouré,Niger,,2437731
Birni N Konni,Niger,,2437732
Zinder,Niger,,2437798
Torodi,Niger,,2438409
Tillabéri,Niger,,2438678
Tibiri,Niger,,2438774
Tessaoua,Niger,,2438823
Téra,Niger,,2438855
Tchin Tabaradèn,Niger,,2438974
Tanout,Niger,,2439155
Tahoua,Niger,,2439376
Say,Niger,,2439812
Niamey,Niger,,2440485
Nguigmi,Niger,,2440495
Mirriah,Niger,,2440921
Mayahi,Niger,,2441194
Matamey,Niger,,2441217
Maradi,Niger,,2441291
Maïné Soroa,Niger,,2441447
Magaria,Niger,,2441482
Madarounfa,Niger,,2441526
Madaoua,Niger,,2441530
Kollo,Niger,,2442248
Illéla,Niger,,2443304
Guidan Roumdji,Niger,,2443623
Gouré,Niger,,2444219
Gazaoua,Niger,,2444479
Gaya,Niger,,2444489
Filingué,Niger,,2444995
Dosso,Niger,,2445488
Dogondoutchi,Niger,,2445553
Diffa,Niger,,2445704
Dakoro,Niger,,2446267
Baléyara,Niger,,2447223
Ayorou,Niger,,2447416
Arlit,Niger,,2447513
Alaghsas,Niger,,2447938
Aguié,Niger,,2448024
Agadez,Niger,,2448085
Abalak,Niger,,2448245
Kingston,Norfolk Island,,2161314
Zuru,Nigeria,,2317548
Zungeru,Nigeria,,2317569
Zaria,Nigeria,,2317765
Yola,Nigeria,,2318044
Yenagoa,Nigeria,,2318123
Wukari,Nigeria,,2318921
Wudil,Nigeria,,2318933
Warri,Nigeria,,2319133
Wamba,Nigeria,,2319257
Uyo,Nigeria,,2319480
Uromi,Nigeria,,2319668
Umuahia,Nigeria,,2320576
Ughelli,Nigeria,,2320829
Ugep,Nigeria,,2320831
Uga,Nigeria,,2320920
Ubiaja,Nigeria,,2321031
Tegina,Nigeria,,2322263
Tambuwal,Nigeria,,2322495
Talata Mafara,Nigeria,,2322529
Takum,Nigeria,,2322552
Surulere,Nigeria,,2322733
Suleja,Nigeria,,2322794
Sokoto,Nigeria,,2322911
Soba,Nigeria,,2322957
Shomolu,Nigeria,,2323090
Saki,Nigeria,,2323390
Shagamu,Nigeria,,2323411
Sapele,Nigeria,,2323675
Rijau,Nigeria,,2324504
Rano,Nigeria,,2324575
Potiskum,Nigeria,,2324767
Port Harcourt,Nigeria,,2324774
Pindiga,Nigeria,,2324857
Patigi,Nigeria,,2324960
Pankshin,Nigeria,,2325060
Ozubulu,Nigeria,,2325161
Oyo,Nigeria,,2325200
Oyan,Nigeria,,2325249
Owo,Nigeria,,2325314
Owerri,Nigeria,,2325330
Otukpa,Nigeria,,2325437
Otan Ayegbaju,Nigeria,,2325506
Osogbo,Nigeria,,2325590
Oshodi,Nigeria,,2325592
Orita-Eruwa,Nigeria,,2325733
Onitsha,Nigeria,,2326016
Ondo,Nigeria,,2326171
Olupona,Nigeria,,2326302
Okuta,Nigeria,,2326811
Okrika,Nigeria,,2326899
Okigwe,Nigeria,,2327143
Okene,Nigeria,,2327220
Oke Mesi,Nigeria,,2327223
Oke Ila,Nigeria,,2327233
Ohafia-Ifigh,Nigeria,,2327494
Ogwashi-Uku,Nigeria,,2327513
Oguta,Nigeria,,2327521
Ogoja,Nigeria,,2327650
Ogbomoso,Nigeria,,2327735
Ogaminana,Nigeria,,2327827
Offa,Nigeria,,2327879
Ode,Nigeria,,2328090
Obudu,Nigeria,,2328151
Obonoma,Nigeria,,2328185
Numan,Nigeria,,2328617
Nsukka,Nigeria,,2328684
Nnewi,Nigeria,,2328765
Nkwerre,Nigeria,,2328790
Nkpor,Nigeria,,2328811
Nguru,Nigeria,,2328952
Nasarawa,Nigeria,,2329451
Nafada,Nigeria,,2329562
Mushin,Nigeria,,2329660
Mubi,Nigeria,,2329821
Moriki,Nigeria,,2329920
Monguno,Nigeria,,2329946
Mokwa,Nigeria,,2329981
Modakeke,Nigeria,,2330028
Minna,Nigeria,,2330100
Marte,Nigeria,,2330719
Malumfashi,Nigeria,,2331005
Makurdi,Nigeria,,2331140
Makoko,Nigeria,,2331158
Maiduguri,Nigeria,,2331447
Magumeri,Nigeria,,2331528
Lokoja,Nigeria,,2331939
Lere,Nigeria,,2332079
Lekki,Nigeria,,2332121
Lapai,Nigeria,,2332249
Lalupon,Nigeria,,2332357
Lagos,Nigeria,,2332459
Lafiagi,Nigeria,,2332504
Lafia,Nigeria,,2332515
Kwale,Nigeria,,2332871
Kusheriki,Nigeria,,2333096
Kumo,Nigeria,,2333451
Kumagunnam,Nigeria,,2333490
Kukawa,Nigeria,,2333563
Kuje,Nigeria,,2333604
Kontagora,Nigeria,,2334008
Kiyawa,Nigeria,,2334306
Kisi,Nigeria,,2334327
Keffi,Nigeria,,2334652
Kaura Namoda,Nigeria,,2334756
Katsina-Ala,Nigeria,,2334801
Katsina,Nigeria,,2334802
Kari,Nigeria,,2335015
Kano,Nigeria,,2335204
Kamba,Nigeria,,2335333
Kaiama,Nigeria,,2335596
Kagoro,Nigeria,,2335614
Kafanchan,Nigeria,,2335713
Kaduna,Nigeria,,2335727
Kachia,Nigeria,,2335798
Kabba,Nigeria,,2335843
Jos,Nigeria,,2335953
Jimeta,Nigeria,,2336056
Jega,Nigeria,,2336237
Jebba,Nigeria,,2336251
Jalingo,Nigeria,,2336589
Iwo,Nigeria,,2336905
Itu,Nigeria,,2336985
Isieke,Nigeria,,2337148
Iseyin,Nigeria,,2337181
Ise-Ekiti,Nigeria,,2337207
Isanlu-Itedoijowa,Nigeria,,2337235
Irewe,Nigeria,,2337313
Ipoti,Nigeria,,2337352
Iperu,Nigeria,,2337379
Inisa,Nigeria,,2337490
Ilorin,Nigeria,,2337639
Ilobu,Nigeria,,2337659
Illela,Nigeria,,2337680
Ilesa,Nigeria,,2337704
Ilaro,Nigeria,,2337759
Ila Orangun,Nigeria,,2337765
Ikot Ekpene,Nigeria,,2338106
Ikom,Nigeria,,2338242
Ikirun,Nigeria,,2338269
Ikire,Nigeria,,2338273
Ikere-Ekiti,Nigeria,,2338287
Ikeja,Nigeria,,2338313
Ikare,Nigeria,,2338325
Ijero-Ekiti,Nigeria,,2338385
Ijebu Ode,Nigeria,,2338400
Ijebu-Jesa,Nigeria,,2338401
Ijebu-Igbo,Nigeria,,2338403
Ihiala,Nigeria,,2338497
Igede-Ekiti,Nigeria,,2338630
Igbo-Ukwu,Nigeria,,2338640
Igbor,Nigeria,,2338660
Igbo-Ora,Nigeria,,2338669
Igboho,Nigeria,,2338711
Igbeti,Nigeria,,2338772
Igbara-Odo,Nigeria,,2338810
Ifo,Nigeria,,2338876
Ile-Ife,Nigeria,,2338900
Idanre,Nigeria,,2339150
Idah,Nigeria,,2339156
Ibi,Nigeria,,2339287
Ibeto,Nigeria,,2339293
Ibadan,Nigeria,,2339354
Hadejia,Nigeria,,2339631
Gwoza,Nigeria,,2339665
Gwarzo,Nigeria,,2339756
Gwaram,Nigeria,,2339786
Gwadabawa,Nigeria,,2339892
Gusau,Nigeria,,2339937
Gummi,Nigeria,,2340086
Gumel,Nigeria,,2340091
Gombi,Nigeria,,2340446
Gombe,Nigeria,,2340451
Gembu,Nigeria,,2341275
Geidam,Nigeria,,2341294
Gbongan,Nigeria,,2341355
Gboko,Nigeria,,2341374
Gaya,Nigeria,,2341580
Gashua,Nigeria,,2341656
Garko,Nigeria,,2341758
Ganye,Nigeria,,2341955
Gamboru,Nigeria,,2342192
Funtua,Nigeria,,2342490
Fiditi,Nigeria,,2342628
Ezza-Ohu,Nigeria,,2342883
Esuk Oron,Nigeria,,2343093
Epe,Nigeria,,2343252
Enugu-Ukwu,Nigeria,,2343270
Enugu-Ezike,Nigeria,,2343273
Enugu,Nigeria,,2343279
Emure-Ekiti,Nigeria,,2343299
Elele,Nigeria,,2343512
Ekpoma,Nigeria,,2343641
Eket,Nigeria,,2343720
Ejigbo,Nigeria,,2343784
Eha Amufu,Nigeria,,2343822
Egbe,Nigeria,,2343943
Efon-Alaaye,Nigeria,,2343983
Effium,Nigeria,,2343985
Ebute Ikorodu,Nigeria,,2344082
Dutsen Wai,Nigeria,,2344229
Dutse,Nigeria,,2344245
Dukku,Nigeria,,2344418
Doma,Nigeria,,2344600
Dikwa,Nigeria,,2344854
Deba,Nigeria,,2345029
Daura,Nigeria,,2345094
Daura,Nigeria,,2345096
Darazo,Nigeria,,2345152
Damboa,Nigeria,,2345498
Damaturu,Nigeria,,2345521
Calabar,Nigeria,,2346229
Burutu,Nigeria,,2346317
Bukuru,Nigeria,,2346561
Buguma,Nigeria,,2346615
Bonny,Nigeria,,2346812
Bode Saadu,Nigeria,,2346951
Biu,Nigeria,,2346995
Birnin Kudu,Nigeria,,2347057
Birnin Kebbi,Nigeria,,2347059
Sofo-Birnin-Gwari,Nigeria,,2347061
Biliri,Nigeria,,2347155
Bida,Nigeria,,2347209
Benin City,Nigeria,,2347283
Bende,Nigeria,,2347303
Beli,Nigeria,,2347330
Bauchi,Nigeria,,2347470
Baro,Nigeria,,2347592
Bama,Nigeria,,2347954
Badagry,Nigeria,,2348395
Babana,Nigeria,,2348507
Azare,Nigeria,,2348595
Awka,Nigeria,,2348773
Awgu,Nigeria,,2348783
Auchi,Nigeria,,2348892
Atani,Nigeria,,2349019
Asaba,Nigeria,,2349276
Argungu,Nigeria,,2349431
Aramoko-Ekiti,Nigeria,,2349529
Apomu,Nigeria,,2349558
Anchau,Nigeria,,2349951
Amaigbo,Nigeria,,2350249
Aliayabiagba,Nigeria,,2350434
Akwanga,Nigeria,,2350806
Akure,Nigeria,,2350841
Aku,Nigeria,,2350886
Ajaokuta,Nigeria,,2351470
Agulu,Nigeria,,2351740
Agbor,Nigeria,,2351979
Afikpo,Nigeria,,2352250
Ado-Odo,Nigeria,,2352356
Ado-Ekiti,Nigeria,,2352379
Abuja,Nigeria,,2352778
Abeokuta,Nigeria,,2352947
Abakaliki,Nigeria,,2353099
Aba,Nigeria,,2353151
Obalende,Nigeria,,2566633
Ajegunle,Nigeria,,2566636
Alimosho,Nigeria,,2566676
Akowonjo,Nigeria,,2566696
Degema Hulk,Nigeria,,2591159
Chakwama,Nigeria,,12129605
Tipitapa,Nicaragua,,3616035
Somoto,Nicaragua,,3616232
Somotillo,Nicaragua,,3616234
Siuna,Nicaragua,,3616253
San Rafael del Sur,Nicaragua,,3616594
San Marcos,Nicaragua,,3616682
Rivas,Nicaragua,,3617052
Río Blanco,Nicaragua,,3617069
Rama,Nicaragua,,3617095
Puerto Cabezas,Nicaragua,,3617154
Ocotal,Nicaragua,,3617448
Nueva Guinea,Nicaragua,,3617459
Nandaime,Nicaragua,,3617513
Nagarote,Nicaragua,,3617522
Mateare,Nicaragua,,3617697
Matagalpa,Nicaragua,,3617708
Masaya,Nicaragua,,3617723
Masatepe,Nicaragua,,3617725
Managua,Nicaragua,,3617763
León,Nicaragua,,3618030
La Paz Centro,Nicaragua,,3618411
Juigalpa,Nicaragua,,3618908
Jinotepe,Nicaragua,,3618926
Jinotega,Nicaragua,,3618929
Jalapa,Nicaragua,,3618954
Granada,Nicaragua,,3619136
Estelí,Nicaragua,,3619194
El Viejo,Nicaragua,,3619267
El Crucero,Nicaragua,,3619853
Diriamba,Nicaragua,,3620170
Corinto,Nicaragua,,3620269
Chinandega,Nicaragua,,3620381
Chichigalpa,Nicaragua,,3620390
Camoapa,Nicaragua,,3620544
Boaco,Nicaragua,,3620674
Bluefields,Nicaragua,,3620680
Ciudad Sandino,Nicaragua,,3828262
Zwolle,Netherlands,,2743477
Zwijndrecht,Netherlands,,2743493
Zutphen,Netherlands,,2743608
Zoetermeer,Netherlands,,2743856
Zevenaar,Netherlands,,2743949
Zeist,Netherlands,,2743977
Zeewolde,Netherlands,,2743997
Zandvoort,Netherlands,,2744042
Zaltbommel,Netherlands,,2744102
Zaanstad,Netherlands,,2744114
Zaandam,Netherlands,,2744118
Woerden,Netherlands,,2744248
Wisch,Netherlands,,2744324
Winterswijk,Netherlands,,2744332
Winschoten,Netherlands,,2744344
Wijk bij Duurstede,Netherlands,,2744483
Wijchen,Netherlands,,2744514
Wierden,Netherlands,,2744549
Weesp,Netherlands,,2744904
Weert,Netherlands,,2744911
Wassenaar,Netherlands,,2744991
Wageningen,Netherlands,,2745088
Waddinxveen,Netherlands,,2745096
Waalwijk,Netherlands,,2745123
Vught,Netherlands,,2745154
Voorschoten,Netherlands,,2745301
Voorburg,Netherlands,,2745321
Volendam,Netherlands,,2745340
Vlissingen,Netherlands,,2745392
Vlaardingen,Netherlands,,2745467
Vianen,Netherlands,,2745580
Venray,Netherlands,,2745634
Venlo,Netherlands,,2745641
Velsen-Zuid,Netherlands,,2745673
Velp,Netherlands,,2745677
Veghel,Netherlands,,2745726
Veenendaal,Netherlands,,2745774
Veendam,Netherlands,,2745783
Valkenswaard,Netherlands,,2745860
Utrecht,Netherlands,,2745912
Urk,Netherlands,,2745932
Uithoorn,Netherlands,,2745973
Uden,Netherlands,,2746005
Tubbergen,Netherlands,,2746133
Tongelre,Netherlands,,2746215
Tilburg,Netherlands,,2746301
Tiel,Netherlands,,2746331
Terneuzen,Netherlands,,2746420
Tegelen,Netherlands,,2746504
Steenwijk,Netherlands,,2746766
Steenbergen,Netherlands,,2746804
Staphorst,Netherlands,,2746839
Stadskanaal,Netherlands,,2746860
Spijkenisse,Netherlands,,2746932
Soest,Netherlands,,2747034
Sneek,Netherlands,,2747063
Sliedrecht,Netherlands,,2747169
Sittard,Netherlands,,2747203
Sint-Oedenrode,Netherlands,,2747227
's-Hertogenbosch,Netherlands,,2747351
's-Gravenzande,Netherlands,,2747364
The Hague,Netherlands,,2747373
Schijndel,Netherlands,,2747584
Schiedam,Netherlands,,2747596
Schiebroek,Netherlands,,2747597
Scheveningen,Netherlands,,2747599
Sassenheim,Netherlands,,2747751
Rotterdam,Netherlands,,2747891
Roosendaal,Netherlands,,2747930
Roermond,Netherlands,,2748000
Rijswijk,Netherlands,,2748076
Rijen,Netherlands,,2748130
Ridderkerk,Netherlands,,2748172
Rhoon,Netherlands,,2748178
Rhenen,Netherlands,,2748185
Raalte,Netherlands,,2748371
Putten,Netherlands,,2748392
Purmerend,Netherlands,,2748413
Pijnacker,Netherlands,,2748591
Papendrecht,Netherlands,,2748729
Oud-Beijerland,Netherlands,,2749182
Oss,Netherlands,,2749234
Oosterhout,Netherlands,,2749450
Ommoord,Netherlands,,2749604
Oldenzaal,Netherlands,,2749644
Oisterwijk,Netherlands,,2749680
Oegstgeest,Netherlands,,2749723
Nunspeet,Netherlands,,2749756
Nuenen,Netherlands,,2749780
Noordwijk-Binnen,Netherlands,,2749812
Nijmegen,Netherlands,,2750053
Nijkerk,Netherlands,,2750065
Nieuwegein,Netherlands,,2750325
Naarden,Netherlands,,2750521
Naaldwijk,Netherlands,,2750523
Mijdrecht,Netherlands,,2750815
Middelharnis,Netherlands,,2750884
Middelburg,Netherlands,,2750896
Merenwijk,Netherlands,,2750939
Meppel,Netherlands,,2750947
Medemblik,Netherlands,,2751073
Maastricht,Netherlands,,2751283
Maassluis,Netherlands,,2751285
Maarssen,Netherlands,,2751316
Losser,Netherlands,,2751424
Loon op Zand,Netherlands,,2751456
Lisse,Netherlands,,2751547
Lindenholt,Netherlands,,2751582
Lichtenvoorde,Netherlands,,2751651
Leusden,Netherlands,,2751687
Lelystad,Netherlands,,2751738
Leiderdorp,Netherlands,,2751771
Leiden,Netherlands,,2751773
Leeuwarden,Netherlands,,2751792
Leerdam,Netherlands,,2751808
Leek,Netherlands,,2751834
Krimpen aan den IJssel,Netherlands,,2752264
Korrewegwijk,Netherlands,,2752420
Kerkrade,Netherlands,,2752923
Katwijk aan Zee,Netherlands,,2753010
Kampen,Netherlands,,2753106
IJsselstein,Netherlands,,2753355
IJmuiden,Netherlands,,2753376
Huizen,Netherlands,,2753468
Hoorn,Netherlands,,2753638
Hoogvliet,Netherlands,,2753666
Hoogezand,Netherlands,,2753706
Hoogeveen,Netherlands,,2753719
Hoofddorp,Netherlands,,2753801
Hoge Vucht,Netherlands,,2753955
Hoensbroek,Netherlands,,2753996
Hilversum,Netherlands,,2754064
Hillegom,Netherlands,,2754073
Hengelo,Netherlands,,2754394
Hendrik-Ido-Ambacht,Netherlands,,2754408
Helmond,Netherlands,,2754447
Hellevoetsluis,Netherlands,,2754454
Heiloo,Netherlands,,2754516
Heerlen,Netherlands,,2754652
Heerhugowaard,Netherlands,,2754659
Heerenveen,Netherlands,,2754669
Heemstede,Netherlands,,2754692
Heemskerk,Netherlands,,2754697
Harlingen,Netherlands,,2754817
Harenkarspel,Netherlands,,2754837
Harderwijk,Netherlands,,2754848
Hardenberg,Netherlands,,2754861
Haarlem,Netherlands,,2755003
Haaksbergen,Netherlands,,2755030
Groot IJsselmonde,Netherlands,,2755123
Groningen,Netherlands,,2755251
Groesbeek,Netherlands,,2755272
Gouda,Netherlands,,2755420
Gorinchem,Netherlands,,2755434
Goirle,Netherlands,,2755464
Goes,Netherlands,,2755476
Gennep,Netherlands,,2755584
Gemert,Netherlands,,2755605
Geleen,Netherlands,,2755616
Geldrop,Netherlands,,2755619
Geldermalsen,Netherlands,,2755633
Geertruidenberg,Netherlands,,2755669
Epe,Netherlands,,2756059
Enschede,Netherlands,,2756071
Enkhuizen,Netherlands,,2756077
Emmen,Netherlands,,2756136
Emmeloord,Netherlands,,2756139
Elst,Netherlands,,2756161
Elburg,Netherlands,,2756232
Eindhoven,Netherlands,,2756253
Eibergen,Netherlands,,2756295
Eersel,Netherlands,,2756342
Ede,Netherlands,,2756429
Duiven,Netherlands,,2756507
Dronten,Netherlands,,2756559
Driebergen-Rijsenburg,Netherlands,,2756619
Drachten,Netherlands,,2756644
Dordrecht,Netherlands,,2756669
Dongen,Netherlands,,2756723
Doetinchem,Netherlands,,2756767
Diemen,Netherlands,,2756888
Deventer,Netherlands,,2756987
Den Helder,Netherlands,,2757220
De Meern,Netherlands,,2757295
Delfzijl,Netherlands,,2757340
Delft,Netherlands,,2757345
Dalfsen,Netherlands,,2757850
Culemborg,Netherlands,,2757872
Cranendonck,Netherlands,,2757890
Castricum,Netherlands,,2757991
Capelle aan den IJssel,Netherlands,,2758012
Bussum,Netherlands,,2758064
Brunssum,Netherlands,,2758174
Brummen,Netherlands,,2758177
Breda,Netherlands,,2758401
Boxtel,Netherlands,,2758460
Boskoop,Netherlands,,2758547
Borssele,Netherlands,,2758587
Borne,Netherlands,,2758598
Bodegraven,Netherlands,,2758765
Beverwijk,Netherlands,,2758998
Beuningen,Netherlands,,2759016
Best,Netherlands,,2759040
Bergschenhoek,Netherlands,,2759113
Bergeijk,Netherlands,,2759132
Bergen op Zoom,Netherlands,,2759145
Bergen,Netherlands,,2759154
Benthuizen,Netherlands,,2759178
Barneveld,Netherlands,,2759407
Barendrecht,Netherlands,,2759426
Baarn,Netherlands,,2759544
Assendelft,Netherlands,,2759631
Assen,Netherlands,,2759633
Arnhem,Netherlands,,2759661
Apeldoorn,Netherlands,,2759706
Amsterdam,Netherlands,,2759794
Amstelveen,Netherlands,,2759798
Amersfoort,Netherlands,,2759821
Alphen aan den Rijn,Netherlands,,2759875
Almere Stad,Netherlands,,2759879
Almelo,Netherlands,,2759887
Alkmaar,Netherlands,,2759899
Alblasserdam,Netherlands,,2759915
Aalten,Netherlands,,2760123
Aalsmeer,Netherlands,,2760134
Amsterdam-Zuidoost,Netherlands,,6544881
Berkel en Rodenrijs,Netherlands,,6929992
Ypenburg,Netherlands,,6941548
Alta,Norway,,847633
Trondheim,Norway,,3133880
Tromsø,Norway,,3133895
Tønsberg,Norway,,3134331
Stavanger,Norway,,3137115
Skien,Norway,,3139075
Sarpsborg,Norway,,3140084
Sandnes,Norway,,3140321
Sandefjord,Norway,,3140390
Porsgrunn,Norway,,3142657
Oslo,Norway,,3143244
Nesttun,Norway,,3144631
Moss,Norway,,3145375
Molde,Norway,,3145580
Mo i Rana,Norway,,3145614
Lillestrøm,Norway,,3147465
Lillehammer,Norway,,3147474
Levanger,Norway,,3147698
Larvik,Norway,,3148129
Kristiansund,Norway,,3149312
Kristiansand,Norway,,3149318
Kongsberg,Norway,,3149563
Horten,Norway,,3151770
Haugesund,Norway,,3153623
Harstad,Norway,,3153823
Hamar,Norway,,3154084
Halden,Norway,,3154209
Grimstad,Norway,,3155041
Gjøvik,Norway,,3155573
Fredrikstad,Norway,,3156529
Drammen,Norway,,3159016
Bodø,Norway,,3160881
Bergen,Norway,,3161732
Asker,Norway,,3162657
Arendal,Norway,,3162955
Ålesund,Norway,,3163392
Ytrebygda,Norway,,6697344
Wāliṅ,Nepal,,1282616
Tulsi̇̄pur,Nepal,,1282635
Ṭikāpur,Nepal,,1282666
Tānsen,Nepal,,1282714
Siraha,Nepal,,1282770
Rājbirāj,Nepal,,1282884
Pokhara,Nepal,,1282898
Pātan,Nepal,,1282931
Panauti̇̄,Nepal,,1282950
Malaṅgawā,Nepal,,1283082
Bhimdatta,Nepal,,1283095
Lahān,Nepal,,1283161
Kirtipur,Nepal,,1283190
Khā̃dbāri̇̄,Nepal,,1283217
Kathmandu,Nepal,,1283240
Janakpur,Nepal,,1283318
Jaleshwar,Nepal,,1283323
Īṭahari̇̄,Nepal,,1283329
Ilām,Nepal,,1283333
Hetauda,Nepal,,1283339
Gulariyā,Nepal,,1283368
Gaur,Nepal,,1283401
Dhulikhel,Nepal,,1283448
Dharān,Nepal,,1283460
Dhankutā,Nepal,,1283465
Dhangaḍhi̇̄,Nepal,,1283467
Dārchulā,Nepal,,1283484
Dailekh,Nepal,,1283496
Dadeldhurā,Nepal,,1283499
Butwāl,Nepal,,1283562
Birgañj,Nepal,,1283581
Biratnagar,Nepal,,1283582
Bharatpur,Nepal,,1283613
Siddharthanagar,Nepal,,1283621
Bhadrapur,Nepal,,1283628
Banepā,Nepal,,1283679
Bāgluṅ,Nepal,,1283711
Birendranagar,Nepal,,6254843
Dipayal,Nepal,,6254845
Nepalgunj,Nepal,,6941099
Panauti,Nepal,,7963596
Inaruwa,Nepal,,7997918
Triyuga,Nepal,,8410807
Madhyapur Thimi,Nepal,,8411054
Yaren,Nauru,,7626461
Alofi,Niue,,4036284
Wellington,New Zealand,,2179537
Whanganui,New Zealand,,2179670
Wainuiomata,New Zealand,,2180118
Timaru,New Zealand,,2181133
Taupo,New Zealand,,2181742
Stoke,New Zealand,,2182311
Rolleston,New Zealand,,2183310
Richmond,New Zealand,,2183472
Pukekohe East,New Zealand,,2184155
Porirua,New Zealand,,2184397
Paraparaumu,New Zealand,,2184904
Palmerston North,New Zealand,,2185018
North Shore,New Zealand,,2185964
New Plymouth,New Zealand,,2186239
Nelson,New Zealand,,2186280
Napier,New Zealand,,2186313
Manukau City,New Zealand,,2187404
Mangere,New Zealand,,2187454
Lower Hutt,New Zealand,,2188164
Karori,New Zealand,,2189028
Invercargill,New Zealand,,2189529
Hastings,New Zealand,,2190224
Hamilton,New Zealand,,2190324
Dunedin,New Zealand,,2191562
Christchurch,New Zealand,,2192362
Avondale,New Zealand,,2193703
Auckland,New Zealand,,2193733
Levin,New Zealand,,2206371
Gisborne,New Zealand,,2206854
Masterton,New Zealand,,2206890
Tauranga,New Zealand,,2208032
Papakura,New Zealand,,2208329
Whakatane,New Zealand,,2208330
Ashburton,New Zealand,,6217081
Rangiora,New Zealand,,6220565
Whangarei,New Zealand,,6230919
Takanini,New Zealand,,6231568
Mangere East,New Zealand,,6231929
Papatoetoe,New Zealand,,6232008
Otahuhu,New Zealand,,6232009
Manurewa,New Zealand,,6232064
Otara,New Zealand,,6232067
Blockhouse Bay,New Zealand,,6232191
New Lynn,New Zealand,,6232192
Epsom,New Zealand,,6232235
Mount Eden,New Zealand,,6232237
Remuera,New Zealand,,6232305
Massey East,New Zealand,,6232326
Te Atatu South,New Zealand,,6232330
Massey,New Zealand,,6232390
Cambridge,New Zealand,,6240770
Rotorua,New Zealand,,6241325
Blenheim,New Zealand,,6243926
Upper Hutt,New Zealand,,6244895
Te Aro,New Zealand,,10173827
Sur,Oman,,286245
Sohar,Oman,,286282
Sufālat Samā’il,Oman,,286293
Shināş,Oman,,286402
Şalālah,Oman,,286621
Şaḩam,Oman,,286647
Nizwá,Oman,,286987
Muscat,Oman,,287286
Khasab,Oman,,287614
Izkī,Oman,,287814
‘Ibrī,Oman,,287830
Ibrā’,Oman,,287832
Bidbid,Oman,,288721
Bawshar,Oman,,288764
Barkā’,Oman,,288789
Bahlā’,Oman,,288899
Badīyah,Oman,,288902
As Suwayq,Oman,,288955
Seeb,Oman,,288967
Rustaq,Oman,,289011
Liwá,Oman,,289174
Al Khābūrah,Oman,,289199
Al Buraymī,Oman,,289317
Adam,Oman,,289433
Yanqul,Oman,,411849
Veracruz,Panama,,3700164
Tocumen,Panama,,3700563
Santiago de Veraguas,Panama,,3701117
San Miguelito,Panama,,3701329
Sabanitas,Panama,,3701682
Río Abajo,Panama,,3701917
Penonomé,Panama,,3703068
Pedregal,Panama,,3703227
Pedregal,Panama,,3703229
Parque Lefevre,Panama,,3703346
Panamá,Panama,,3703443
Las Cumbres,Panama,,3706567
La Concepción,Panama,,3707899
La Chorrera,Panama,,3707961
La Cabima,Panama,,3708066
Juan Díaz,Panama,,3708306
El Chorrillo,Panama,,3711125
David,Panama,,3711668
Curundú,Panama,,3711699
Colón,Panama,,3712076
Chilibre,Panama,,3712455
Changuinola,Panama,,3712560
Cativá,Panama,,3712884
Arraiján,Panama,,3714637
Ancón,Panama,,3714734
Alcalde Díaz,Panama,,3714932
Nuevo Belén,Panama,,10180082
Yurimaguas,Peru,,3690654
Virú,Peru,,3690875
Uchiza,Peru,,3691094
Tumbes,Peru,,3691148
Trujillo,Peru,,3691175
Tocache,Peru,,3691324
Tingo María,Peru,,3691348
Tambo Grande,Peru,,3691530
Talara,Peru,,3691582
Sullana,Peru,,3691674
Sechura,Peru,,3691954
Santiago de Cao,Peru,,3692073
San Pedro de Lloc,Peru,,3692310
San Juan,Peru,,3692462
Saña,Peru,,3692667
Rioja,Peru,,3692863
Querecotillo,Peru,,3693057
Pucallpa,Peru,,3693345
Piura,Peru,,3693528
Pimentel,Peru,,3693584
Picsi,Peru,,3693645
Pátapo,Peru,,3693826
Paita,Peru,,3694112
Paiján,Peru,,3694119
Pacasmayo,Peru,,3694178
Moyobamba,Peru,,3694564
Monsefú,Peru,,3694666
Moche,Peru,,3694725
Marcavelica,Peru,,3694939
La Unión,Peru,,3695466
Laredo,Peru,,3695617
La Peca,Peru,,3695675
Lambayeque,Peru,,3695754
Juanjuí,Peru,,3696057
Jaén,Peru,,3696150
Iquitos,Peru,,3696183
Huaraz,Peru,,3696378
Huánuco,Peru,,3696417
Huamachuco,Peru,,3696509
Guadalupe,Peru,,3696847
Ferreñafe,Peru,,3697033
Coishco,Peru,,3697990
Chulucanas,Peru,,3698105
Chongoyape,Peru,,3698176
Chocope,Peru,,3698194
Chimbote,Peru,,3698304
Chiclayo,Peru,,3698350
Chepén,Peru,,3698390
Chachapoyas,Peru,,3698540
Catacaos,Peru,,3698658
Cajamarca,Peru,,3699088
Bellavista,Peru,,3699364
Bagua Grande,Peru,,3699484
La Breita,Peru,,3814568
Zarumilla,Peru,,3818398
Belen,Peru,,3827811
Yunguyo,Peru,,3925476
Yauri,Peru,,3925590
Yanacancha,Peru,,3925863
Tarma,Peru,,3927758
Tambopata,Peru,,3927942
Tacna,Peru,,3928128
Santiago de Surco,Peru,,3928245
Sicuani,Peru,,3928679
Satipo,Peru,,3928924
San Vicente de Cañete,Peru,,3928993
Santa Ana,Peru,,3929295
San Isidro,Peru,,3929631
San Clemente,Peru,,3929768
Puno,Peru,,3931276
Puerto Maldonado,Peru,,3931470
Pisco,Peru,,3932145
Paramonga,Peru,,3933024
Nuevo Imperial,Peru,,3934239
Nazca,Peru,,3934356
Moquegua,Peru,,3934608
Mollendo,Peru,,3934707
Minas de Marcona,Peru,,3935288
Mala,Peru,,3935572
Lima,Peru,,3936456
La Oroya,Peru,,3936952
Junín,Peru,,3937486
Juliaca,Peru,,3937513
Jauja,Peru,,3937733
Imperial,Peru,,3938396
Ilo,Peru,,3938415
Ilave,Peru,,3938451
Ica,Peru,,3938527
Huaura,Peru,,3939023
Huarmey,Peru,,3939168
Huaral,Peru,,3939285
Huanta,Peru,,3939386
Huancayo,Peru,,3939459
Huancavelica,Peru,,3939470
Hualmay,Peru,,3939761
Huacho,Peru,,3940002
Cusco,Peru,,3941584
Chosica,Peru,,3943423
Chincha Alta,Peru,,3943789
Chaupimarca,Peru,,3944179
Chancay,Peru,,3944399
Cerro de Pasco,Peru,,3944797
Camaná,Peru,,3945985
Callao,Peru,,3946083
Barranca,Peru,,3946820
Ayaviri,Peru,,3946985
Ayacucho,Peru,,3947019
Arequipa,Peru,,3947322
Andahuaylas,Peru,,3947740
Abancay,Peru,,3948642
Jacobo Hunter,Peru,,3949231
La Rinconada,Peru,,7626291
Santa Anita - Los Ficus,Peru,,12157007
San Martin,Peru,,12157008
San Francisco De Borja,Peru,,12157013
Ciudad Satelite,Peru,,12157025
Chilca,Peru,,12157030
San Fernando,Peru,,12157037
Jesus Maria,Peru,,12157038
Wanchaq,Peru,,12157056
Centenario,Peru,,12157064
Cono Norte,Peru,,12157065
Carmen De La Legua Reynoso,Peru,,12157070
La Banda,Peru,,12157074
Yanacancha,Peru,,12157091
El Pedregal,Peru,,12157092
Santa Rosa,Peru,,12157093
San Antonio,Peru,,12157094
Selva Alegre,Peru,,12157128
Santiago,Peru,,12157129
Breña,Peru,,12165736
Punaauia,French Polynesia,,4033779
Papeete,French Polynesia,,4033936
Faaa,French Polynesia,,4034561
Wewak,Papua New Guinea,,2083537
Port Moresby,Papua New Guinea,,2088122
Popondetta,Papua New Guinea,,2088163
Mount Hagen,Papua New Guinea,,2090409
Mendi,Papua New Guinea,,2090990
Madang,Papua New Guinea,,2091996
Lae,Papua New Guinea,,2092740
Kokopo,Papua New Guinea,,2093685
Kimbe,Papua New Guinea,,2093967
Goroka,Papua New Guinea,,2096742
Daru,Papua New Guinea,,2098329
Bulolo,Papua New Guinea,,2098869
Arawa,Papua New Guinea,,2100633
Zumarraga,Philippines,,1679360
Zaragoza,Philippines,,1679397
Zamboanga,Philippines,,1679432
Wao,Philippines,,1679678
Virac,Philippines,,1679802
Vigan,Philippines,,1679980
Victorias,Philippines,,1680007
Victoria,Philippines,,1680018
Veruela,Philippines,,1680040
Valenzuela,Philippines,,1680102
NIA Valencia,Philippines,,1680116
Urdaneta,Philippines,,1680197
Ualog,Philippines,,1680505
Tupi,Philippines,,1680613
Tunasan,Philippines,,1680704
Tuguegarao,Philippines,,1680932
Trento,Philippines,,1681333
Toledo,Philippines,,1681602
Tiwi,Philippines,,1681676
Tinongan,Philippines,,1681766
Ternate,Philippines,,1682472
Teresa,Philippines,,1682478
Telabastagan,Philippines,,1682537
Taytay,Philippines,,1682598
Tayabas,Philippines,,1682659
Tarlac City,Philippines,,1682812
Tanza,Philippines,,1683013
Tanjay,Philippines,,1683088
Tangub,Philippines,,1683116
Tandag,Philippines,,1683302
Tanay,Philippines,,1683319
Tanauan,Philippines,,1683340
Tanauan,Philippines,,1683342
Taloc,Philippines,,1683800
Talisay,Philippines,,1683860
Talisay,Philippines,,1683877
Talisay,Philippines,,1683881
Talavera,Philippines,,1684016
Talacogon,Philippines,,1684137
Magugpo Poblacion,Philippines,,1684269
Taguig,Philippines,,1684308
Tagudin,Philippines,,1684320
Tagoloan,Philippines,,1684379
Tagbilaran City,Philippines,,1684497
Tagaytay,Philippines,,1684553
Tagas,Philippines,,1684577
Tacurong,Philippines,,1684681
Tacloban,Philippines,,1684712
Tabuk,Philippines,,1684803
Tabaco,Philippines,,1685117
Taal,Philippines,,1685146
Surigao,Philippines,,1685218
Surallah,Philippines,,1685230
Sumag,Philippines,,1685349
Sultan Kudarat,Philippines,,1685378
Subic,Philippines,,1685577
Suay,Philippines,,1685622
Sorsogon,Philippines,,1685755
Solano,Philippines,,1685875
Solana,Philippines,,1685880
Sitangkai,Philippines,,1686004
Sipalay,Philippines,,1686102
Silang,Philippines,,1686547
Sibulan,Philippines,,1686728
Sexmoan,Philippines,,1686933
Lake Sebu,Philippines,,1687029
Sariaya,Philippines,,1687164
San Vicente,Philippines,,1687409
Santo Tomas,Philippines,,1687534
Santol,Philippines,,1687687
Santiago,Philippines,,1687801
Santa Rosa,Philippines,,1687894
Santa Maria,Philippines,,1688017
Santa Maria,Philippines,,1688058
Santa Cruz,Philippines,,1688216
Santa Cruz,Philippines,,1688232
Santa Cruz,Philippines,,1688248
Santa Cruz,Philippines,,1688253
Santa Catalina,Philippines,,1688363
Santa Barbara,Philippines,,1688372
Santa Ana,Philippines,,1688398
San Simon,Philippines,,1688425
San Pedro,Philippines,,1688749
San Pascual,Philippines,,1688795
San Pablo,Philippines,,1688830
San Nicolas,Philippines,,1688859
San Narciso,Philippines,,1688912
San Miguel,Philippines,,1688949
San Miguel,Philippines,,1688954
San Mateo,Philippines,,1689052
San Mateo,Philippines,,1689056
San Mariano,Philippines,,1689087
San Marcelino,Philippines,,1689099
San Luis,Philippines,,1689129
San Leonardo,Philippines,,1689171
San Juan,Philippines,,1689286
San Jose del Monte,Philippines,,1689395
San Jose,Philippines,,1689498
San Jose,Philippines,,1689510
San Ildefonso,Philippines,,1689832
San Francisco,Philippines,,1689973
Aurora,Philippines,,1689994
San Francisco,Philippines,,1690019
San Fernando,Philippines,,1690033
San Fernando,Philippines,,1690039
San Fernando,Philippines,,1690060
Sanchez-Mira,Philippines,,1690194
San Antonio,Philippines,,1690313
San Antonio,Philippines,,1690321
Sampaloc,Philippines,,1690570
Samal,Philippines,,1690664
Samal,Philippines,,1690666
Sagay,Philippines,,1691150
Sablayan,Philippines,,1691280
Roxas,Philippines,,1691441
Roxas City,Philippines,,1691444
Roxas,Philippines,,1691446
Rosario,Philippines,,1691490
Romblon,Philippines,,1691538
Rizal,Philippines,,1691606
Recodo,Philippines,,1691804
Ramos,Philippines,,1691904
Ramon,Philippines,,1691911
Quiapo,Philippines,,1692184
Quezon City,Philippines,,1692192
Quezon,Philippines,,1692199
Quezon,Philippines,,1692214
Pulupandan,Philippines,,1692489
Pulong Santa Cruz,Philippines,,1692520
Pulilan,Philippines,,1692565
Puerto Princesa,Philippines,,1692685
Port Area,Philippines,,1692872
Porac,Philippines,,1692914
Polomolok,Philippines,,1693077
Polangui,Philippines,,1693136
Plaridel,Philippines,,1693239
Pio,Philippines,,1693401
Pinamungahan,Philippines,,1693574
Pinamalayan,Philippines,,1693618
Pililla,Philippines,,1693778
Pilar,Philippines,,1693839
Pila,Philippines,,1693870
Peñaranda,Philippines,,1694075
Patuto,Philippines,,1694290
Pateros,Philippines,,1694403
Passi,Philippines,,1694498
Pasay,Philippines,,1694611
Parang,Philippines,,1694775
Paranaque City,Philippines,,1694781
Paraiso,Philippines,,1694791
Papaya,Philippines,,1694826
Paombong,Philippines,,1694861
Pantubig,Philippines,,1694914
Paniqui,Philippines,,1695097
Pangil,Philippines,,1695283
Pandi,Philippines,,1695462
Pandacaqui,Philippines,,1695583
Panalanoy,Philippines,,1695743
Panabo,Philippines,,1695804
Palo,Philippines,,1696041
Palayan City,Philippines,,1696165
Pagbilao,Philippines,,1696614
Pagaluñgan,Philippines,,1696683
Pagadian,Philippines,,1696710
Paete,Philippines,,1696718
Pacol,Philippines,,1696814
Paco,Philippines,,1696817
Ozamiz City,Philippines,,1696899
Oroquieta,Philippines,,1697006
Ormoc,Philippines,,1697018
Orion,Philippines,,1697023
Orani,Philippines,,1697046
Olongapo,Philippines,,1697175
Obando,Philippines,,1697376
Oas,Philippines,,1697384
Nunungan,Philippines,,1697421
Noveleta,Philippines,,1697486
Norzagaray,Philippines,,1697497
New Corella,Philippines,,1697773
Navotas,Philippines,,1697846
Nasugbu,Philippines,,1698030
Narra,Philippines,,1698103
Naic,Philippines,,1698548
Nagcarlan,Philippines,,1698740
Naga,Philippines,,1698829
Naga,Philippines,,1698839
Nabunturan,Philippines,,1698887
Nabua,Philippines,,1698921
Muricay,Philippines,,1699054
Murcia,Philippines,,1699060
Muñoz,Philippines,,1699088
Morong,Philippines,,1699204
Morong,Philippines,,1699205
Rodriguez,Philippines,,1699296
Monkayo,Philippines,,1699323
Molave,Philippines,,1699388
Minglanilla,Philippines,,1699572
Midsayap,Philippines,,1699755
Meycauayan,Philippines,,1699802
Mexico,Philippines,,1699805
Mercedes,Philippines,,1699833
Mendez-Nuñez,Philippines,,1699858
Mauban,Philippines,,1700179
Mati,Philippines,,1700360
Masinloc,Philippines,,1700665
Masbate,Philippines,,1700712
Masantol,Philippines,,1700753
Mariveles,Philippines,,1700868
Marilao,Philippines,,1700917
Marikina City,Philippines,,1700925
Mariano,Philippines,,1700980
Marawi City,Philippines,,1701053
Maramag,Philippines,,1701124
Maragondon,Philippines,,1701149
Mantampay,Philippines,,1701472
Mansilingan,Philippines,,1701500
Mansalay,Philippines,,1701516
Manolo Fortich,Philippines,,1701537
Manila,Philippines,,1701668
Manibaug Pasig,Philippines,,1701692
Mangaldan,Philippines,,1701872
Mandaue City,Philippines,,1701947
Mandaluyong City,Philippines,,1701966
Mankayan,Philippines,,1702002
Manay,Philippines,,1702032
Manapla,Philippines,,1702077
Manaoag,Philippines,,1702096
Mamburao,Philippines,,1702263
Mamatid,Philippines,,1702372
Malvar,Philippines,,1702413
Maluso,Philippines,,1702425
Maluñgun,Philippines,,1702442
Malolos,Philippines,,1702540
Malita,Philippines,,1702649
Malilipot,Philippines,,1702763
Malaybalay,Philippines,,1702934
Malapatan,Philippines,,1703051
Malanday,Philippines,,1703115
Malanday,Philippines,,1703116
Malabon,Philippines,,1703320
Malabanban Norte,Philippines,,1703355
Makati City,Philippines,,1703417
Mahayag,Philippines,,1703598
Magsaysay,Philippines,,1703773
Magarao,Philippines,,1704002
Maganoy,Philippines,,1704021
Magalang,Philippines,,1704067
Mabalacat City,Philippines,,1704703
Maasin,Philippines,,1704758
Maao,Philippines,,1704781
Lupon,Philippines,,1704968
Lumbang,Philippines,,1705190
Lucena,Philippines,,1705357
Lucban,Philippines,,1705367
Lubao,Philippines,,1705440
Los Baños,Philippines,,1705536
Lopez,Philippines,,1705572
Loma de Gato,Philippines,,1705771
Loboc,Philippines,,1705871
Lipa City,Philippines,,1706090
Lingayen,Philippines,,1706188
Limay,Philippines,,1706361
Liloan,Philippines,,1706393
Lilio,Philippines,,1706402
Libon,Philippines,,1706609
Libertad,Philippines,,1706684
Legaspi,Philippines,,1706889
Laur,Philippines,,1707049
La Trinidad,Philippines,,1707123
Las Piñas,Philippines,,1707174
Lapu-Lapu City,Philippines,,1707267
La Paz,Philippines,,1707324
Laoang,Philippines,,1707398
Laoag,Philippines,,1707404
Laguilayan,Philippines,,1708056
La Castellana,Philippines,,1708217
La Carlota,Philippines,,1708226
Labo,Philippines,,1708291
Koronadal,Philippines,,1708522
Kidapawan,Philippines,,1708824
Kawit,Philippines,,1709003
Kalibo (poblacion),Philippines,,1709632
Kabankalan,Philippines,,1709968
Kabacan,Philippines,,1710011
Jose Pañganiban,Philippines,,1710103
Jolo,Philippines,,1710141
Jasaan,Philippines,,1710258
Jalajala,Philippines,,1710357
Jagna,Philippines,,1710378
Jaen,Philippines,,1710389
Itogon,Philippines,,1710441
Isulan,Philippines,,1710470
Isabela,Philippines,,1710518
City of Isabela,Philippines,,1710519
Irosin,Philippines,,1710531
Iriga City,Philippines,,1710544
Ipil,Philippines,,1710612
Inopacan,Philippines,,1710666
Indang,Philippines,,1710770
Inabanga,Philippines,,1710908
Imus,Philippines,,1710914
Impasugong,Philippines,,1710932
Iloilo,Philippines,,1711005
Iligan City,Philippines,,1711082
Iligan,Philippines,,1711084
Ilagan,Philippines,,1711146
Iba,Philippines,,1711437
Hinigaran,Philippines,,1711621
Himamaylan,Philippines,,1711718
Hermosa,Philippines,,1711829
Hagonoy,Philippines,,1711982
Guyong,Philippines,,1712051
Gumaca,Philippines,,1712162
Guiset East,Philippines,,1712232
Guimba,Philippines,,1712488
Guihulñgan,Philippines,,1712520
Guiguinto,Philippines,,1712531
Goa,Philippines,,1712808
Glan,Philippines,,1712819
Gingoog,Philippines,,1712875
Gerona,Philippines,,1713004
General Trias,Philippines,,1713014
General Tinio,Philippines,,1713018
General Santos,Philippines,,1713022
General Mamerto Natividad,Philippines,,1713027
Gapan,Philippines,,1713226
Esperanza,Philippines,,1713767
Escalante,Philippines,,1713818
Enrique B. Magalona,Philippines,,1713857
Dupax del Sur,Philippines,,1714050
Dupax Del Norte,Philippines,,1714052
Dumaguete,Philippines,,1714201
Don Carlos,Philippines,,1714441
Domalanoan,Philippines,,1714482
Dologon,Philippines,,1714519
Dipolog,Philippines,,1714674
Dinalupihan,Philippines,,1714766
Digos,Philippines,,1714956
Diadi,Philippines,,1715094
Del Pilar,Philippines,,1715169
Davao,Philippines,,1715348
Dasmariñas,Philippines,,1715430
Dapitan,Philippines,,1715542
Danao,Philippines,,1715804
Danao,Philippines,,1715812
Dagupan,Philippines,,1716198
Daet,Philippines,,1716287
Cuenca,Philippines,,1716618
Cotabato,Philippines,,1716771
Cordova,Philippines,,1716858
Consolacion,Philippines,,1716924
Concepcion,Philippines,,1716995
Concepcion Ibaba,Philippines,,1717008
Compostela,Philippines,,1717051
Compostela,Philippines,,1717053
Cebu City,Philippines,,1717512
Cavite City,Philippines,,1717641
Catbalogan,Philippines,,1717911
Catarman,Philippines,,1717926
Catanauan,Philippines,,1717960
Castillejos,Philippines,,1718078
Carmona,Philippines,,1718306
Cogan,Philippines,,1718328
Carigara,Philippines,,1718393
Cardona,Philippines,,1718426
Carcar,Philippines,,1718436
Capas,Philippines,,1718722
Canlaon,Philippines,,1719053
Candelaria,Philippines,,1719274
Candaba,Philippines,,1719329
Camiling,Philippines,,1719683
Calumpit,Philippines,,1720034
Calumpang,Philippines,,1720052
Caloocan City,Philippines,,1720151
Calbayog City,Philippines,,1720402
Calauan,Philippines,,1720464
Calauag,Philippines,,1720472
Calatagan,Philippines,,1720499
Calasiao,Philippines,,1720508
Calapan,Philippines,,1720561
Calamba,Philippines,,1720681
Calaca,Philippines,,1720751
Calabanga,Philippines,,1720793
Cainta,Philippines,,1720840
Cagayan de Oro,Philippines,,1721080
Cadiz,Philippines,,1721168
Cabuyao,Philippines,,1721281
Cabiao,Philippines,,1721636
Cabayangan,Philippines,,1721695
Cabanatuan City,Philippines,,1721906
Cabagan,Philippines,,1722005
Cabadbaran,Philippines,,1722032
Butuan,Philippines,,1722186
Bustos,Philippines,,1722267
Boroon,Philippines,,1722356
Burgos,Philippines,,1722433
Bunawan,Philippines,,1722731
Buluan,Philippines,,1722818
Bulaon,Philippines,,1722930
Bulan,Philippines,,1722985
Bulacan,Philippines,,1723066
Buhi,Philippines,,1723166
Bugo,Philippines,,1723257
Buenavista,Philippines,,1723481
Budta,Philippines,,1723510
Brookes Point,Philippines,,1723763
Botolan,Philippines,,1723822
Borongan,Philippines,,1723893
Bongao,Philippines,,1724088
Bongabon,Philippines,,1724106
Bogo,Philippines,,1724435
Bocaue,Philippines,,1724489
Bislig,Philippines,,1724767
Binonga,Philippines,,1724933
Binondo,Philippines,,1724936
Binmaley,Philippines,,1724956
Binangonan,Philippines,,1725094
Biñan,Philippines,,1725115
Binalbagan,Philippines,,1725157
Bignay Uno,Philippines,,1725359
Upper Bicutan,Philippines,,1725426
Bel Air,Philippines,,1725627
Bayugan,Philippines,,1725684
Bayombong,Philippines,,1725729
Baybay,Philippines,,1725799
Bayawan,Philippines,,1725804
Bayambang,Philippines,,1725863
Bay,Philippines,,1725919
Bauang,Philippines,,1725983
Bauan,Philippines,,1725991
Bato,Philippines,,1726156
Batangas,Philippines,,1726280
Batac City,Philippines,,1726339
Baras,Philippines,,1726765
Bantayan,Philippines,,1727043
Bansalan,Philippines,,1727080
Bañga,Philippines,,1727400
Bambang,Philippines,,1727663
Bamban,Philippines,,1727681
Baliuag,Philippines,,1727995
Balayan,Philippines,,1728336
Balanga,Philippines,,1728523
Balamban,Philippines,,1728546
Balagtas,Philippines,,1728584
Bais,Philippines,,1728772
Bah-Bah,Philippines,,1728825
Baguio,Philippines,,1728930
Bago City,Philippines,,1729085
Baggabag B,Philippines,,1729324
Bacoor,Philippines,,1729524
Bacolod City,Philippines,,1729564
Baclaran,Philippines,,1729613
Babo-Pangulo,Philippines,,1729734
Baao,Philippines,,1729814
Atimonan,Philippines,,1729987
Asia,Philippines,,1730097
Aringay,Philippines,,1730171
Arayat,Philippines,,1730225
Aparri,Philippines,,1730398
Apalit,Philippines,,1730413
Antipolo,Philippines,,1730501
Angono,Philippines,,1730713
Angeles City,Philippines,,1730737
Angat,Philippines,,1730749
Amadeo,Philippines,,1731212
Alicia,Philippines,,1731486
Aliaga,Philippines,,1731528
Alaminos,Philippines,,1731686
Alabel,Philippines,,1731744
Agoo,Philippines,,1731959
Aglipay,Philippines,,1732040
Abuyog,Philippines,,1732312
Abucay,Philippines,,1732354
Bagong Pagasa,Philippines,,1966336
Malingao,Philippines,,1978681
Jose Rizal,Philippines,,7083355
Bagong Silangan,Philippines,,7090987
Pasig City,Philippines,,7290466
Pandan,Philippines,,8299649
Ayala Alabang,Philippines,,8335226
Banco Filipino Homes,Philippines,,8534157
Apas,Philippines,,10628881
General Salipada K. Pendatun,Philippines,,13060471
Bagong Silang,Philippines,,13060482
Al-Barka,Philippines,,13118057
Mandaluyong,Philippines,,13118244
Chuhar Jamali,Pakistan,,1108161
Rawalakot,Pakistan,,1161983
Pir Jo Goth,Pakistan,,1161991
Khairpur Mir’s,Pakistan,,1162004
Zhob,Pakistan,,1162105
Zaida,Pakistan,,1162261
Zahir Pir,Pakistan,,1162275
Zafarwal,Pakistan,,1162285
Yazman,Pakistan,,1162316
Wazirabad,Pakistan,,1162456
Chak Five Hundred Seventy-five,Pakistan,,1162572
Warah,Pakistan,,1162589
Vihari,Pakistan,,1162813
Utmanzai,Pakistan,,1162855
Uthal,Pakistan,,1162862
Usta Muhammad,Pakistan,,1162868
Umarkot,Pakistan,,1162959
Ubauro,Pakistan,,1163021
Turbat,Pakistan,,1163054
Tordher,Pakistan,,1163198
Topi,Pakistan,,1163224
Toba Tek Singh,Pakistan,,1163272
Thul,Pakistan,,1163414
Thatta,Pakistan,,1163582
Tharu Shah,Pakistan,,1163595
Taunsa,Pakistan,,1163724
Tank,Pakistan,,1163905
Tangi,Pakistan,,1163927
Tando Muhammad Khan,Pakistan,,1163952
Tando Jam,Pakistan,,1163958
Tando Allahyar,Pakistan,,1163965
Tando Adam,Pakistan,,1163967
Tandlianwala,Pakistan,,1163968
Talhar,Pakistan,,1164045
Talamba,Pakistan,,1164064
Talagang,Pakistan,,1164069
Thal,Pakistan,,1164076
Swabi,Pakistan,,1164216
Surkhpur,Pakistan,,1164245
Sukkur,Pakistan,,1164408
Sukheke Mandi,Pakistan,,1164419
Sodhri,Pakistan,,1164679
Sita Road,Pakistan,,1164716
Sinjhoro,Pakistan,,1164776
Sillanwali,Pakistan,,1164825
Sibi,Pakistan,,1164896
Sialkot,Pakistan,,1164909
Shujaabad,Pakistan,,1164970
Shorkot,Pakistan,,1164987
Shikarpur,Pakistan,,1165108
Shekhupura,Pakistan,,1165221
Sharqpur Sharif,Pakistan,,1165260
Shakargarh,Pakistan,,1165388
Shahr Sultan,Pakistan,,1165486
Shahpur Chakar,Pakistan,,1165507
Shahkot,Pakistan,,1165569
Shahdadpur,Pakistan,,1165635
Shahdad Kot,Pakistan,,1165638
Shabqadar,Pakistan,,1165744
Sehwan,Pakistan,,1165789
Sargodha,Pakistan,,1166000
Sarai Sidhu,Pakistan,,1166062
Sarai Naurang,Pakistan,,1166066
Sarai Alamgir,Pakistan,,1166073
Sangla Hill,Pakistan,,1166146
Sanghar,Pakistan,,1166164
Sambrial,Pakistan,,1166265
Sakrand,Pakistan,,1166381
Sahiwal,Pakistan,,1166547
Sahiwal,Pakistan,,1166548
Saddiqabad,Pakistan,,1166652
Rohri,Pakistan,,1166827
Renala Khurd,Pakistan,,1166933
Rawalpindi,Pakistan,,1166993
Ratodero,Pakistan,,1167031
Ranipur,Pakistan,,1167142
Rajanpur,Pakistan,,1167380
Raja Jang,Pakistan,,1167386
Raiwind,Pakistan,,1167398
Rahim Yar Khan,Pakistan,,1167460
Goth Radhan,Pakistan,,1167501
Rabwah,Pakistan,,1167507
Quetta,Pakistan,,1167528
Kambar,Pakistan,,1167622
Qadirpur Ran,Pakistan,,1167648
Pishin,Pakistan,,1167821
Pir Mahal,Pakistan,,1167873
Pindi Gheb,Pakistan,,1168015
Pindi Bhattian,Pakistan,,1168021
Pind Dadan Khan,Pakistan,,1168036
Phalia,Pakistan,,1168166
Peshawar,Pakistan,,1168197
Pattoki,Pakistan,,1168226
Pasrur,Pakistan,,1168307
Pasni,Pakistan,,1168312
Pano Aqil,Pakistan,,1168412
Pakpattan,Pakistan,,1168555
Paharpur,Pakistan,,1168633
Pad Idan,Pakistan,,1168652
Pabbi,Pakistan,,1168680
Okara,Pakistan,,1168718
Nushki,Pakistan,,1168749
New Mirpur,Pakistan,,1169027
Nawabshah,Pakistan,,1169116
Naushahro Firoz,Pakistan,,1169143
Naushahra Virkan,Pakistan,,1169145
Naudero,Pakistan,,1169187
Nasirabad,Pakistan,,1169254
Narowal,Pakistan,,1169278
Narang Mandi,Pakistan,,1169334
Naukot,Pakistan,,1169367
Nankana Sahib,Pakistan,,1169372
Muzaffargarh,Pakistan,,1169605
Muzaffarābād,Pakistan,,1169607
Mustafabad,Pakistan,,1169620
Murree,Pakistan,,1169684
Muridke,Pakistan,,1169692
Multan,Pakistan,,1169825
Moro,Pakistan,,1170013
Mithi,Pakistan,,1170219
Mitha Tiwana,Pakistan,,1170222
Mirpur Mathelo,Pakistan,,1170294
Mirpur Khas,Pakistan,,1170295
Mingora,Pakistan,,1170395
Minchianabad,Pakistan,,1170398
Mianwali,Pakistan,,1170425
Mian Sahib,Pakistan,,1170436
Mian Channun,Pakistan,,1170486
Mehrabpur,Pakistan,,1170564
Mehar,Pakistan,,1170584
Matli,Pakistan,,1170667
Matiari,Pakistan,,1170677
Mastung,Pakistan,,1170706
Mardan,Pakistan,,1170880
Mansehra,Pakistan,,1170951
Mangla,Pakistan,,1171050
Mandi Bahauddin,Pakistan,,1171123
Mananwala,Pakistan,,1171165
Mamu Kanjan,Pakistan,,1171198
Malir Cantonment,Pakistan,,1171305
Malakwal,Pakistan,,1171376
Mailsi,Pakistan,,1171502
Mach,Pakistan,,1171757
Loralai,Pakistan,,1171868
Lodhran,Pakistan,,1171965
Layyah,Pakistan,,1172035
Larkana,Pakistan,,1172128
Lalian,Pakistan,,1172295
Lala Musa,Pakistan,,1172318
Lakki,Pakistan,,1172339
Lahore,Pakistan,,1172451
Ladhewala Waraich,Pakistan,,1172488
Lachi,Pakistan,,1172513
Kunri,Pakistan,,1172657
Kunjah,Pakistan,,1172663
Kundian,Pakistan,,1172682
Kulachi,Pakistan,,1172779
Kot Samaba,Pakistan,,1172888
Kotri,Pakistan,,1172904
Kot Radha Kishan,Pakistan,,1172915
Kot Mumin,Pakistan,,1172964
Kot Malik Barkhurdar,Pakistan,,1172993
Kotli Loharan,Pakistan,,1173025
Kotli,Pakistan,,1173055
Kot Ghulam Muhammad,Pakistan,,1173272
Kot Diji,Pakistan,,1173302
Kot Addu,Pakistan,,1173378
Kohat,Pakistan,,1173491
Khuzdar,Pakistan,,1173664
Khushāb,Pakistan,,1173687
Khurarianwala,Pakistan,,1173692
Khewra,Pakistan,,1173920
Kharian,Pakistan,,1174042
Kharan,Pakistan,,1174062
Khanpur,Pakistan,,1174167
Khanpur Mahar,Pakistan,,1174171
Khangarh,Pakistan,,1174211
Khangah Dogran,Pakistan,,1174217
Khalabat,Pakistan,,1174301
Khairpur Nathan Shah,Pakistan,,1174344
Khairpur Tamewah,Pakistan,,1174355
Khairpur,Pakistan,,1174357
Kasur,Pakistan,,1174625
Kashmor,Pakistan,,1174653
Karor,Pakistan,,1174720
Karachi,Pakistan,,1174872
Kanganpur,Pakistan,,1174984
Kandiaro,Pakistan,,1175010
Kandhkot,Pakistan,,1175021
Kamra,Pakistan,,1175082
Kamoke,Pakistan,,1175088
Chak One Hundred Twenty Nine Left,Pakistan,,1175098
Kamar Mushani,Pakistan,,1175125
Kamalia,Pakistan,,1175156
Kalur Kot,Pakistan,,1175180
Kallar Kahar,Pakistan,,1175232
Kaleke Mandi,Pakistan,,1175283
Kalat,Pakistan,,1175296
Kalabagh,Pakistan,,1175365
Kahuta,Pakistan,,1175436
Kahror Pakka,Pakistan,,1175446
Kahna Nau,Pakistan,,1175453
Kabirwala,Pakistan,,1175560
Johi,Pakistan,,1175678
Jiwani,Pakistan,,1175712
Chak Jhumra,Pakistan,,1175748
Jhol,Pakistan,,1175762
Jhelum,Pakistan,,1175864
Jhawarian,Pakistan,,1175870
Jhang Sadr,Pakistan,,1175892
Jauharabad,Pakistan,,1176022
Jatoi Shimali,Pakistan,,1176035
Jaranwala,Pakistan,,1176106
Jand,Pakistan,,1176218
Jampur,Pakistan,,1176241
Jalalpur Pirwala,Pakistan,,1176358
Jalalpur Jattan,Pakistan,,1176368
Jahanian Shah,Pakistan,,1176444
Jacobabad,Pakistan,,1176515
Islamabad,Pakistan,,1176615
Hyderabad,Pakistan,,1176734
Hujra Shah Muqim,Pakistan,,1176800
Hingorja,Pakistan,,1176889
Hazro City,Pakistan,,1176948
Havelian,Pakistan,,1176995
Haveli Lakha,Pakistan,,1176997
Hasilpur,Pakistan,,1177042
Chak Thirty-one -Eleven Left,Pakistan,,1177064
Harunabad,Pakistan,,1177073
Harnoli,Pakistan,,1177089
Haripur,Pakistan,,1177107
Hangu,Pakistan,,1177203
Hala,Pakistan,,1177278
Hafizabad,Pakistan,,1177384
Hadali,Pakistan,,1177397
Gwadar,Pakistan,,1177446
Gujrat,Pakistan,,1177654
Gujranwala,Pakistan,,1177662
Gujar Khan,Pakistan,,1177682
Gojra,Pakistan,,1178231
Ghotki,Pakistan,,1178456
Ghauspur,Pakistan,,1178560
Gharo,Pakistan,,1178587
Garh Maharaja,Pakistan,,1178841
Gambat,Pakistan,,1179061
Fort Abbas,Pakistan,,1179223
Fazilpur,Pakistan,,1179255
Fatehpur,Pakistan,,1179305
Faruka,Pakistan,,1179346
Faqirwali,Pakistan,,1179377
Faisalabad,Pakistan,,1179400
Eminabad,Pakistan,,1179406
Dunyapur,Pakistan,,1179450
Dunga Bunga,Pakistan,,1179463
Dullewala,Pakistan,,1179496
Upper Dir,Pakistan,,1179757
Dipalpur,Pakistan,,1179760
Dinga,Pakistan,,1179790
Dijkot,Pakistan,,1179834
Digri,Pakistan,,1179837
Dhoro Naro,Pakistan,,1179902
Dhanot,Pakistan,,1180133
Dera Ismail Khan,Pakistan,,1180281
Dera Ghazi Khan,Pakistan,,1180289
Dera Bugti,Pakistan,,1180295
Daur,Pakistan,,1180374
Daud Khel,Pakistan,,1180419
Daska Kalan,Pakistan,,1180436
Darya Khan,Pakistan,,1180454
Dajal,Pakistan,,1180752
Dadu,Pakistan,,1180809
Dadhar,Pakistan,,1180825
Chunian,Pakistan,,1180942
Chuhar Kana,Pakistan,,1180983
Chhor,Pakistan,,1181022
Choa Saidan Shah,Pakistan,,1181053
Chishtian,Pakistan,,1181073
Chiniot,Pakistan,,1181096
Chichawatni,Pakistan,,1181163
Chawinda,Pakistan,,1181352
Charsadda,Pakistan,,1181439
Chaman,Pakistan,,1181611
Chakwal,Pakistan,,1181636
Chak Azam Sahu,Pakistan,,1181887
Burewala,Pakistan,,1182092
Bhopalwala,Pakistan,,1182577
Bhit Shah,Pakistan,,1182607
Bhimber,Pakistan,,1182637
Bhera,Pakistan,,1182665
Bhawana,Pakistan,,1182682
Bhan,Pakistan,,1182775
Bhalwal,Pakistan,,1182787
Bhakkar,Pakistan,,1182815
Mianke Mor,Pakistan,,1182829
Bela,Pakistan,,1182998
Bat Khela,Pakistan,,1183090
Battagram,Pakistan,,1183105
Basirpur,Pakistan,,1183224
Bannu,Pakistan,,1183460
Bahawalpur,Pakistan,,1183880
Bahawalnagar,Pakistan,,1183883
Badin,Pakistan,,1184055
Baddomalhi,Pakistan,,1184075
Attock City,Pakistan,,1184249
Arifwala,Pakistan,,1184370
Aman Garh,Pakistan,,1184569
Alipur,Pakistan,,1184655
Akora,Pakistan,,1184752
Ahmadpur East,Pakistan,,1184845
Abbottabad,Pakistan,,1185056
Bahawalnagar,Pakistan,,1332083
Nowshera Cantonment,Pakistan,,1341204
Ahmadpur Sial,Pakistan,,1356491
New Badah,Pakistan,,1357699
Setharja Old,Pakistan,,1412008
Sook Kalan,Pakistan,,1412851
Risalpur Cantonment,Pakistan,,1448637
Malakwal City,Pakistan,,6457378
Arif Wala,Pakistan,,11250625
Wah Cantt,Pakistan,,11785389
Żyrardów,Poland,,752967
Żoliborz,Poland,,753142
Zielonka,Poland,,753276
Zamość,Poland,,753866
Zambrów,Poland,,753895
Ząbki,Poland,,754351
Wyszków,Poland,,754454
Wołomin,Poland,,754800
Wola,Poland,,755330
Włochy,Poland,,755475
Wieliczka,Poland,,755889
Wesoła,Poland,,756004
Wawer,Poland,,756092
Warsaw,Poland,,756135
Ursus,Poland,,756320
Tomaszów Mazowiecki,Poland,,756867
Tomaszów Lubelski,Poland,,756868
Tarnów,Poland,,757026
Tarnobrzeg,Poland,,757033
Targówek,Poland,,757065
Szczytno,Poland,,757357
Świdnik,Poland,,757692
Suwałki,Poland,,757718
Sulejówek,Poland,,757809
Staszów,Poland,,758252
Starachowice,Poland,,758390
Stalowa Wola,Poland,,758445
Śródmieście,Poland,,758470
Sokołów Podlaski,Poland,,758626
Sokółka,Poland,,758651
Sochaczew,Poland,,758682
Skierniewice,Poland,,759123
Skarżysko-Kamienna,Poland,,759141
Siemiatycze,Poland,,759320
Siedlce,Poland,,759412
Sanok,Poland,,759591
Sandomierz,Poland,,759603
Rzeszów,Poland,,759734
Ropczyce,Poland,,760343
Rembertów,Poland,,760503
Rawa Mazowiecka,Poland,,760584
Radzyń Podlaski,Poland,,760680
Radom,Poland,,760778
Pułtusk,Poland,,760917
Puławy,Poland,,760924
Przeworsk,Poland,,761131
Przemyśl,Poland,,761168
Przasnysz,Poland,,761218
Pruszków,Poland,,761228
Płońsk,Poland,,762021
Pisz,Poland,,762120
Pionki,Poland,,762199
Piastów,Poland,,762381
Piaseczno,Poland,,762423
Otwock,Poland,,762788
Ostrów Mazowiecka,Poland,,762850
Ostrowiec Świętokrzyski,Poland,,762863
Ostrołęka,Poland,,762909
Opoczno,Poland,,763111
Olsztyn,Poland,,763166
Olecko,Poland,,763291
Ochota,Poland,,763442
Nowy Targ,Poland,,763523
Nowy Sącz,Poland,,763534
Nowy Dwór Mazowiecki,Poland,,763556
Nisko,Poland,,763829
Mrągowo,Poland,,764312
Mokotów,Poland,,764484
Mława,Poland,,764634
Mińsk Mazowiecki,Poland,,764679
Milanówek,Poland,,764749
Mielec,Poland,,764849
Międzyrzec Podlaski,Poland,,764862
Marki,Poland,,765191
Łuków,Poland,,765749
Lublin,Poland,,765876
Lubartów,Poland,,765927
Łomża,Poland,,766027
Łomianki,Poland,,766042
Lidzbark Warmiński,Poland,,766307
Legionowo,Poland,,766555
Łęczna,Poland,,766583
Łapy,Poland,,766783
Łańcut,Poland,,766810
Krosno,Poland,,767470
Krasnystaw,Poland,,767605
Kraśnik,Poland,,767623
Kozienice,Poland,,767814
Konstancin-Jeziorna,Poland,,768216
Końskie,Poland,,768218
Kobyłka,Poland,,768905
Kielce,Poland,,769250
Kętrzyn,Poland,,769274
Kabaty,Poland,,769893
Józefów,Poland,,769981
Jędrzejów,Poland,,770157
Jasło,Poland,,770293
Jarosław,Poland,,770380
Hrubieszów,Poland,,770966
Hajnówka,Poland,,771158
Grodzisk Mazowiecki,Poland,,771401
Grajewo,Poland,,771506
Gorlice,Poland,,771804
Giżycko,Poland,,772195
Gierłoż,Poland,,772227
Garwolin,Poland,,772339
Ełk,Poland,,772621
Działdowo,Poland,,772748
Dęblin,Poland,,773357
Dębica,Poland,,773380
Ciechanów,Poland,,774208
Chełm,Poland,,774558
Busko-Zdrój,Poland,,774747
Brzesko,Poland,,775183
Bochnia,Poland,,775758
Biłgoraj,Poland,,775922
Bieńczyce,Poland,,775984
Bielsk Podlaski,Poland,,775986
Bielany,Poland,,776029
Białystok,Poland,,776069
Białołeka,Poland,,776103
Biała Podlaska,Poland,,776175
Bemowo,Poland,,776251
Bartoszyce,Poland,,776337
Augustów,Poland,,776597
Żywiec,Poland,,3079855
Żory,Poland,,3080004
Złotów,Poland,,3080071
Złotoryja,Poland,,3080074
Zielona Góra,Poland,,3080165
Zgorzelec,Poland,,3080231
Zgierz,Poland,,3080251
Zduńska Wola,Poland,,3080414
Zawiercie,Poland,,3080526
Żary,Poland,,3080644
Zakopane,Poland,,3080866
Żagań,Poland,,3080944
Zabrze,Poland,,3080985
Ząbkowice Śląskie,Poland,,3081046
Wrzeszcz,Poland,,3081318
Września,Poland,,3081324
Wrocław,Poland,,3081368
Wodzisław Śląski,Poland,,3081677
Włocławek,Poland,,3081741
Wieluń,Poland,,3082197
Wejherowo,Poland,,3082473
Wałcz,Poland,,3082704
Wałbrzych,Poland,,3082707
Wągrowiec,Poland,,3082712
Wadowice,Poland,,3082722
Ustroń,Poland,,3082751
Ustka,Poland,,3082756
Tychy,Poland,,3082914
Turek,Poland,,3082998
Trzebinia,Poland,,3083111
Trzcianka,Poland,,3083185
Toruń,Poland,,3083271
Tczew,Poland,,3083426
Tarnowskie Góry,Poland,,3083440
Szczecinek,Poland,,3083826
Szczecin,Poland,,3083829
Szamotuły,Poland,,3083878
Świnoujście,Poland,,3083955
Świętochłowice,Poland,,3083988
Świebodzin,Poland,,3084062
Świecie,Poland,,3084074
Świebodzice,Poland,,3084084
Świdwin,Poland,,3084085
Świdnica,Poland,,3084093
Swarzędz,Poland,,3084130
Sulechów,Poland,,3084241
Strzelce Opolskie,Poland,,3084415
Strzegom,Poland,,3084440
Starogard Gdański,Poland,,3084826
Stargard,Poland,,3084840
Środa Wielkopolska,Poland,,3085045
Śrem,Poland,,3085056
Sosnowiec,Poland,,3085128
Sopot,Poland,,3085151
Solec Kujawski,Poland,,3085172
Słupsk,Poland,,3085450
Słubice,Poland,,3085495
Skawina,Poland,,3085807
Sierpc,Poland,,3085941
Sieradz,Poland,,3085978
Siemianowice Śląskie,Poland,,3086024
Rypin,Poland,,3086511
Rydułtowy,Poland,,3086531
Rybnik,Poland,,3086586
Rumia,Poland,,3086706
Ruda Śląska,Poland,,3086800
Reda,Poland,,3087281
Rawicz,Poland,,3087307
Radzionków,Poland,,3087418
Radomsko,Poland,,3087497
Radlin,Poland,,3087529
Racibórz,Poland,,3087584
Pyskowice,Poland,,3087628
Pszczyna,Poland,,3087705
Pruszcz Gdański,Poland,,3088034
Prudnik,Poland,,3088065
Poznań,Poland,,3088171
Polkowice,Poland,,3088435
Police,Poland,,3088461
Płock,Poland,,3088825
Pleszew,Poland,,3088848
Piotrków Trybunalski,Poland,,3088972
Piła,Poland,,3089033
Piekary Śląskie,Poland,,3089125
Pabianice,Poland,,3089578
Ozorków,Poland,,3089582
Oświęcim,Poland,,3089658
Ostrów Wielkopolski,Poland,,3089684
Ostróda,Poland,,3089779
Osowa,Poland,,3089823
Orzesze,Poland,,3089965
Opole,Poland,,3090048
Olkusz,Poland,,3090146
Oleśnica,Poland,,3090170
Oława,Poland,,3090205
Oborniki,Poland,,3090403
Nysa,Poland,,3090436
Nowy Tomyśl,Poland,,3090452
Nowogard,Poland,,3090558
Nowa Sól,Poland,,3090764
Nowa Ruda,Poland,,3090768
Namysłów,Poland,,3091141
Nakło nad Notecią,Poland,,3091150
Myszków,Poland,,3091217
Mysłowice,Poland,,3091232
Myślenice,Poland,,3091256
Mikołów,Poland,,3091831
Międzyrzecz,Poland,,3091969
Malbork,Poland,,3092472
Luboń,Poland,,3092856
Lubliniec,Poland,,3092906
Lubin,Poland,,3092931
Lubań,Poland,,3093040
Łowicz,Poland,,3093066
Łódź,Poland,,3093133
Libiąż,Poland,,3093457
Leszno,Poland,,3093524
Legnica,Poland,,3093692
Lędziny,Poland,,3093708
Łęczyca,Poland,,3093726
Lębork,Poland,,3093739
Łaziska Górne,Poland,,3093785
Łask,Poland,,3093902
Kwidzyn,Poland,,3094086
Kutno,Poland,,3094170
Krotoszyn,Poland,,3094625
Krapkowice,Poland,,3094788
Kraków,Poland,,3094802
Koszalin,Poland,,3095049
Kostrzyn nad Odrą,Poland,,3095057
Kościerzyna,Poland,,3095126
Kościan,Poland,,3095151
Konstantynów Łódzki,Poland,,3095277
Konin,Poland,,3095321
Kołobrzeg,Poland,,3095795
Koło,Poland,,3095797
Knurów,Poland,,3095971
Kluczbork,Poland,,3096003
Kłodzko,Poland,,3096053
Kęty,Poland,,3096328
Kędzierzyn-Koźle,Poland,,3096372
Katowice,Poland,,3096472
Kartuzy,Poland,,3096525
Kamienna Góra,Poland,,3096779
Kalisz,Poland,,3096880
Jelenia Góra,Poland,,3097257
Jelcz,Poland,,3097271
Jaworzno,Poland,,3097333
Jawor,Poland,,3097367
Jastrzębie Zdrój,Poland,,3097391
Jarocin,Poland,,3097528
Inowrocław,Poland,,3097872
Iława,Poland,,3097902
Gubin,Poland,,3098130
Grzegórzki,Poland,,3098171
Gryfino,Poland,,3098200
Gryfice,Poland,,3098201
Grudziądz,Poland,,3098218
Gostynin,Poland,,3098619
Gostyń,Poland,,3098625
Gorzów Wielkopolski,Poland,,3098722
Goleniów,Poland,,3098966
Gniezno,Poland,,3099112
Głuchołazy,Poland,,3099169
Głowno,Poland,,3099180
Głogów,Poland,,3099213
Gliwice,Poland,,3099230
Gdynia,Poland,,3099424
Gdańsk,Poland,,3099434
Fordon,Poland,,3099654
Elbląg,Poland,,3099759
Dzierżoniów,Poland,,3099828
Dąbrowa Górnicza,Poland,,3100796
Częstochowa,Poland,,3100946
Czerwionka-Leszczyny,Poland,,3100974
Czeladź,Poland,,3101057
Czechowice-Dziedzice,Poland,,3101076
Cieszyn,Poland,,3101321
Chrzanów,Poland,,3101547
Choszczno,Poland,,3101613
Chorzów,Poland,,3101619
Chojnice,Poland,,3101672
Chodzież,Poland,,3101680
Chełmża,Poland,,3101787
Chełmno,Poland,,3101795
Bytów,Poland,,3101943
Bytom,Poland,,3101950
Bydgoszcz,Poland,,3102014
Brzeg,Poland,,3102459
Brodnica,Poland,,3102627
Braniewo,Poland,,3102677
Bolesławiec,Poland,,3102987
Boguszów-Gorce,Poland,,3103034
Bogatynia,Poland,,3103096
Bieruń,Poland,,3103365
Bielsko-Biala,Poland,,3103402
Bielawa,Poland,,3103476
Białogard,Poland,,3103556
Bełchatów,Poland,,3103709
Będzin,Poland,,3103719
Andrychów,Poland,,3104115
Aleksandrów Łódzki,Poland,,3104132
Ursynów,Poland,,6545326
Praga Północ,Poland,,6545347
Praga Południe,Poland,,6545348
Jelcz Laskowice,Poland,,7303641
Chełm,Poland,,8426032
Piecki-Migowo,Poland,,8426039
Przymorze Wielkie,Poland,,8426041
Środmieście,Poland,,8426045
Ujeścisko-Łostowice,Poland,,8426046
Wrzeszcz Dolny,Poland,,8426048
Wrzeszcz Górny,Poland,,8426050
Drzetowo-Grabowo,Poland,,8426082
Świerczewo,Poland,,8426094
Osiedle Kosmonautów,Poland,,12047617
Rejon placu Grunwaldzkiego,Poland,,12047623
Rejon ulicy Traugutta,Poland,,12047628
Kozanów,Poland,,12047636
Rejon placu Świętego Macieja,Poland,,12047644
Różanka-Polanka,Poland,,12047651
Orunia Górna-Gdańsk Południe,Poland,,13100477
Saint-Pierre,Saint Pierre and Miquelon,,3424934
Adamstown,Pitcairn,,4030723
Aguadilla,Puerto Rico,,4562506
Arecibo,Puerto Rico,,4562635
Barceloneta,Puerto Rico,,4562768
Bayamón,Puerto Rico,,4562831
Caguas,Puerto Rico,,4563008
Candelaria,Puerto Rico,,4563122
Carolina,Puerto Rico,,4563243
Cataño,Puerto Rico,,4563298
Cayey,Puerto Rico,,4563308
Fajardo,Puerto Rico,,4564946
Guayama,Puerto Rico,,4565105
Guaynabo,Puerto Rico,,4565119
Humacao,Puerto Rico,,4565564
Levittown,Puerto Rico,,4566002
Manatí,Puerto Rico,,4566137
Mayagüez,Puerto Rico,,4566385
Ponce,Puerto Rico,,4566880
San Juan,Puerto Rico,,4568127
Trujillo Alto,Puerto Rico,,4568451
Vega Baja,Puerto Rico,,4568533
Yauco,Puerto Rico,,4568917
Rafaḩ,"Palestine, State of",,281102
An Nuşayrāt,"Palestine, State of",,281109
Khān Yūnis,"Palestine, State of",,281124
Jabālyā,"Palestine, State of",,281129
Gaza,"Palestine, State of",,281133
Dayr al Balaḩ,"Palestine, State of",,281141
Bayt Lāhyā,"Palestine, State of",,281145
Bayt Ḩānūn,"Palestine, State of",,281146
Banī Suhaylā,"Palestine, State of",,281148
Al Burayj,"Palestine, State of",,281161
‘Abasān al Kabīrah,"Palestine, State of",,281165
Yaţţā,"Palestine, State of",,281292
Ţūlkarm,"Palestine, State of",,281577
Ţūbās,"Palestine, State of",,281581
Surif City,"Palestine, State of",,281715
Sa‘īr,"Palestine, State of",,281793
Ramallah,"Palestine, State of",,282239
Qalqīlyah,"Palestine, State of",,282457
Qabāţīyah,"Palestine, State of",,282476
Nablus,"Palestine, State of",,282615
Ma‘ale Adummim,"Palestine, State of",,282993
Janīn,"Palestine, State of",,283506
Idhnā,"Palestine, State of",,283621
Ḩalḩūl,"Palestine, State of",,283806
Dūrā,"Palestine, State of",,284011
Bethlehem,"Palestine, State of",,284315
Bayt Jālā,"Palestine, State of",,284324
Battir,"Palestine, State of",,284375
Banī Na‘īm,"Palestine, State of",,284431
Balāţah,"Palestine, State of",,284446
Az̧ Z̧āhirīyah,"Palestine, State of",,284486
‘Aţārūt,"Palestine, State of",,284572
As Samū‘,"Palestine, State of",,284583
Ar Rām wa Ḑāḩiyat al Barīd,"Palestine, State of",,284890
Jericho,"Palestine, State of",,284899
Al Yāmūn,"Palestine, State of",,284999
Hebron,"Palestine, State of",,285066
Al Bīrah,"Palestine, State of",,285108
Al ‘Ayzarīyah,"Palestine, State of",,285111
Old City,"Palestine, State of",,6945291
Al Qarārah,"Palestine, State of",,6967865
Az Zuwāydah,"Palestine, State of",,6967990
East Jerusalem,"Palestine, State of",,7303419
Vila Franca de Xira,Portugal,,2261639
Vialonga,Portugal,,2261697
Torres Vedras,Portugal,,2262581
Torres Novas,Portugal,,2262582
Tomar,Portugal,,2262644
Tavira,Portugal,,2262744
Sintra,Portugal,,2262912
Sesimbra,Portugal,,2262957
Setúbal,Portugal,,2262963
Sete Rios,Portugal,,2262968
São Martinho,Portugal,,2263284
São João da Talha,Portugal,,2263326
São Domingos de Rana,Portugal,,2263352
Santo António,Portugal,,2263432
Santarém,Portugal,,2263480
Santa Iria da Azóia,Portugal,,2263523
Sacavém,Portugal,,2263667
Rio de Mouro,Portugal,,2263827
Ramada,Portugal,,2264087
Queluz,Portugal,,2264268
Quelfes,Portugal,,2264269
Quarteira,Portugal,,2264299
Póvoa de Santa Iria,Portugal,,2264359
Porto de Mós,Portugal,,2264428
Portimão,Portugal,,2264456
Portalegre,Portugal,,2264508
Pontinha,Portugal,,2264526
Pombal,Portugal,,2264575
Pinhal Novo,Portugal,,2264718
Piedade,Portugal,,2264736
Peniche,Portugal,,2264923
Parede,Portugal,,2265169
Palmela,Portugal,,2265223
Paço de Arcos,Portugal,,2265326
Olival,Portugal,,2265428
Olivais,Portugal,,2265432
Olhão,Portugal,,2265447
Oeiras,Portugal,,2265464
Odivelas,Portugal,,2265467
Moscavide e Portela,Portugal,,2265726
Montijo,Portugal,,2265788
Monte Estoril,Portugal,,2265927
Monsanto,Portugal,,2266249
Moita,Portugal,,2266319
Massamá,Portugal,,2266621
Marvila,Portugal,,2266629
Marinha Grande,Portugal,,2266703
Lumiar,Portugal,,2266940
Loures,Portugal,,2266977
Loulé,Portugal,,2266988
Lisbon,Portugal,,2267057
Linda-a-Velha,Portugal,,2267067
Leiria,Portugal,,2267095
Lavradio,Portugal,,2267112
Laranjeiro,Portugal,,2267131
Laranjeiro,Portugal,,2267141
Lagos,Portugal,,2267226
Funchal,Portugal,,2267827
Faro,Portugal,,2268339
Falagueira,Portugal,,2268373
Évora,Portugal,,2268406
Estoril,Portugal,,2268436
Entroncamento,Portugal,,2268575
Damaia,Portugal,,2268728
Corroios,Portugal,,2269041
Charneca de Caparica,Portugal,,2269282
Castelo Branco,Portugal,,2269514
Cascais,Portugal,,2269594
Carnide,Portugal,,2270148
Carnaxide,Portugal,,2270157
Carcavelos,Portugal,,2270184
Caparica,Portugal,,2270229
Caniço,Portugal,,2270258
Campo Grande,Portugal,,2270339
Camarate,Portugal,,2270377
Câmara de Lobos,Portugal,,2270380
Caldas da Rainha,Portugal,,2270437
Cacém,Portugal,,2270503
Buraca,Portugal,,2270629
Benfica,Portugal,,2270962
Belém,Portugal,,2270978
Belas,Portugal,,2270981
Beja,Portugal,,2270985
Barreiro,Portugal,,2271071
Azambuja,Portugal,,2271337
Arrentela,Portugal,,2271473
Areeiro,Portugal,,2271547
Amora,Portugal,,2271680
Amadora,Portugal,,2271772
Almada,Portugal,,2271961
Algueirão,Portugal,,2271977
Algés,Portugal,,2271985
Alfornelos,Portugal,,2272005
Alcobaça,Portugal,,2272147
Alcântara,Portugal,,2272187
Alcabideche,Portugal,,2272215
Albufeira,Portugal,,2272222
Viseu,Portugal,,2732265
Vila Real,Portugal,,2732438
Vilar de Andorinho,Portugal,,2732475
Vilar,Portugal,,2732513
Vila Nova de Gaia,Portugal,,2732544
Vila do Conde,Portugal,,2732649
Viana do Castelo,Portugal,,2732773
Vermoim,Portugal,,2732785
Valongo,Portugal,,2732978
Valadares,Portugal,,2733263
Trofa,Portugal,,2733352
Sequeira,Portugal,,2734106
Senhora da Hora,Portugal,,2734140
São Tiago de Custoias,Portugal,,2734306
São Pedro da Cova,Portugal,,2734363
São Paulo de Frades,Portugal,,2734379
São Martinho do Bispo,Portugal,,2734410
São Mamede de Infesta,Portugal,,2734434
São João da Madeira,Portugal,,2734484
Santo Ovídio,Portugal,,2734576
Santo António dos Olivais,Portugal,,2734585
Rio Tinto,Portugal,,2735083
Ribeira de Frades,Portugal,,2735175
Póvoa de Varzim,Portugal,,2735787
Porto,Portugal,,2735943
Ponte de Lima,Portugal,,2736041
Pedroso,Portugal,,2736521
Paredes,Portugal,,2736657
Paranhos,Portugal,,2736680
Ovar,Portugal,,2736930
Oliveira do Douro,Portugal,,2737039
Monção,Portugal,,2737523
Matosinhos,Portugal,,2737824
Maia,Portugal,,2738014
Lordelo do Ouro,Portugal,,2738214
Leça do Bailio,Portugal,,2738347
Leça da Palmeira,Portugal,,2738348
Ílhavo,Portugal,,2738707
Guimarães,Portugal,,2738752
Guarda,Portugal,,2738785
Gondomar,Portugal,,2738925
Figueira da Foz,Portugal,,2739590
Felgueiras,Portugal,,2739693
Feira,Portugal,,2739723
Fânzeres,Portugal,,2739756
Fafe,Portugal,,2739788
Esposende,Portugal,,2739848
Espinho,Portugal,,2739868
Ermesinde,Portugal,,2739997
Eiras,Portugal,,2740057
Custoias,Portugal,,2740174
Covilhã,Portugal,,2740313
Condeixa-a-Nova,Portugal,,2740593
Coimbra,Portugal,,2740637
Chaves,Portugal,,2740761
Canidelo,Portugal,,2741551
Campanhã,Portugal,,2741667
Cabeceiras de Basto,Portugal,,2741865
Bragança,Portugal,,2742027
Braga,Portugal,,2742032
Bougado,Portugal,,2742051
Bomfim,Portugal,,2742136
Barcelos,Portugal,,2742416
Bairro Novo,Portugal,,2742493
Baião,Portugal,,2742504
Baguim do Monte,Portugal,,2742506
Aveiro,Portugal,,2742611
Arouca,Portugal,,2742700
Arcos de Valdevez,Portugal,,2742804
Alfena,Portugal,,2743095
Aldoar,Portugal,,2743131
Águas Santas,Portugal,,2743304
Afurada de Baixo,Portugal,,2743373
Quinta Do Conde,Portugal,,6559488
Alfragide,Portugal,,6930153
Alvalade,Portugal,,6930162
Ponta Delgada,Portugal,,6941014
São Jorge de Arroios,Portugal,,6946669
Azeitão,Portugal,,11808241
Parque das Nações,Portugal,,11886964
Cidade Universitária,Portugal,,12776117
Campo De Ourique,Portugal,,12777908
Ngerulmud,Palau,,8063361
Yby Yaú,Paraguay,,3436622
Villarrica,Paraguay,,3436714
Villa Hayes,Paraguay,,3436725
Villa Elisa,Paraguay,,3436728
San Lorenzo,Paraguay,,3437056
San Juan Bautista,Paraguay,,3437063
San Antonio,Paraguay,,3437127
Presidente Franco,Paraguay,,3437444
Pilar,Paraguay,,3437526
Pedro Juan Caballero,Paraguay,,3437547
Nemby,Paraguay,,3437665
Limpio,Paraguay,,3437842
Lambaré,Paraguay,,3437863
Itauguá,Paraguay,,3437918
Itá,Paraguay,,3437954
Fernando de la Mora,Paraguay,,3438115
Encarnación,Paraguay,,3438735
Coronel Oviedo,Paraguay,,3438819
Concepción,Paraguay,,3438834
Mariano Roque Alonso,Paraguay,,3438995
Ciudad del Este,Paraguay,,3439101
Capiatá,Paraguay,,3439214
Caazapá,Paraguay,,3439297
Caaguazú,Paraguay,,3439317
Caacupé,Paraguay,,3439320
Asunción,Paraguay,,3439389
Filadelfia,Paraguay,,3867291
Al ‘Unayzah,Qatar,,289511
Umm Şalāl Muḩammad,Qatar,,289523
Umm Ghuwaylīnah,Qatar,,289545
Nu‘ayjah,Qatar,,289698
Mu‘aydhir Rawḑat Rāshid,Qatar,,289716
Madīnat Khalīfah,Qatar,,289738
Ar Rayyān,Qatar,,289888
Al Wakrah,Qatar,,289915
Al Khawr,Qatar,,289962
Doha,Qatar,,290030
As Sulţah al Jadīdah,Qatar,,411752
Al Manşūrah,Qatar,,411759
An Najmah,Qatar,,411760
Al Hilāl al Gharbīyah,Qatar,,411763
Al Hilāl ash Sharqīyah,Qatar,,411768
Al Ghānim,Qatar,,411803
As Sadd,Qatar,,411820
Umm Lakhbā,Qatar,,11207824
Farīj Kulayb,Qatar,,12219798
Al Maţār al ‘Atīq,Qatar,,12242643
Ath Thumāmah Sab‘ah wa Arba‘ūn,Qatar,,12242644
Ath Thumāmah Sittah wa Arba‘ūn,Qatar,,12242645
Ath Thumāmah Khamsūn,Qatar,,12242646
Farīj al Amīr,Qatar,,12242742
Saint-Pierre,Réunion,Reunion,935214
Saint-Paul,Réunion,Reunion,935221
Saint-Louis,Réunion,Reunion,935223
Saint-Leu,Réunion,Reunion,935225
Saint-Joseph,Réunion,Reunion,935227
Sainte-Suzanne,Réunion,Reunion,935248
Sainte-Marie,Réunion,Reunion,935255
Saint-Denis,Réunion,Reunion,935264
Saint-Benoît,Réunion,Reunion,935267
Saint-André,Réunion,Reunion,935268
Le Tampon,Réunion,Reunion,935582
Le Port,Réunion,Reunion,935616
La Possession,Réunion,Reunion,935691
Piton Saint-Leu,Réunion,Reunion,7932385
Zimnicea,Romania,,662187
Zărnești,Romania,,662284
Zalău,Romania,,662334
Vulcan,Romania,,662432
Voluntari,Romania,,662476
Vişeu de Sus,Romania,,662699
Vatra Dornei,Romania,,663100
Vaslui,Romania,,663118
Urziceni,Romania,,664074
Turnu Măgurele,Romania,,664437
Turda,Romania,,664460
Tulcea,Romania,,664518
Târnăveni,Romania,,664963
Târgu Secuiesc,Romania,,665000
Târgu Neamţ,Romania,,665003
Târgu-Mureş,Romania,,665004
Târgu Jiu,Romania,,665010
Târgovişte,Romania,,665024
Timişoara,Romania,,665087
Tecuci,Romania,,665355
Suceava,Romania,,665850
Slatina,Romania,,666767
Şimleu Silvaniei,Romania,,667101
Sighetu Marmaţiei,Romania,,667227
Sibiu,Romania,,667268
Sfântu Gheorghe,Romania,,667303
Sebeş,Romania,,667526
Satu Mare,Romania,,667873
Salonta,Romania,,668129
Săcele,Romania,,668314
Roșiorii de Vede,Romania,,668605
Roman,Romania,,668732
Râşnov,Romania,,668828
Râmnicu Vâlcea,Romania,,668872
Râmnicu Sărat,Romania,,668873
Reşiţa,Romania,,668954
Reghin-Sat,Romania,,668995
Rădăuți,Romania,,669289
Popeşti-Leordeni,Romania,,669870
Ploieşti,Romania,,670474
Piteşti,Romania,,670609
Piatra Neamţ,Romania,,670889
Petroşani,Romania,,670938
Petrila,Romania,,670969
Pantelimon,Romania,,671382
Orăştie,Romania,,671757
Oradea,Romania,,671768
Olteniţa,Romania,,671832
Odorheiu Secuiesc,Romania,,671964
Ocna Mureş,Romania,,672024
Năvodari,Romania,,672486
Motru,Romania,,672757
Moreni,Romania,,672862
Moineşti,Romania,,672926
Mizil,Romania,,673033
Miercurea-Ciuc,Romania,,673441
Mediaş,Romania,,673634
Medgidia,Romania,,673636
Mangalia,Romania,,673921
Lupeni,Romania,,674295
Lugoj,Romania,,674531
Luduş,Romania,,674541
Iaşi,Romania,,675810
Huşi,Romania,,675892
Hunedoara,Romania,,675918
Gura Humorului,Romania,,676527
Giurgiu,Romania,,677106
Gherla,Romania,,677429
Gheorgheni,Romania,,677458
Galaţi,Romania,,677697
Găeşti,Romania,,677742
Focșani,Romania,,678015
Filiaşi,Romania,,678261
Fetești-Gară,Romania,,678301
Feteşti,Romania,,678306
Fălticeni,Romania,,678459
Făgăraș,Romania,,678499
Drobeta-Turnu Severin,Romania,,678817
Drăgăşani,Romania,,678978
Dorohoi,Romania,,679065
Deva,Romania,,679452
Dej,Romania,,679550
Curtea de Argeş,Romania,,679907
Cugir,Romania,,679995
Craiova,Romania,,680332
Corabia,Romania,,680897
Constanţa,Romania,,680963
Comăneşti,Romania,,681017
Codlea,Romania,,681179
Cluj-Napoca,Romania,,681290
Cisnădie,Romania,,681502
Câmpulung Moldovenesc,Romania,,681845
Câmpina,Romania,,681862
Câmpia Turzii,Romania,,681865
Cernavodă,Romania,,682321
Carei,Romania,,682685
Caransebeş,Romania,,682729
Caracal,Romania,,682747
Calafat,Romania,,683034
Buzău,Romania,,683123
Buhuşi,Romania,,683365
Buftea,Romania,,683394
Bucharest,Romania,,683506
Breaza,Romania,,683760
Braşov,Romania,,683844
Brăila,Romania,,683902
Brad,Romania,,683974
Botoşani,Romania,,684039
Borşa,Romania,,684156
Bocşa,Romania,,684490
Blaj,Romania,,684612
Bistriţa,Romania,,684657
Bârlad,Romania,,684802
Balş,Romania,,685586
Băileşti,Romania,,685785
Băicoi,Romania,,685811
Baia Sprie,Romania,,685823
Baia Mare,Romania,,685826
Bacău,Romania,,685948
Arad,Romania,,686254
Alexandria,Romania,,686502
Alba Iulia,Romania,,686578
Aiud,Romania,,686590
Adjud,Romania,,686669
Paşcani,Romania,,6945426
Mioveni,Romania,,7733099
Sighișoara,Romania,,8436351
Slobozia,Romania,,8581467
Sector 1,Romania,,11048317
Sector 2,Romania,,11048318
Sector 3,Romania,,11048319
Sector 4,Romania,,11048320
Sector 5,Romania,,11048322
Sector 6,Romania,,11048323
Zrenjanin,Serbia,,783814
Zemun,Serbia,,783920
Zaječar,Serbia,,784024
Vršac,Serbia,,784136
Vranje,Serbia,,784227
Trstenik,Serbia,,784873
Stara Pazova,Serbia,,785559
Sremčica,Serbia,,785615
Smederevska Palanka,Serbia,,785753
Smederevo,Serbia,,785756
Senta,Serbia,,785965
Prokuplje,Serbia,,786690
Požarevac,Serbia,,786827
Pirot,Serbia,,787050
Pančevo,Serbia,,787237
Obrenovac,Serbia,,787516
Novi Pazar,Serbia,,787595
Nova Pazova,Serbia,,787615
Niš,Serbia,,787657
Negotin,Serbia,,787718
Leskovac,Serbia,,788709
Lazarevac,Serbia,,788771
Kruševac,Serbia,,788975
Kraljevo,Serbia,,789107
Kragujevac,Serbia,,789128
Kikinda,Serbia,,789518
Jagodina,Serbia,,789923
Inđija,Serbia,,790015
Gornji Milanovac,Serbia,,790367
Ćuprija,Serbia,,791678
Čačak,Serbia,,792078
Bor,Serbia,,792456
Belgrade,Serbia,,792680
Bečej,Serbia,,792814
Aranđelovac,Serbia,,793111
Vrbas,Serbia,,3187297
Valjevo,Serbia,,3188402
Užice,Serbia,,3188434
Subotica,Serbia,,3189595
Sremska Mitrovica,Serbia,,3190103
Sombor,Serbia,,3190342
Šabac,Serbia,,3191376
Ruma,Serbia,,3191429
Novi Sad,Serbia,,3194360
Loznica,Serbia,,3196153
Futog,Serbia,,3200802
Bačka Topola,Serbia,,3204672
Bačka Palanka,Serbia,,3204674
Apatin,Serbia,,3204793
Knjazevac,Serbia,,6619277
Udomlya,Russian Federation,,452949
Sosnovka,Russian Federation,,461698
Sasovo,Russian Federation,,461699
Zyuzino,Russian Federation,,461740
Zyablikovo,Russian Federation,,461835
Zverevo,Russian Federation,,461910
Zvenigorod,Russian Federation,,461920
Zlatoust,Russian Federation,,462444
Zimovniki,Russian Federation,,462522
Zhulebino,Russian Federation,,462745
Zhukovsky,Russian Federation,,462755
Zhukovka,Russian Federation,,462822
Zhirnovsk,Russian Federation,,462984
Zhigulevsk,Russian Federation,,463082
Zherdevka,Russian Federation,,463217
Zheleznovodsk,Russian Federation,,463340
Zheleznogorsk,Russian Federation,,463343
Zheleznodorozhnyy,Russian Federation,,463355
Zernograd,Russian Federation,,463637
Zelenokumsk,Russian Federation,,463824
Zelenogradsk,Russian Federation,,463828
Zelenograd,Russian Federation,,463829
Zelenodolsk,Russian Federation,,463835
Zelenchukskaya,Russian Federation,,463885
Zavolzh’ye,Russian Federation,,464101
Zavety Il’icha,Russian Federation,,464176
Zarechnyy,Russian Federation,,464625
Zaraysk,Russian Federation,,464687
Zapolyarnyy,Russian Federation,,464790
Zamoskvorech’ye,Russian Federation,,465057
Zainsk,Russian Federation,,465543
Yushkovo,Russian Federation,,466171
Yur’yev-Pol’skiy,Russian Federation,,466215
Yoshkar-Ola,Russian Federation,,466806
Yeysk,Russian Federation,,466885
Yessentukskaya,Russian Federation,,466989
Yessentuki,Russian Federation,,466990
Yershov,Russian Federation,,467120
Yemva,Russian Federation,,467525
Yelizavetinskaya,Russian Federation,,467854
Yelets,Russian Federation,,467978
Yelan’,Russian Federation,,468063
Yelabuga,Russian Federation,,468082
Yegor’yevsk,Russian Federation,,468250
Yegorlykskaya,Russian Federation,,468307
Yefremov,Russian Federation,,468390
Yasnyy,Russian Federation,,468657
Yasnogorsk,Russian Federation,,468671
Yasenevo,Russian Federation,,468809
Yartsevo,Russian Federation,,468866
Yaroslavl,Russian Federation,,468902
Yaransk,Russian Federation,,469005
Yanaul,Russian Federation,,469178
Yagry,Russian Federation,,469707
Yablonovskiy,Russian Federation,,469844
Vyshniy Volochëk,Russian Federation,,470252
Vyselki,Russian Federation,,470338
Vyksa,Russian Federation,,470444
Vykhino-Zhulebino,Russian Federation,,470451
Vyborg,Russian Federation,,470546
Vyazniki,Russian Federation,,470666
Vyaz’ma,Russian Federation,,470676
Vyatskiye Polyany,Russian Federation,,470734
Vsevolozhsk,Russian Federation,,471101
Votkinsk,Russian Federation,,471430
Vostryakovo,Russian Federation,,471456
Vostryakovo,Russian Federation,,471457
Voskresensk,Russian Federation,,471656
Voronezh,Russian Federation,,472045
Altuf’yevskiy,Russian Federation,,472072
Vorob’yovo,Russian Federation,,472079
Volzhsky,Russian Federation,,472231
Volzhsk,Russian Federation,,472234
Vol’sk,Russian Federation,,472278
Volokolamsk,Russian Federation,,472433
Vologda,Russian Federation,,472459
Volkhov,Russian Federation,,472722
Nagornyy,Russian Federation,,472732
Volgorechensk,Russian Federation,,472750
Volgograd,Russian Federation,,472757
Volgodonsk,Russian Federation,,472761
Novovladykino,Russian Federation,,473127
Vladimir,Russian Federation,,473247
Vladikavkaz,Russian Federation,,473249
Vidnoye,Russian Federation,,473778
Vichuga,Russian Federation,,473788
Veshnyaki,Russian Federation,,473972
Vereshchagino,Russian Federation,,475777
Venëv,Russian Federation,,475881
Vel’sk,Russian Federation,,475938
Velikiy Ustyug,Russian Federation,,476062
Velikiye Luki,Russian Federation,,476077
Vatutino,Russian Federation,,476368
Valuyki,Russian Federation,,477192
Valday,Russian Federation,,477301
Vagonoremont,Russian Federation,,477377
Uzlovaya,Russian Federation,,477494
Uvarovo,Russian Federation,,477626
Uva,Russian Federation,,477656
Ust’-Labinsk,Russian Federation,,478044
Ust’-Katav,Russian Federation,,478071
Ust’-Dzheguta,Russian Federation,,478130
Usman’,Russian Federation,,478317
Uryupinsk,Russian Federation,,478544
Urus-Martan,Russian Federation,,478581
Uritsk,Russian Federation,,478724
Unecha,Russian Federation,,479028
Ulyanovsk,Russian Federation,,479123
Ukhta,Russian Federation,,479411
Uglich,Russian Federation,,479532
Ufa,Russian Federation,,479561
Uchkeken,Russian Federation,,479687
Uchaly,Russian Federation,,479703
Tyrnyauz,Russian Federation,,479933
Tver,Russian Federation,,480060
Tuymazy,Russian Federation,,480089
Tutayev,Russian Federation,,480122
Tula,Russian Federation,,480562
Tuchkovo,Russian Federation,,480685
Tuapse,Russian Federation,,480716
Tsimlyansk,Russian Federation,,480876
Trubchevsk,Russian Federation,,481350
Troparëvo,Russian Federation,,481453
Troitskaya,Russian Federation,,481605
Troitsk,Russian Federation,,481608
Tosno,Russian Federation,,481964
Torzhok,Russian Federation,,481985
Tomilino,Russian Federation,,482260
Tolyatti,Russian Federation,,482283
Timashyovsk,Russian Federation,,482965
Tikhvin,Russian Federation,,483019
Tikhoretsk,Russian Federation,,483029
Teykovo,Russian Federation,,483137
Terek,Russian Federation,,483495
Tyoply Stan,Russian Federation,,483551
Temryuk,Russian Federation,,483661
Tekstil’shchiki,Russian Federation,,483826
Tbilisskaya,Russian Federation,,483883
Tambov,Russian Federation,,484646
Agidel’,Russian Federation,,484856
Taganrog,Russian Federation,,484907
Taganskiy,Russian Federation,,484912
Syzran,Russian Federation,,484972
Syktyvkar,Russian Federation,,485239
Svobody,Russian Federation,,485432
Sviblovo,Russian Federation,,485630
Svetogorsk,Russian Federation,,485639
Svetlyy,Russian Federation,,485660
Svetlograd,Russian Federation,,485698
Suvorovskaya,Russian Federation,,485871
Suvorov,Russian Federation,,485888
Surovikino,Russian Federation,,486071
Surkhakhi,Russian Federation,,486110
Sukhinichi,Russian Federation,,486665
Stupino,Russian Federation,,486968
Strunino,Russian Federation,,487095
Stroitel,Russian Federation,,487147
Strogino,Russian Federation,,487150
Sterlitamak,Russian Federation,,487495
Stavropol’,Russian Federation,,487846
Staryy Oskol,Russian Federation,,487928
Staroshcherbinovskaya,Russian Federation,,488635
Starominskaya,Russian Federation,,488742
Starodub,Russian Federation,,488852
Staraya Russa,Russian Federation,,489088
Staraya Kupavna,Russian Federation,,489162
Staraya Derevnya,Russian Federation,,489226
Sovetsk,Russian Federation,,490067
Sovetsk,Russian Federation,,490068
Sosnovyy Bor,Russian Federation,,490172
Sosnovaya Polyana,Russian Federation,,490377
Sosnogorsk,Russian Federation,,490391
Sortavala,Russian Federation,,490466
Sorochinsk,Russian Federation,,490554
Solntsevo,Russian Federation,,490971
Solnechnogorsk,Russian Federation,,490996
Sol’-Iletsk,Russian Federation,,491019
Solikamsk,Russian Federation,,491023
Sokol’niki,Russian Federation,,491250
Sokol,Russian Federation,,491280
Sokol,Russian Federation,,491281
Sofrino,Russian Federation,,491352
Sochi,Russian Federation,,491422
Sobinka,Russian Federation,,491480
Smolensk,Russian Federation,,491687
Slobodskoy,Russian Federation,,491882
Slobodka,Russian Federation,,491895
Slavyansk-na-Kubani,Russian Federation,,492094
Slantsy,Russian Federation,,492162
Skopin,Russian Federation,,492376
Skhodnya,Russian Federation,,492448
Sim,Russian Federation,,492944
Sibay,Russian Federation,,493160
Shuya,Russian Federation,,493231
Shushary,Russian Federation,,493316
Shumerlya,Russian Federation,,493463
Mikhaylovsk,Russian Federation,,493702
Shilovo,Russian Federation,,494427
Sheksna,Russian Federation,,495062
Shebekino,Russian Federation,,495112
Shchukino,Russian Federation,,495136
Shchigry,Russian Federation,,495206
Shcherbinka,Russian Federation,,495260
Shchyolkovo,Russian Federation,,495344
Shchëkino,Russian Federation,,495394
Shatura,Russian Federation,,495518
Shar’ya,Russian Federation,,495619
Shali,Russian Federation,,495957
Shakhun’ya,Russian Federation,,496012
Shakhty,Russian Federation,,496015
Severskaya,Russian Federation,,496267
Severo-Zadonsk,Russian Federation,,496269
Severoural’sk,Russian Federation,,496275
Severomorsk,Russian Federation,,496278
Severodvinsk,Russian Federation,,496285
Severnyy,Russian Federation,,496348
Setun’,Russian Federation,,496456
Sestroretsk,Russian Federation,,496478
Sertolovo,Russian Federation,,496519
Serpukhov,Russian Federation,,496527
Sergiyev Posad,Russian Federation,,496638
Sergach,Russian Federation,,496802
Serdobsk,Russian Federation,,496934
Semiluki,Russian Federation,,497206
Semikarakorsk,Russian Federation,,497218
Semënovskoye,Russian Federation,,497271
Semënov,Russian Federation,,497450
Sel’tso,Russian Federation,,497610
Segezha,Russian Federation,,497927
Satka,Russian Federation,,498418
Sarov,Russian Federation,,498525
Saratov,Russian Federation,,498677
Sarapul,Russian Federation,,498687
Saransk,Russian Federation,,498698
Saraktash,Russian Federation,,498708
Saint Petersburg,Russian Federation,,498817
Samara,Russian Federation,,499099
Sal’sk,Russian Federation,,499161
Salavat,Russian Federation,,499292
Safonovo,Russian Federation,,499453
Rzhev,Russian Federation,,499717
Rybnoye,Russian Federation,,499975
Rybinsk,Russian Federation,,500004
Rybatskoye,Russian Federation,,500019
Ryazhsk,Russian Federation,,500047
Ryazan’,Russian Federation,,500096
Ruzayevka,Russian Federation,,500299
Rublëvo,Russian Federation,,500843
Rtishchevo,Russian Federation,,500886
Rostov-na-Donu,Russian Federation,,501175
Rostov,Russian Federation,,501183
Rostokino,Russian Federation,,501187
Rossosh’,Russian Federation,,501215
Rossosh’,Russian Federation,,501231
Roslavl’,Russian Federation,,501283
Roshal’,Russian Federation,,501320
Rodniki,Russian Federation,,501730
Revda,Russian Federation,,502011
Reutov,Russian Federation,,502018
Razumnoye,Russian Federation,,502400
Rayevskiy,Russian Federation,,502540
Rasskazovo,Russian Federation,,502793
Ramenskoye,Russian Federation,,502965
Ramenki,Russian Federation,,502971
Pyatigorsk,Russian Federation,,503550
Pushkino,Russian Federation,,503977
Pushkin,Russian Federation,,504003
Pushchino,Russian Federation,,504042
Pugachev,Russian Federation,,504250
Pskov,Russian Federation,,504341
Protvino,Russian Federation,,504576
Proletarsk,Russian Federation,,504831
Prokhladnyy,Russian Federation,,504935
Priyutovo,Russian Federation,,505014
Privolzhskiy,Russian Federation,,505057
Privolzhsk,Russian Federation,,505060
Priozërsk,Russian Federation,,505230
Primorsko-Akhtarsk,Russian Federation,,505259
Pridonskoy,Russian Federation,,505421
Povorino,Russian Federation,,505806
Kotlovka,Russian Federation,,506043
Annino,Russian Federation,,506117
Polyarnyye Zori,Russian Federation,,506762
Polyarnyy,Russian Federation,,506763
Pokrovskoye-Streshnëvo,Russian Federation,,507338
Pokrov,Russian Federation,,507599
Pokhvistnevo,Russian Federation,,507624
Podporozh’ye,Russian Federation,,508034
Podolsk,Russian Federation,,508101
Pochep,Russian Federation,,508656
Ryazanskiy,Russian Federation,,508751
Plavsk,Russian Federation,,509052
Pikalëvo,Russian Federation,,509598
Petushki,Russian Federation,,509697
Petrozavodsk,Russian Federation,,509820
Petrovskaya,Russian Federation,,509981
Petrovsk,Russian Federation,,509987
Petrodvorets,Russian Federation,,510225
Peterhof,Russian Federation,,510291
Pestovo,Russian Federation,,510364
Pervouralsk,Russian Federation,,510808
Perm,Russian Federation,,511196
Pereslavl’-Zalesskiy,Russian Federation,,511359
Novo-Peredelkino,Russian Federation,,511510
Penza,Russian Federation,,511565
Pechora,Russian Federation,,511794
Pavlovskiy Posad,Russian Federation,,512023
Pavlovskaya,Russian Federation,,512051
Pavlovsk,Russian Federation,,512052
Pavlovsk,Russian Federation,,512053
Pashkovskiy,Russian Federation,,512382
Pallasovka,Russian Federation,,513042
Ozëry,Russian Federation,,513378
Ozerki,Russian Federation,,513471
Otradnyy,Russian Federation,,513883
Otradnoye,Russian Federation,,513896
Otradnoye,Russian Federation,,513898
Otradnaya,Russian Federation,,513911
Ostrov,Russian Federation,,514171
Ostrogozhsk,Russian Federation,,514198
Ostashkov,Russian Federation,,514259
Ostankinskiy,Russian Federation,,514284
Osa,Russian Federation,,514706
Orsk,Russian Federation,,514734
Orlovskiy,Russian Federation,,514796
Orenburg,Russian Federation,,515003
Orël,Russian Federation,,515012
Orekhovo-Zuyevo,Russian Federation,,515024
Orekhovo-Borisovo Severnoye,Russian Federation,,515027
Sunzha,Russian Federation,,515083
Onega,Russian Federation,,515246
Omutninsk,Russian Federation,,515267
Olenegorsk,Russian Federation,,515698
Tsotsin-Yurt,Russian Federation,,515804
Oktyabrsky,Russian Federation,,515879
Oktyabr’sk,Russian Federation,,515938
Odintsovo,Russian Federation,,516215
Ochër,Russian Federation,,516256
Ochakovo-Matveyevskoye,Russian Federation,,516264
Obninsk,Russian Federation,,516436
Nytva,Russian Federation,,516576
Nyandoma,Russian Federation,,516647
Nurlat,Russian Federation,,516716
Novy Oskol,Russian Federation,,516931
Novyye Kuz’minki,Russian Federation,,517121
Novyye Cherëmushki,Russian Federation,,517161
Novozybkov,Russian Federation,,517269
Novovoronezh,Russian Federation,,517716
Novouzensk,Russian Federation,,517739
Novoul’yanovsk,Russian Federation,,517766
Novotroitsk,Russian Federation,,517836
Novotitarovskaya,Russian Federation,,517842
Novoshakhtinsk,Russian Federation,,517963
Novorossiysk,Russian Federation,,518255
Novopokrovskaya,Russian Federation,,518325
Novopavlovsk,Russian Federation,,518383
Novomoskovsk,Russian Federation,,518557
Novomichurinsk,Russian Federation,,518602
Novokuz’minki,Russian Federation,,518657
Novokuybyshevsk,Russian Federation,,518659
Novokubansk,Russian Federation,,518682
Novokhovrino,Russian Federation,,518740
Novogireyevo,Russian Federation,,518879
Novodvinsk,Russian Federation,,518909
Novocherkassk,Russian Federation,,518970
Novocheboksarsk,Russian Federation,,518976
Novoanninskiy,Russian Federation,,519062
Novoaleksandrovsk,Russian Federation,,519106
Velikiy Novgorod,Russian Federation,,519336
Novaya Usman’,Russian Federation,,519447
Novaya Derevnya,Russian Federation,,519711
Noginsk,Russian Federation,,520068
Nizhnyaya Tura,Russian Federation,,520204
Nizhny Tagil,Russian Federation,,520494
Nizhniy Novgorod,Russian Federation,,520555
Nizhniy Lomov,Russian Federation,,520574
Nizhnekamsk,Russian Federation,,521118
Nikulino,Russian Federation,,521416
Nikol’skoye,Russian Federation,,521500
Nikol’skoye,Russian Federation,,521509
Nikol’sk,Russian Federation,,521776
Nikolayevsk,Russian Federation,,521874
Nikel,Russian Federation,,522260
Nezlobnaya,Russian Federation,,522301
Nevinnomyssk,Russian Federation,,522377
Nevel’,Russian Federation,,522410
Nesterovskaya,Russian Federation,,522470
Nerekhta,Russian Federation,,522594
Nelidovo,Russian Federation,,522775
Neftekamsk,Russian Federation,,522942
Neftegorsk,Russian Federation,,522945
Nazran,Russian Federation,,523064
Nar'yan-Mar,Russian Federation,,523392
Nartkala,Russian Federation,,523405
Naro-Fominsk,Russian Federation,,523426
Nalchik,Russian Federation,,523523
Nakhabino,Russian Federation,,523553
Naberezhnyye Chelny,Russian Federation,,523750
Mytishchi,Russian Federation,,523812
Murom,Russian Federation,,524294
Murmansk,Russian Federation,,524305
Mtsensk,Russian Federation,,524640
Mozhga,Russian Federation,,524699
Mozhaysk,Russian Federation,,524712
Mozdok,Russian Federation,,524736
Mostovskoy,Russian Federation,,524809
Moscow,Russian Federation,,524901
Morshansk,Russian Federation,,525138
Morozovsk,Russian Federation,,525162
Monino,Russian Federation,,525396
Monchegorsk,Russian Federation,,525404
Mineralnye Vody,Russian Federation,,526480
Millerovo,Russian Federation,,526558
Mikhaylovka,Russian Federation,,527012
Mikhalkovo,Russian Federation,,527057
Michurinsk,Russian Federation,,527191
Metallostroy,Russian Federation,,527361
Menzelinsk,Russian Federation,,527529
Mendeleyevsk,Russian Federation,,527579
Meleuz,Russian Federation,,527717
Melenki,Russian Federation,,527740
Medvezh’yegorsk,Russian Federation,,527888
Medvedovskaya,Russian Federation,,527968
Medvedevo,Russian Federation,,528056
Mednogorsk,Russian Federation,,528109
Maykop,Russian Federation,,528293
Matveyevskoye,Russian Federation,,528454
Marks,Russian Federation,,529073
Mar’ino,Russian Federation,,529237
Manturovo,Russian Federation,,529505
Yaroslavskiy,Russian Federation,,530088
Maloyaroslavets,Russian Federation,,530849
Malgobek,Russian Federation,,531129
Malakhovka,Russian Federation,,531820
Makhachkala,Russian Federation,,532096
Magnitogorsk,Russian Federation,,532288
Lyudinovo,Russian Federation,,532459
Lyublino,Russian Federation,,532535
Lyubertsy,Russian Federation,,532615
Lytkarino,Russian Federation,,532657
Lys’va,Russian Federation,,532675
Lyskovo,Russian Federation,,532715
Luzhniki,Russian Federation,,533067
Lukhovitsy,Russian Federation,,533543
Luga,Russian Federation,,533690
Losino-Petrovskiy,Russian Federation,,534015
Lomonosov,Russian Federation,,534341
Lodeynoye Pole,Russian Federation,,534560
Lobnya,Russian Federation,,534595
Livny,Russian Federation,,534701
Liski,Russian Federation,,534838
Lipetsk,Russian Federation,,535121
Likino-Dulevo,Russian Federation,,535243
Likhobory,Russian Federation,,535270
Lianozovo,Russian Federation,,535330
L’govskiy,Russian Federation,,535334
Komendantsky aerodrom,Russian Federation,,535729
Lermontov,Russian Federation,,535886
Leonovo,Russian Federation,,535966
Leninskiye Gory,Russian Federation,,536098
Leninsk,Russian Federation,,536156
Leninogorsk,Russian Federation,,536162
Tsaritsyno,Russian Federation,,536164
Leningradskaya,Russian Federation,,536200
Yubileyny,Russian Federation,,536206
Lefortovo,Russian Federation,,536398
Lebedyan’,Russian Federation,,536518
Lazarevskoye,Russian Federation,,536625
Lakinsk,Russian Federation,,537107
Labinsk,Russian Federation,,537281
Dugulubgey,Russian Federation,,537345
Kuznetsk,Russian Federation,,537737
Kuz’minki,Russian Federation,,537832
Kuvandyk,Russian Federation,,538138
Kuskovo,Russian Federation,,538321
Kushva,Russian Federation,,538340
Kushchyovskaya,Russian Federation,,538416
Kusa,Russian Federation,,538442
Kur’yanovo,Russian Federation,,538472
Kursk,Russian Federation,,538560
Kurovskoye,Russian Federation,,538601
Kurganinsk,Russian Federation,,538836
Kurchatov,Russian Federation,,538908
Kurchaloy,Russian Federation,,538913
Kupchino,Russian Federation,,539061
Kungur,Russian Federation,,539147
Kumertau,Russian Federation,,539283
Kulebaki,Russian Federation,,539555
Kukmor,Russian Federation,,539689
Kudymkar,Russian Federation,,539817
Kudrovo,Russian Federation,,539839
Kudepsta,Russian Federation,,539907
Kubinka,Russian Federation,,540030
Kstovo,Russian Federation,,540103
Krymsk,Russian Federation,,540251
Kropotkin,Russian Federation,,540761
Kronstadt,Russian Federation,,540771
Krasnyy Sulin,Russian Federation,,541404
Biryulëvo Zapadnoye,Russian Federation,,541406
Krasnoye Selo,Russian Federation,,542000
Krasnovishersk,Russian Federation,,542184
Krasnoufimsk,Russian Federation,,542199
Krasnokamsk,Russian Federation,,542327
Krasnogvardeyskoye,Russian Federation,,542334
Krasnogorsk,Russian Federation,,542374
Krasnodar,Russian Federation,,542420
Krasnoarmeyskaya,Russian Federation,,542461
Krasnoarmeysk,Russian Federation,,542463
Krasnoarmeysk,Russian Federation,,542464
Presnenskiy,Russian Federation,,542634
Koz’modem’yansk,Russian Federation,,543018
Kozhukhovo,Russian Federation,,543254
Kozeyevo,Russian Federation,,543344
Kozel’sk,Russian Federation,,543348
Kovylkino,Russian Federation,,543436
Kovrov,Russian Federation,,543460
Kovdor,Russian Federation,,543508
Kotovsk,Russian Federation,,543605
Kotovo,Russian Federation,,543633
Kotlas,Russian Federation,,543704
Kotel’nikovo,Russian Federation,,543728
Kotel’niki,Russian Federation,,543731
Kotel’nich,Russian Federation,,543737
Kostroma,Russian Federation,,543878
Kostomuksha,Russian Federation,,543899
Kosaya Gora,Russian Federation,,544293
Koryazhma,Russian Federation,,544370
Korenovsk,Russian Federation,,544896
Konstantinovsk,Russian Federation,,545277
Kondopoga,Russian Federation,,545626
Konakovo,Russian Federation,,545673
Kommunar,Russian Federation,,545788
Kolpino,Russian Federation,,546105
Kolomyagi,Russian Federation,,546225
Kolomna,Russian Federation,,546230
Kolomenskoye,Russian Federation,,546244
Kol’chugino,Russian Federation,,546521
Kokhma,Russian Federation,,546672
Klintsy,Russian Federation,,547475
Klin,Russian Federation,,547523
Klimovsk,Russian Federation,,547560
Kizlyar,Russian Federation,,547840
Kizilyurt,Russian Federation,,547849
Kizel,Russian Federation,,547875
Kislovodsk,Russian Federation,,548114
Kirzhach,Russian Federation,,548278
Kirsanov,Russian Federation,,548330
Kirovsk,Russian Federation,,548391
Kirovsk,Russian Federation,,548392
Kirovo-Chepetsk,Russian Federation,,548395
Kirov,Russian Federation,,548408
Kirov,Russian Federation,,548410
Kirishi,Russian Federation,,548442
Kireyevsk,Russian Federation,,548506
Kingisepp,Russian Federation,,548602
Kineshma,Russian Federation,,548605
Kinel’-Cherkassy,Russian Federation,,548622
Kinel’,Russian Federation,,548625
Kimry,Russian Federation,,548652
Kimovsk,Russian Federation,,548658
Khot'kovo,Russian Federation,,549373
Khosta,Russian Federation,,549424
Khoroshëvo-Mnevniki,Russian Federation,,549479
Kholmskiy,Russian Federation,,549741
Khimki,Russian Federation,,550280
Khasavyurt,Russian Federation,,550478
Kharabali,Russian Federation,,550671
Khadyzhensk,Russian Federation,,550846
Kazan,Russian Federation,,551487
Katav-Ivanovsk,Russian Federation,,551794
Kastanayevo,Russian Federation,,551835
Kaspiysk,Russian Federation,,551847
Kasimov,Russian Federation,,551891
Kashira,Russian Federation,,551964
Kashin,Russian Federation,,551986
Karachev,Russian Federation,,552920
Karachayevsk,Russian Federation,,552924
Karabulak,Russian Federation,,552951
Karabanovo,Russian Federation,,552977
Kapotnya,Russian Federation,,553034
Kantyshevo,Russian Federation,,553092
Kanevskaya,Russian Federation,,553152
Kandalaksha,Russian Federation,,553190
Kanash,Russian Federation,,553216
Kamyzyak,Russian Federation,,553248
Kamyshin,Russian Federation,,553287
Kamensk-Shakhtinsky,Russian Federation,,553399
Kamenka,Russian Federation,,553725
Kaluga,Russian Federation,,553915
Kalininsk,Russian Federation,,554199
Korolev,Russian Federation,,554233
Kaliningrad,Russian Federation,,554234
Kalach-na-Donu,Russian Federation,,554397
Kalach,Russian Federation,,554410
Kachkanar,Russian Federation,,554599
Kabanovo,Russian Federation,,554679
Izobil’nyy,Russian Federation,,554770
Izmaylovo,Russian Federation,,554787
Izhevsk,Russian Federation,,554840
Izberbash,Russian Federation,,554894
Ivanteyevka,Russian Federation,,555111
Ivanovskoye,Russian Federation,,555129
Ivanovo,Russian Federation,,555312
Istra,Russian Federation,,555746
Ishimbay,Russian Federation,,555980
Ipatovo,Russian Federation,,556230
Inza,Russian Federation,,556283
Inozemtsevo,Russian Federation,,556320
Il’skiy,Russian Federation,,556951
Igra,Russian Federation,,557469
Gus’-Khrustal’nyy,Russian Federation,,557775
Gusev,Russian Federation,,557882
Gul’kevichi,Russian Federation,,558066
Gukovo,Russian Federation,,558082
Gudermes,Russian Federation,,558118
Gubkin,Russian Federation,,558146
Gubakha,Russian Federation,,558209
Gryazovets,Russian Federation,,558236
Gryazi,Russian Federation,,558312
Grozny,Russian Federation,,558418
Gribanovskiy,Russian Federation,,558799
Grazhdanka,Russian Federation,,559029
Goryachiy Klyuch,Russian Federation,,559317
Goryachevodskiy,Russian Federation,,559320
Gorodishche,Russian Federation,,559654
Gorodets,Russian Federation,,559678
Gorelovo,Russian Federation,,560142
Gol’yanovo,Russian Federation,,560465
Golitsyno,Russian Federation,,560756
Glazov,Russian Federation,,561347
Giaginskaya,Russian Federation,,561515
Georgiyevsk,Russian Federation,,561627
Gelendzhik,Russian Federation,,561667
Gay,Russian Federation,,561731
Gavrilov-Yam,Russian Federation,,561762
Gatchina,Russian Federation,,561887
Galich,Russian Federation,,562161
Gagarin,Russian Federation,,562237
Furmanov,Russian Federation,,562309
Fryazino,Russian Federation,,562319
Fryazevo,Russian Federation,,562321
Frolovo,Russian Federation,,562389
Fili,Russian Federation,,562820
Ezhva,Russian Federation,,563379
Engels,Russian Federation,,563464
Enem,Russian Federation,,563472
Elista,Russian Federation,,563514
Elektrougli,Russian Federation,,563522
Elektrostal’,Russian Federation,,563523
Elektrogorsk,Russian Federation,,563524
Ekazhevo,Russian Federation,,563551
Dzerzhinskiy,Russian Federation,,563705
Dzerzhinsk,Russian Federation,,563708
Dyurtyuli,Russian Federation,,563719
Dyat’kovo,Russian Federation,,563822
Dubovka,Russian Federation,,564654
Dubna,Russian Federation,,564719
Dorogomilovo,Russian Federation,,565197
Donskoye,Russian Federation,,565289
Donskoy,Russian Federation,,565290
Donetsk,Russian Federation,,565348
Domodedovo,Russian Federation,,565381
Dolgoprudnyy,Russian Federation,,565614
Dobryanka,Russian Federation,,565778
Dmitrov,Russian Federation,,565955
Divnoye,Russian Federation,,566155
Dinskaya,Russian Federation,,566181
Dimitrovgrad,Russian Federation,,566199
Desnogorsk,Russian Federation,,566384
Derbent,Russian Federation,,566532
Dedovsk,Russian Federation,,566854
Davydkovo,Russian Federation,,566976
Davlekanovo,Russian Federation,,567006
Dankov,Russian Federation,,567109
Danilov,Russian Federation,,567183
Dagestanskiye Ogni,Russian Federation,,567290
Dachnoye,Russian Federation,,567311
Chusovoy,Russian Federation,,567434
Chudovo,Russian Federation,,567774
Chistopol’,Russian Federation,,567990
Chishmy,Russian Federation,,568012
Chernyanka,Russian Federation,,568587
Chernyakhovsk,Russian Federation,,568595
Chernushka,Russian Federation,,568608
Chernogolovka,Russian Federation,,568808
Cherkessk,Russian Federation,,569154
Cherepovets,Russian Federation,,569223
Cherëmushki,Russian Federation,,569273
Chekhov,Russian Federation,,569591
Chegem,Russian Federation,,569636
Cheboksary,Russian Federation,,569696
Chaykovskiy,Russian Federation,,569742
Chapayevsk,Russian Federation,,569955
Buzuluk,Russian Federation,,570427
Buynaksk,Russian Federation,,570479
Buy,Russian Federation,,570508
Buturlinovka,Russian Federation,,570563
Buinsk,Russian Federation,,571155
Buguruslan,Russian Federation,,571159
Bugulma,Russian Federation,,571170
Budyonnovsk,Russian Federation,,571306
Bryukhovetskaya,Russian Federation,,571420
Bryansk,Russian Federation,,571476
Bronnitsy,Russian Federation,,571557
Brateyevo,Russian Federation,,571741
Borovichi,Russian Federation,,572154
Borisoglebsk,Russian Federation,,572525
Bor,Russian Federation,,572665
Bol’shaya Setun’,Russian Federation,,574675
Bologoye,Russian Federation,,575349
Boksitogorsk,Russian Federation,,575410
Boguchar,Russian Federation,,575457
Bogorodskoye,Russian Federation,,575505
Bogorodsk,Russian Federation,,575560
Bogoroditsk,Russian Federation,,575591
Bobrov,Russian Federation,,575948
Blagoveshchensk,Russian Federation,,576116
Blagodarnyy,Russian Federation,,576172
Biryulëvo,Russian Federation,,576279
Birsk,Russian Federation,,576317
Bibirevo,Russian Federation,,576432
Bezhetsk,Russian Federation,,576566
Bezenchuk,Russian Federation,,576590
Beslan,Russian Federation,,576697
Berezniki,Russian Federation,,577206
Beloretsk,Russian Federation,,577881
Belorechensk,Russian Federation,,577893
Beloozyorskiy,Russian Federation,,577901
Belgorod,Russian Federation,,578072
Belëv,Russian Federation,,578091
Belebey,Russian Federation,,578120
Belaya Kalitva,Russian Federation,,578155
Belaya Glina,Russian Federation,,578169
Baymak,Russian Federation,,578534
Bavly,Russian Federation,,578638
Bataysk,Russian Federation,,578740
Barysh,Russian Federation,,578931
Balezino,Russian Federation,,579432
Balashov,Russian Federation,,579460
Balashikha,Russian Federation,,579464
Balakovo,Russian Federation,,579492
Novaya Balakhna,Russian Federation,,579514
Balabanovo,Russian Federation,,579529
Baksan,Russian Federation,,579574
Bakal,Russian Federation,,579738
Bagayevskaya,Russian Federation,,579771
Babushkin,Russian Federation,,579870
Azov,Russian Federation,,580054
Aznakayevo,Russian Federation,,580062
Avtury,Russian Federation,,580218
Avtovo,Russian Federation,,580222
Atkarsk,Russian Federation,,580420
Astrakhan,Russian Federation,,580497
Asha,Russian Federation,,580660
Arzgir,Russian Federation,,580716
Arzamas,Russian Federation,,580724
Arsk,Russian Federation,,580850
Armavir,Russian Federation,,580922
Arkhangel’sk,Russian Federation,,581049
Argun,Russian Federation,,581126
Ardon,Russian Federation,,581179
Apsheronsk,Russian Federation,,581313
Aprelevka,Russian Federation,,581321
Apatity,Russian Federation,,581357
Anna,Russian Federation,,581671
Andreyevskoye,Russian Federation,,581928
Anapa,Russian Federation,,582182
Amin’yevo,Russian Federation,,582266
Al’met’yevsk,Russian Federation,,582432
Aleksin,Russian Federation,,582750
Alekseyevka,Russian Federation,,582846
Alexeyevka,Russian Federation,,582956
Aleksandrovskoye,Russian Federation,,582993
Aleksandrovsk,Russian Federation,,583041
Aleksandrov,Russian Federation,,583350
Alatyr’,Russian Federation,,583437
Levoberezhnyy,Russian Federation,,583589
Aksay,Russian Federation,,583673
Akhtyrskiy,Russian Federation,,583785
Akhtubinsk,Russian Federation,,583798
Agryz,Russian Federation,,583983
Afipskiy,Russian Federation,,584126
Adler,Russian Federation,,584243
Achkhoy-Martan,Russian Federation,,584298
Abinsk,Russian Federation,,584441
Abdulino,Russian Federation,,584471
Vasil’yevo,Russian Federation,,611182
Ryl’sk,Russian Federation,,695019
Neftekumsk,Russian Federation,,797781
Alagir,Russian Federation,,802078
Persianovka,Russian Federation,,802714
Annino,Russian Federation,,819552
Drozhzhino,Russian Federation,,819740
Dagomys,Russian Federation,,823674
Pavlovo,Russian Federation,,827329
Belidzhi,Russian Federation,,828055
Lesnoy,Russian Federation,,829005
Trëkhgornyy,Russian Federation,,830844
Mirnyy,Russian Federation,,831129
Znamensk,Russian Federation,,831130
Zarechnyy,Russian Federation,,831165
Kochubeyevskoye,Russian Federation,,841006
Vnukovo,Russian Federation,,857689
Moskovskiy,Russian Federation,,857690
Usinsk,Russian Federation,,863061
Obukhovo,Russian Federation,,873901
Staryy Malgobek,Russian Federation,,874045
Zavodoukovsk,Russian Federation,,1485357
Zarinsk,Russian Federation,,1485439
Zarechnyy,Russian Federation,,1485445
Yuzhnyy,Russian Federation,,1485627
Yuzhnoural’sk,Russian Federation,,1485634
Yurga,Russian Federation,,1485724
Yeniseysk,Russian Federation,,1485997
Yemanzhelinsk,Russian Federation,,1486039
Yekaterinburg,Russian Federation,,1486209
Yashkino,Russian Federation,,1486298
Yarovoye,Russian Federation,,1486340
Yalutorovsk,Russian Federation,,1486468
Vorkuta,Russian Federation,,1486910
Vorgashor,Russian Federation,,1486913
Verkhnyaya Salda,Russian Federation,,1487277
Verkhnyaya Pyshma,Russian Federation,,1487281
Verkhniy Ufaley,Russian Federation,,1487394
Uzhur,Russian Federation,,1487882
Zelenogorsk,Russian Federation,,1488253
Uray,Russian Federation,,1488429
Tyumen,Russian Federation,,1488754
Turinsk,Russian Federation,,1488933
Troitsk,Russian Federation,,1489246
Topki,Russian Federation,,1489394
Tomsk,Russian Federation,,1489425
Toguchin,Russian Federation,,1489508
Tobolsk,Russian Federation,,1489530
Tayshet,Russian Federation,,1489870
Tayga,Russian Federation,,1489907
Tavda,Russian Federation,,1489962
Tatarsk,Russian Federation,,1490003
Tashtagol,Russian Federation,,1490042
Tarko-Sale,Russian Federation,,1490085
Tara,Russian Federation,,1490140
Talnakh,Russian Federation,,1490256
Tal’menka,Russian Federation,,1490266
Talitsa,Russian Federation,,1490277
Talitsa,Russian Federation,,1490281
Sysert’,Russian Federation,,1490402
Suzun,Russian Federation,,1490551
Surgut,Russian Federation,,1490624
Sukhoy Log,Russian Federation,,1490686
Strezhevoy,Russian Federation,,1490796
Sredneuralsk,Russian Federation,,1491159
Sovetskiy,Russian Federation,,1491230
Sosnovoborsk,Russian Federation,,1491291
Slavgorod,Russian Federation,,1491706
Shushenskoye,Russian Federation,,1491953
Shumikha,Russian Federation,,1491999
Sharypovo,Russian Federation,,1492401
Shadrinsk,Russian Federation,,1492517
Serov,Russian Federation,,1492663
Sayanogorsk,Russian Federation,,1492893
Salekhard,Russian Federation,,1493197
Rubtsovsk,Russian Federation,,1493467
Rezh,Russian Federation,,1493648
Reftinskiy,Russian Federation,,1493687
Promyshlennaya,Russian Federation,,1494091
Prokop’yevsk,Russian Federation,,1494114
Poykovskiy,Russian Federation,,1494276
Polysayevo,Russian Federation,,1494456
Polevskoy,Russian Federation,,1494573
Plast,Russian Federation,,1494907
Osinniki,Russian Federation,,1495974
Omsk,Russian Federation,,1496153
Ob’,Russian Federation,,1496421
Nyagan,Russian Federation,,1496476
Noyabrsk,Russian Federation,,1496503
Novyy Urengoy,Russian Federation,,1496511
Novosilikatnyy,Russian Federation,,1496739
Novosibirsk,Russian Federation,,1496747
Novokuznetsk,Russian Federation,,1496990
Novoaltaysk,Russian Federation,,1497173
Norilsk,Russian Federation,,1497337
Nizhnyaya Salda,Russian Federation,,1497393
Nizhnevartovsk,Russian Federation,,1497543
Nizhneudinsk,Russian Federation,,1497549
Nev’yansk,Russian Federation,,1497795
Nefteyugansk,Russian Federation,,1497917
Nazarovo,Russian Federation,,1497951
Nadym,Russian Federation,,1498087
Myski,Russian Federation,,1498129
Minusinsk,Russian Federation,,1498693
Miass,Russian Federation,,1498894
Mezhdurechensk,Russian Federation,,1498920
Megion,Russian Federation,,1499053
Mayma,Russian Federation,,1499163
Mariinsk,Russian Federation,,1499350
Linëvo,Russian Federation,,1500532
Lesosibirsk,Russian Federation,,1500607
Leninsk-Kuznetsky,Russian Federation,,1500665
Labytnangi,Russian Federation,,1500933
Kyzyl,Russian Federation,,1500973
Kyshtym,Russian Federation,,1500997
Kuybyshev,Russian Federation,,1501141
Kurtamysh,Russian Federation,,1501255
Kurgan,Russian Federation,,1501321
Kupino,Russian Federation,,1501365
Kulunda,Russian Federation,,1501460
Krasnoyarsk,Russian Federation,,1502026
Krasnoural’sk,Russian Federation,,1502060
Krasnoturinsk,Russian Federation,,1502061
Krasnoobsk,Russian Federation,,1502091
Korkino,Russian Federation,,1502536
Kopeysk,Russian Federation,,1502603
Yugorsk,Russian Federation,,1502725
Kolpashevo,Russian Federation,,1502862
Kodinsk,Russian Federation,,1503037
Kochenëvo,Russian Federation,,1503082
Kiselëvsk,Russian Federation,,1503277
Kirovgrad,Russian Federation,,1503335
Khanty-Mansiysk,Russian Federation,,1503772
Kemerovo,Russian Federation,,1503901
Kedrovka,Russian Federation,,1503940
Kayyerkan,Russian Federation,,1504139
Kataysk,Russian Federation,,1504212
Kasli,Russian Federation,,1504251
Kartaly,Russian Federation,,1504317
Karpinsk,Russian Federation,,1504343
Karasuk,Russian Federation,,1504489
Karabash,Russian Federation,,1504636
Kansk,Russian Federation,,1504682
Kamyshlov,Russian Federation,,1504769
Kamensk-Ural’skiy,Russian Federation,,1504826
Kamen’-na-Obi,Russian Federation,,1504871
Kaltan,Russian Federation,,1504972
Kalachinsk,Russian Federation,,1505074
Ivdel’,Russian Federation,,1505260
Iskitim,Russian Federation,,1505429
Isil’kul’,Russian Federation,,1505438
Ishim,Russian Federation,,1505453
Irbit,Russian Federation,,1505526
Ilanskiy,Russian Federation,,1505933
Gur’yevsk,Russian Federation,,1506073
Gornyak,Russian Federation,,1506260
Gorno-Altaysk,Russian Federation,,1506271
Dudinka,Russian Federation,,1507116
Divnogorsk,Russian Federation,,1507379
Degtyarsk,Russian Federation,,1507488
Chunskiy,Russian Federation,,1507636
Chernogorsk,Russian Federation,,1508054
Cherepanovo,Russian Federation,,1508161
Chelyabinsk,Russian Federation,,1508291
Chebarkul’,Russian Federation,,1508350
Borovskiy,Russian Federation,,1508879
Borodino,Russian Federation,,1508943
Bolotnoye,Russian Federation,,1509819
Bogotol,Russian Federation,,1509852
Bogdanovich,Russian Federation,,1509888
Biysk,Russian Federation,,1510018
Beryozovsky,Russian Federation,,1510203
Berëzovskiy,Russian Federation,,1510205
Berëzovka,Russian Federation,,1510255
Berdsk,Russian Federation,,1510350
Belyy Yar,Russian Federation,,1510366
Beloyarskiy,Russian Federation,,1510450
Belovo,Russian Federation,,1510469
Barnaul,Russian Federation,,1510853
Barabinsk,Russian Federation,,1510916
Asino,Russian Federation,,1511309
Asbest,Russian Federation,,1511330
Artëmovskiy,Russian Federation,,1511368
Aramil,Russian Federation,,1511466
Anzhero-Sudzhensk,Russian Federation,,1511494
Aleysk,Russian Federation,,1511783
Alapayevsk,Russian Federation,,1511954
Akademgorodok,Russian Federation,,1512086
Achinsk,Russian Federation,,1512165
Abaza,Russian Federation,,1512205
Abakan,Russian Federation,,1512236
Snezhinsk,Russian Federation,,1536289
Ozersk,Russian Federation,,1538634
Zheleznogorsk,Russian Federation,,1538635
Novoural’sk,Russian Federation,,1538636
Seversk,Russian Federation,,1538637
Gubkinskiy,Russian Federation,,1539209
Raduzhny,Russian Federation,,1540356
Muravlenko,Russian Federation,,1540711
Lyantor,Russian Federation,,1541359
Zima,Russian Federation,,2012484
Zheleznogorsk-Ilimskiy,Russian Federation,,2012557
Zeya,Russian Federation,,2012593
Yakutsk,Russian Federation,,2013159
Vyazemskiy,Russian Federation,,2013229
Vrangel’,Russian Federation,,2013258
Vladivostok,Russian Federation,,2013348
Vikhorevka,Russian Federation,,2013399
Ust’-Kut,Russian Federation,,2013923
Ust’-Ilimsk,Russian Federation,,2013952
Ussuriysk,Russian Federation,,2014006
Usol’ye-Sibirskoye,Russian Federation,,2014022
Ulan-Ude,Russian Federation,,2014407
Udachny,Russian Federation,,2014624
Tynda,Russian Federation,,2014718
Tulun,Russian Federation,,2014927
Trudovoye,Russian Federation,,2015051
Tikhookeanskiy,Russian Federation,,2015310
Svobodnyy,Russian Federation,,2015833
Spassk-Dal’niy,Russian Federation,,2016187
Slyudyanka,Russian Federation,,2016422
Shimanovsk,Russian Federation,,2016701
Shelekhov,Russian Federation,,2016764
Severobaykal’sk,Russian Federation,,2016910
Raychikhinsk,Russian Federation,,2017487
Petrovsk-Zabaykal’skiy,Russian Federation,,2017945
Partizansk,Russian Federation,,2018116
Neryungri,Russian Federation,,2019309
Nerchinsk,Russian Federation,,2019326
Nakhodka,Russian Federation,,2019528
Mirny,Russian Federation,,2019951
Luchegorsk,Russian Federation,,2020689
Lesozavodsk,Russian Federation,,2020812
Lensk,Russian Federation,,2020838
Kyakhta,Russian Federation,,2021066
Krasnokamensk,Russian Federation,,2021618
Komsomolsk-on-Amur,Russian Federation,,2021851
Khabarovsk,Russian Federation,,2022890
Kavalerovo,Russian Federation,,2023058
Irkutsk,Russian Federation,,2023469
Gusinoozyorsk,Russian Federation,,2023782
Dalnerechensk,Russian Federation,,2025159
Chita,Russian Federation,,2025339
Cheremkhovo,Russian Federation,,2025527
Borzya,Russian Federation,,2026126
Bol’shoy Kamen’,Russian Federation,,2026303
Bodaybo,Russian Federation,,2026583
Blagoveshchensk,Russian Federation,,2026609
Birobidzhan,Russian Federation,,2026643
Bikin,Russian Federation,,2026696
Belogorsk,Russian Federation,,2026895
Baykal’sk,Russian Federation,,2026979
Aykhal,Russian Federation,,2027296
Artëm,Russian Federation,,2027456
Arsen’yev,Russian Federation,,2027468
Angarsk,Russian Federation,,2027667
Amursk,Russian Federation,,2027749
Aldan,Russian Federation,,2027968
Aginskoye,Russian Federation,,2028078
Dalnegorsk,Russian Federation,,2051471
Bratsk,Russian Federation,,2051523
Sayansk,Russian Federation,,2055166
Khabarovsk Vtoroy,Russian Federation,,2056752
Markova,Russian Federation,,2056881
Vilyuchinsk,Russian Federation,,2118647
Yuzhno-Sakhalinsk,Russian Federation,,2119441
Yelizovo,Russian Federation,,2119538
Vanino,Russian Federation,,2119932
Sovetskaya Gavan’,Russian Federation,,2121052
Poronaysk,Russian Federation,,2121909
Petropavlovsk-Kamchatsky,Russian Federation,,2122104
Okha,Russian Federation,,2122614
Nikolayevsk-on-Amure,Russian Federation,,2122850
Nevel’sk,Russian Federation,,2122894
Magadan,Russian Federation,,2123628
Korsakov,Russian Federation,,2124286
Kholmsk,Russian Federation,,2124615
Anadyr,Russian Federation,,2127202
Baltiysk,Russian Federation,,2609906
Isakogorka,Russian Federation,,6315399
Krasnoznamensk,Russian Federation,,6417459
Chertanovo Yuzhnoye,Russian Federation,,6418146
Zagor’ye,Russian Federation,,6418201
Orekhovo-Borisovo,Russian Federation,,6418220
Metrogorodok,Russian Federation,,6418787
Kogalym,Russian Federation,,6695754
Pyt-Yakh,Russian Federation,,6696686
Langepas,Russian Federation,,6696767
Lesnoy,Russian Federation,,6853140
Zarya,Russian Federation,,7117880
Raduzhnyy,Russian Federation,,7117885
Nizhnesortymskiy,Russian Federation,,7287775
Pokachi,Russian Federation,,7289676
Izluchinsk,Russian Federation,,7290697
Krasnaya Glinka,Russian Federation,,7496732
Kurortnyy,Russian Federation,,8436165
Chernaya Rechka,Russian Federation,,8504946
Untolovo,Russian Federation,,8504947
Petrogradka,Russian Federation,,8504948
Vasyl'evsky Ostrov,Russian Federation,,8504949
Parnas,Russian Federation,,8504950
Kalininskiy,Russian Federation,,8504951
Krasnogvargeisky,Russian Federation,,8504952
Admiralteisky,Russian Federation,,8504953
Krestovskiy ostrov,Russian Federation,,8504955
Akademicheskoe,Russian Federation,,8504958
Finlyandskiy,Russian Federation,,8504959
Centralniy,Russian Federation,,8504960
Svetlanovskiy,Russian Federation,,8504964
Sampsonievskiy,Russian Federation,,8504965
Vostochnoe Degunino,Russian Federation,,8505053
Dzerzhinsky,Russian Federation,,8521440
Obruchevo,Russian Federation,,11238229
Fedorovskiy,Russian Federation,,11886891
Mezgor'e,Russian Federation,,12041452
Semender,Russian Federation,,12750458
Kisilevsk,Russian Federation,,12750521
Rwamagana,Rwanda,,201463
Musanze,Rwanda,,201521
Ruhango,Rwanda,,201524
Mugina,Rwanda,,201841
Nzega,Rwanda,,201865
Kirimbi,Rwanda,,202048
Kigali,Rwanda,,202061
Kibuye,Rwanda,,202065
Kibungo,Rwanda,,202068
Gitarama,Rwanda,,202217
Gikongoro,Rwanda,,202239
Cyangugu,Rwanda,,202326
Shangi,Rwanda,,202352
Kirambo,Rwanda,,202769
Karengera,Rwanda,,202865
Gisenyi,Rwanda,,202905
Bushekeri,Rwanda,,203046
Byumba,Rwanda,,203104
Butare,Rwanda,,203112
Bugarama,Rwanda,,203141
Rangiro,Rwanda,,384104
Kora,Rwanda,,384266
Mukamira,Rwanda,,384311
Mukingo,Rwanda,,384320
Kayonza,Rwanda,,384535
Macuba,Rwanda,,7021270
Karambi,Rwanda,,7021332
Kagano,Rwanda,,7021400
Nyabitekeli,Rwanda,,7021426
Cyato,Rwanda,,7021499
Bushenge,Rwanda,,7032689
Nyanza,Rwanda,,7062967
Nyamata,Rwanda,,7656357
Gihombo,Rwanda,,7662752
Mahembe,Rwanda,,7662813
Bugaragara,Rwanda,,12718708
Kamuhanda / Ruyenzi,Rwanda,,12718709
Umutara,Rwanda,,12718710
Yanbu,Saudi Arabia,,100425
Umluj,Saudi Arabia,,100926
Turaif,Saudi Arabia,,101312
Turabah,Saudi Arabia,,101322
Tārūt,Saudi Arabia,,101554
Tabuk,Saudi Arabia,,101628
Ţubarjal,Saudi Arabia,,101631
Sulţānah,Saudi Arabia,,101760
Sayhāt,Saudi Arabia,,102318
Şāmitah,Saudi Arabia,,102451
Sakakah,Saudi Arabia,,102527
Şafwá,Saudi Arabia,,102585
Şabyā,Saudi Arabia,,102651
Raḩīmah,Saudi Arabia,,102985
Rābigh,Saudi Arabia,,103035
Qal‘at Bīshah,Saudi Arabia,,103369
Najrān,Saudi Arabia,,103630
Makkah,Saudi Arabia,,104515
Mahd adh Dhahab,Saudi Arabia,,104578
Khulayş,Saudi Arabia,,104923
Khamis Mushait,Saudi Arabia,,105072
Jizan,Saudi Arabia,,105299
Jeddah,Saudi Arabia,,105343
Ha'il,Saudi Arabia,,106281
Hafar Al-Batin,Saudi Arabia,,106297
Fayfā’,Saudi Arabia,,106667
Duba,Saudi Arabia,,106909
Buraydah,Saudi Arabia,,107304
Abqaiq,Saudi Arabia,,107312
Baq‘ā’,Saudi Arabia,,107588
Badr Ḩunayn,Saudi Arabia,,107744
Az Zulfī,Saudi Arabia,,107781
Dhahran,Saudi Arabia,,107797
Aţ Ţaraf,Saudi Arabia,,107959
Ta’if,Saudi Arabia,,107968
As Sulayyil,Saudi Arabia,,108048
Riyadh,Saudi Arabia,,108410
Ar Rass,Saudi Arabia,,108435
Arar,Saudi Arabia,,108512
An Nimas,Saudi Arabia,,108617
Qurayyat,Saudi Arabia,,108648
‘Inak,Saudi Arabia,,108655
Al Wajh,Saudi Arabia,,108773
Al-`Ula,Saudi Arabia,,108841
Qaisumah,Saudi Arabia,,108918
Al Qaţīf,Saudi Arabia,,108927
Al Munayzilah,Saudi Arabia,,109059
Al Mubarraz,Saudi Arabia,,109101
Al Mithnab,Saudi Arabia,,109131
Madinah,Saudi Arabia,,109223
Al Līth,Saudi Arabia,,109253
Khobar,Saudi Arabia,,109323
Al Kharj,Saudi Arabia,,109353
Al Khafjī,Saudi Arabia,,109380
Al Jumūm,Saudi Arabia,,109417
Al Jubayl,Saudi Arabia,,109435
Al Hufūf,Saudi Arabia,,109571
Al Bukayrīyah,Saudi Arabia,,109878
Al Baţţālīyah,Saudi Arabia,,109915
Al Bahah,Saudi Arabia,,109953
Al ‘Awwāmīyah,Saudi Arabia,,109998
Al ‘Aqīq,Saudi Arabia,,110059
Afif,Saudi Arabia,,110250
Ad Dilam,Saudi Arabia,,110314
Ad Dawādimī,Saudi Arabia,,110325
Dammam,Saudi Arabia,,110336
Abū ‘Arīsh,Saudi Arabia,,110619
Abha,Saudi Arabia,,110690
Turubah,Saudi Arabia,,393275
Thuwal,Saudi Arabia,,409682
Ash Shafā,Saudi Arabia,,410096
Sabt Alalayah,Saudi Arabia,,11670045
Bariq,Saudi Arabia,,12495725
Sarāt ‘Abīdah,Saudi Arabia,,12500245
Honiara,Solomon Islands,,2108502
Victoria,Seychelles,,241131
Dongola,Sudan,,363417
Zalinguei,Sudan,,363533
Wad Medani,Sudan,,364103
Umm Shawkah,Sudan,,364621
Umm Ruwaba,Sudan,,364706
Omdurman,Sudan,,365137
Tullus,Sudan,,365641
Tokār,Sudan,,366323
Tandaltī,Sudan,,366426
Sinkat,Sudan,,366846
Singa,Sudan,,366847
Shendi,Sudan,,367308
Suakin,Sudan,,367544
Sinnar,Sudan,,367644
Rufā‘a,Sudan,,367972
Rahad al Bardi,Sudan,,368230
Rabak,Sudan,,368277
Nyala,Sudan,,369004
Mellit,Sudan,,370181
Maiurno,Sudan,,370838
Kutum,Sudan,,371745
Kosti,Sudan,,371760
Kuraymah,Sudan,,371870
Kināna,Sudan,,372386
Khashm al Qirbah,Sudan,,372527
Kassala,Sudan,,372753
Kas,Sudan,,372773
Kadugli,Sudan,,373141
Kabkābīyah,Sudan,,373198
Jubayt,Sudan,,373296
New Halfa,Sudan,,374272
Ghubaysh,Sudan,,374866
Doka,Sudan,,376332
Dilling,Sudan,,376450
Port Sudan,Sudan,,377039
Burām,Sudan,,377108
Berber,Sudan,,377690
Bārah,Sudan,,377724
Babanūsah,Sudan,,377962
Atbara,Sudan,,378231
As Sūkī,Sudan,,378271
Er Roseires,Sudan,,378459
Ar Rahad,Sudan,,378493
An Nuhūd,Sudan,,378699
El Obeid,Sudan,,379003
Al Qiţena,Sudan,,379014
Al Qadarif,Sudan,,379062
Al Mijlad,Sudan,,379102
Al Manāqil,Sudan,,379149
Khartoum North,Sudan,,379251
Khartoum,Sudan,,379252
El Geneina Fort,Sudan,,379302
Geneina,Sudan,,379303
Al Hilāliyya,Sudan,,379406
Al Ḩawātah,Sudan,,379416
Al Hasaheisa,Sudan,,379427
Al Fūlah,Sudan,,379535
El Fasher,Sudan,,379555
El Bauga,Sudan,,379630
Ad Douiem,Sudan,,380129
El Daein,Sudan,,380148
Ad Dindar,Sudan,,380151
Ed Damer,Sudan,,380173
Ad-Damazin,Sudan,,380174
Abū Zabad,Sudan,,380348
Abu Jibeha,Sudan,,380757
Gereida,Sudan,,8504621
Al Jazeera Aba,Sudan,,12493849
Ad-Dindar,Sudan,,13132448
Al-Fashaqah,Sudan,,13132449
Al-Fāw,Sudan,,13132450
Al-Quṭaynah,Sudan,,13132451
'Ārdamatā,Sudan,,13132452
Sh'īarīah,Sudan,,13132453
Umeå,Sweden,,602150
Skellefteå,Sweden,,602913
Piteå,Sweden,,603570
Luleå,Sweden,,604490
Kiruna,Sweden,,605155
Boden,Sweden,,606531
Ystad,Sweden,,2662149
Visby,Sweden,,2662689
Växjö,Sweden,,2663536
Västra Frölunda,Sweden,,2664050
Västervik,Sweden,,2664203
Västerås,Sweden,,2664454
Vasastaden,Sweden,,2664740
Värnamo,Sweden,,2664855
Varberg,Sweden,,2664996
Vänersborg,Sweden,,2665171
Vallentuna,Sweden,,2665452
Uppsala,Sweden,,2666199
Upplands Väsby,Sweden,,2666238
Uddevalla,Sweden,,2666670
Tumba,Sweden,,2667094
Tullinge,Sweden,,2667109
Trollhättan,Sweden,,2667303
Trelleborg,Sweden,,2667402
Täby,Sweden,,2669772
Sundsvall,Sweden,,2670781
Sundbyberg,Sweden,,2670879
Stockholm,Sweden,,2673730
Staffanstorp,Sweden,,2674649
Solna,Sweden,,2675397
Sollentuna,Sweden,,2675408
Södertälje,Sweden,,2676176
Södermalm,Sweden,,2676209
Skövde,Sweden,,2677234
Sandviken,Sweden,,2680075
Råsunda,Sweden,,2683034
Partille,Sweden,,2684395
Östersund,Sweden,,2685750
Östermalm,Sweden,,2685828
Oskarshamn,Sweden,,2686162
Örnsköldsvik,Sweden,,2686469
Örebro,Sweden,,2686657
Nyköping,Sweden,,2687700
Norrtälje,Sweden,,2688250
Norrköping,Sweden,,2688368
Nässjö,Sweden,,2690170
Nacka,Sweden,,2690580
Motala,Sweden,,2690960
Mölnlycke,Sweden,,2691440
Mölndal,Sweden,,2691459
Märsta,Sweden,,2692475
Mariestad,Sweden,,2692613
Malmö,Sweden,,2692969
Lund,Sweden,,2693678
Ludvika,Sweden,,2693759
Ljungby,Sweden,,2694560
Linköping,Sweden,,2694762
Lidköping,Sweden,,2696329
Lidingö,Sweden,,2696334
Lerum,Sweden,,2696503
Landskrona,Sweden,,2697720
Kungsholmen,Sweden,,2698691
Kungsbacka,Sweden,,2698729
Kungälv,Sweden,,2698739
Kumla,Sweden,,2698767
Kristinehamn,Sweden,,2699282
Kristianstad,Sweden,,2699310
Köping,Sweden,,2699791
Kinna,Sweden,,2700839
Katrineholm,Sweden,,2701223
Karlstad,Sweden,,2701680
Karlskrona,Sweden,,2701713
Karlskoga,Sweden,,2701715
Karlshamn,Sweden,,2701727
Kalmar,Sweden,,2702261
Jönköping,Sweden,,2702979
Jakobsberg,Sweden,,2703396
Huskvarna,Sweden,,2704136
Hudiksvall,Sweden,,2704613
Huddinge,Sweden,,2704620
Helsingborg,Sweden,,2706767
Hässleholm,Sweden,,2707399
Härnösand,Sweden,,2707684
Haninge,Sweden,,2707953
Halmstad,Sweden,,2708365
Gustavsberg,Sweden,,2709628
Göteborg,Sweden,,2711537
Gävle,Sweden,,2712414
Gamla Uppsala,Sweden,,2712993
Falun,Sweden,,2715459
Falköping,Sweden,,2715568
Falkenberg,Sweden,,2715573
Eslöv,Sweden,,2715946
Eskilstuna,Sweden,,2715953
Enköping,Sweden,,2716166
Bromma,Sweden,,2719111
Borlänge,Sweden,,2720383
Borås,Sweden,,2720501
Boo,Sweden,,2721259
Björlanda,Sweden,,2721946
Årsta,Sweden,,2725201
Ängelholm,Sweden,,2725901
Alingsås,Sweden,,2726756
Åkersberga,Sweden,,2727234
Majorna,Sweden,,6619708
Tensta,Sweden,,7304427
Yio Chu Kang,Singapore,,1880135
Yew Tee,Singapore,,1880137
Ulu Bedok,Singapore,,1880159
Toa Payoh New Town,Singapore,,1880176
Tiong Bahru Estate,Singapore,,1880177
Thomson,Singapore,,1880184
Tanglin,Singapore,,1880214
Tampines Estate,Singapore,,1880216
Sungai Simpang,Singapore,,1880226
Singapore,Singapore,,1880252
Serangoon Garden,Singapore,,1880268
Serangoon,Singapore,,1880271
Sembawang Estate,Singapore,,1880283
Punggol,Singapore,,1880348
Paya Lebar,Singapore,,1880398
Matilda Estate,Singapore,,1880463
Marsiling,Singapore,,1880469
Loyang,Singapore,,1880486
Keat Hong Village,Singapore,,1880517
Kampong Pasir Ris,Singapore,,1880574
Kampong Loyang,Singapore,,1880586
Kembangan,Singapore,,1880594
Kallang,Singapore,,1880628
Hong Kah,Singapore,,1880650
Geylang,Singapore,,1880668
Bukit Timah Estate,Singapore,,1880744
Bukit Merah Estate,Singapore,,1880750
Brickworks Estate,Singapore,,1880756
Boon Lay,Singapore,,1880761
Bishan New Town,Singapore,,1881919
Bukit Batok New Town,Singapore,,1881921
Hougang New Town,Singapore,,1881948
Jurong East,Singapore,,1881952
Jurong Town,Singapore,,1881953
Jurong West,Singapore,,1881955
Kaki Bukit Estate,Singapore,,1881957
MacPherson,Singapore,,1882033
Outram Park,Singapore,,1882044
Serangoon New Town,Singapore,,1882101
Simei New Town,Singapore,,1882103
Tampines New Town,Singapore,,1882115
Yishun New Town,Singapore,,1882155
Woodlands,Singapore,,1882316
Kangkar,Singapore,,1882402
Marine Parade,Singapore,,1882778
Ang Mo Kio New Town,Singapore,,1884365
Bukit Panjang New Town,Singapore,,1884367
Bedok New Town,Singapore,,1884382
Clementi Housing Estate,Singapore,,1884384
Pasir Ris New Town,Singapore,,1884385
Queenstown Estate,Singapore,,1884386
Telok Blangah,Singapore,,1884403
Choa Chu Kang New Town,Singapore,,1884737
Novena,Singapore,,7281987
Eunos,Singapore,,7289731
Sengkang New Town,Singapore,,7289760
Fajar,Singapore,,13100482
Saujana,Singapore,,13100483
Bangkit,Singapore,,13100484
Margaret Drive,Singapore,,13118122
Jelebu,Singapore,,13118135
Senja,Singapore,,13118136
Anak Bukit,Singapore,,13118138
Peng Siang,Singapore,,13118139
Teck Whye,Singapore,,13118140
Jamestown,"Saint Helena, Ascension and Tristan da Cunha",,3370903
Trbovlje,Slovenia,,3188915
Velenje,Slovenia,,3189075
Ptuj,Slovenia,,3192241
Novo Mesto,Slovenia,,3194351
Maribor,Slovenia,,3195506
Ljubljana,Slovenia,,3196359
Kranj,Slovenia,,3197378
Koper,Slovenia,,3197753
Celje,Slovenia,,3202781
Longyearbyen,Svalbard and Jan Mayen,,2729907
Vranov nad Topľou,Slovakia,,723195
Trebišov,Slovakia,,723358
Stará Ľubovňa,Slovakia,,723505
Spišská Nová Ves,Slovakia,,723526
Snina,Slovakia,,723559
Rožňava,Slovakia,,723713
Rimavská Sobota,Slovakia,,723736
Prešov,Slovakia,,723819
Poprad,Slovakia,,723846
Michalovce,Slovakia,,724144
Košice,Slovakia,,724443
Kežmarok,Slovakia,,724503
Humenné,Slovakia,,724627
Bardejov,Slovakia,,725168
Zvolen,Slovakia,,3056459
Zlaté Moravce,Slovakia,,3056495
Žilina,Slovakia,,3056508
Žiar nad Hronom,Slovakia,,3056523
Vrakuňa,Slovakia,,3056708
Trnava,Slovakia,,3057124
Trenčín,Slovakia,,3057140
Stupava,Slovakia,,3057384
Staré Mesto,Slovakia,,3057478
Skalica,Slovakia,,3057630
Senica,Slovakia,,3057691
Šaľa,Slovakia,,3057769
Ružomberok,Slovakia,,3057789
Púchov,Slovakia,,3057963
Prievidza,Slovakia,,3058000
Považská Bystrica,Slovakia,,3058060
Podunajské Biskupice,Slovakia,,3058117
Piešťany,Slovakia,,3058202
Pezinok,Slovakia,,3058210
Partizánske,Slovakia,,3058268
Nové Zámky,Slovakia,,3058472
Nové Mesto nad Váhom,Slovakia,,3058477
Nitra,Slovakia,,3058531
Martin,Slovakia,,3058780
Malacky,Slovakia,,3058897
Lučenec,Slovakia,,3058986
Liptovský Mikuláš,Slovakia,,3059050
Levice,Slovakia,,3059101
Kysucké Nové Mesto,Slovakia,,3059179
Komárno,Slovakia,,3059436
Karlova Ves,Slovakia,,3059564
Hlohovec,Slovakia,,3060095
Handlová,Slovakia,,3060139
Galanta,Slovakia,,3060219
Dunajská Streda,Slovakia,,3060308
Dúbravka,Slovakia,,3060322
Dubnica nad Váhom,Slovakia,,3060346
Dolný Kubín,Slovakia,,3060405
Čadca,Slovakia,,3060835
Brezno,Slovakia,,3060950
Bratislava,Slovakia,,3060972
Banská Bystrica,Slovakia,,3061186
Bánovce nad Bebravou,Slovakia,,3061188
Devínska Nová Ves,Slovakia,,3077170
Dlhé diely,Slovakia,,13118651
Waterloo,Sierra Leone,,2403094
Segbwema,Sierra Leone,,2404041
Port Loko,Sierra Leone,,2404433
Njala,Sierra Leone,,2404837
Makeni,Sierra Leone,,2406407
Lunsar,Sierra Leone,,2406916
Koidu,Sierra Leone,,2407656
Kenema,Sierra Leone,,2407790
Kabala,Sierra Leone,,2408329
Freetown,Sierra Leone,,2409306
Bumpe,Sierra Leone,,2409823
Bo,Sierra Leone,,2410048
Goderich,Sierra Leone,,9191693
Mile 91,Sierra Leone,,12718740
San Marino,San Marino,,3168070
Ziguinchor,Senegal,,2243940
Vélingara,Senegal,,2244177
Touba,Senegal,,2244322
Tiébo,Senegal,,2244616
Thiès Nones,Senegal,,2244799
Thiès,Senegal,,2244802
Tambacounda,Senegal,,2244991
Sédhiou,Senegal,,2245704
Sébikhotane,Senegal,,2245709
Saint-Louis,Senegal,,2246452
Rufisque,Senegal,,2246512
Richard-Toll,Senegal,,2246544
Pout,Senegal,,2246606
Pourham,Senegal,,2246608
Pikine,Senegal,,2246678
Ouro Sogui,Senegal,,2246922
Nioro du Rip,Senegal,,2247157
Niakoul Rab,Senegal,,2247298
Nguékhokh,Senegal,,2247381
Ndibène Dahra,Senegal,,2247813
Méri Mbaké,Senegal,,2248385
Mékhé,Senegal,,2248409
Mbour,Senegal,,2248477
Mboro,Senegal,,2248515
Mbaké,Senegal,,2248698
Matam,Senegal,,2248752
Louga,Senegal,,2249222
Linguère,Senegal,,2249281
Koungneul Sossé,Senegal,,2249550
Koungheul,Senegal,,2249554
Kolda,Senegal,,2249782
Khombole,Senegal,,2249901
Kédougou,Senegal,,2250645
Kébémer,Senegal,,2250659
Kbombole,Senegal,,2250668
Kayar,Senegal,,2250677
Kaolack,Senegal,,2250805
Kaffrine,Senegal,,2251007
Joal-Fadiout,Senegal,,2251084
Guinguinéo,Senegal,,2251230
Fatick,Senegal,,2251911
Dougnane,Senegal,,2252132
Diourbel,Senegal,,2252309
Diaoubé,Senegal,,2252685
Dara,Senegal,,2253277
Dakar,Senegal,,2253354
Dagana,Senegal,,2253375
Bignona,Senegal,,2253901
Bargny Guèdj,Senegal,,2254153
Bargny,Senegal,,2254154
Sali,Senegal,,2595222
Bargny Ngoude,Senegal,,2595382
Diamniadio,Senegal,,2595640
Le Plateau,Senegal,,2595758
Guédiawaye,Senegal,,2595778
Bambey,Senegal,,7670740
N’diareme limamoulaye,Senegal,,11101616
Rufisque est,Senegal,,11101625
Jaxaay Parcelle Niakoul Rap,Senegal,,13117829
Wanlaweyn,Somalia,,50672
Tog Wajaale,Somalia,,51228
Ruqi,Somalia,,52407
Qoryooley,Somalia,,52867
Qandala,Somalia,,53157
Mogadishu,Somalia,,53654
Marka,Somalia,,54225
Luuq,Somalia,,54715
Kismayo,Somalia,,55671
Jilib,Somalia,,56166
Jawhar,Somalia,,56335
Jamaame,Somalia,,56399
Hargeysa,Somalia,,57289
Gebiley,Somalia,,58831
Garoowe,Somalia,,58933
Gaalkacyo,Somalia,,59611
Eyl,Somalia,,60019
Diinsoor,Somalia,,60809
Ceerigaabo,Somalia,,62691
Ceeldheer,Somalia,,62788
Cabudwaaq,Somalia,,63400
Buurhakaba,Somalia,,63571
Buulobarde,Somalia,,63689
Burao,Somalia,,63795
Bosaso,Somalia,,64013
Borama,Somalia,,64021
Berbera,Somalia,,64435
Beledweyne,Somalia,,64460
Baidoa,Somalia,,64536
Baardheere,Somalia,,65170
Afgooye,Somalia,,65785
Balanbale,Somalia,,342803
Laascaanood,Somalia,,400769
Saaxo,Somalia,,6311111
Dhabad,Somalia,,6311126
Baki,Somalia,,8045596
Beled Hawo,Somalia,,12212406
Paramaribo,Suriname,,3383330
Lelydorp,Suriname,,3383714
Yei,South Sudan,,363619
Yambio,South Sudan,,363656
Winejok,South Sudan,,363807
Wau,South Sudan,,363885
Aweil,South Sudan,,364367
Torit,South Sudan,,365742
Tonj,South Sudan,,365763
Rumbek,South Sudan,,367927
Malakal,South Sudan,,370737
Leer,South Sudan,,371466
Kuacjok,South Sudan,,371712
Kafia Kingi,South Sudan,,373130
Juba,South Sudan,,373303
Gogrial,South Sudan,,374739
Pajok,South Sudan,,375495
Bor,South Sudan,,377241
São Tomé,Sao Tome and Principe,,2410763
Zacatecoluca,El Salvador,,3582805
Usulután,El Salvador,,3582883
Soyapango,El Salvador,,3583096
Sonzacate,El Salvador,,3583098
Sonsonate,El Salvador,,3583102
Sensuntepeque,El Salvador,,3583158
San Vicente,El Salvador,,3583178
Santiago de María,El Salvador,,3583199
Santa Ana,El Salvador,,3583334
San Salvador,El Salvador,,3583361
San Rafael Oriente,El Salvador,,3583379
San Miguel,El Salvador,,3583446
San Martín,El Salvador,,3583471
San Marcos,El Salvador,,3583480
San Francisco,El Salvador,,3583747
Quezaltepeque,El Salvador,,3583981
Puerto El Triunfo,El Salvador,,3584003
Santa Tecla,El Salvador,,3584257
Metapán,El Salvador,,3584384
Mejicanos,El Salvador,,3584399
La Unión,El Salvador,,3584772
La Libertad,El Salvador,,3585157
Izalco,El Salvador,,3585473
Ilopango,El Salvador,,3585484
Delgado,El Salvador,,3586814
Cuscatancingo,El Salvador,,3586833
Cojutepeque,El Salvador,,3586977
Chalchuapa,El Salvador,,3587086
Chalatenango,El Salvador,,3587091
Ayutuxtepeque,El Salvador,,3587308
Apopa,El Salvador,,3587345
Antiguo Cuscatlán,El Salvador,,3587362
Ahuachapán,El Salvador,,3587426
Aguilares,El Salvador,,3587428
Acajutla,El Salvador,,3587498
Philipsburg,Sint Maarten (Dutch part),,3513392
Yabrūd,Syrian Arab Republic,,162627
Ţayyibat al Imām,Syrian Arab Republic,,163270
Ţarţūs,Syrian Arab Republic,,163345
Tall Rif‘at,Syrian Arab Republic,,163476
Tallkalakh,Syrian Arab Republic,,163533
Tallbīsah,Syrian Arab Republic,,163779
Ţafas,Syrian Arab Republic,,163806
Tadmur,Syrian Arab Republic,,163808
Tādif,Syrian Arab Republic,,163811
Şūrān,Syrian Arab Republic,,163915
Subaykhān,Syrian Arab Republic,,164025
Shaykh Miskīn,Syrian Arab Republic,,164328
Saraqib,Syrian Arab Republic,,164816
Salqīn,Syrian Arab Republic,,164898
As Salamīyah,Syrian Arab Republic,,164947
Şāfītā,Syrian Arab Republic,,165060
Qaţanā,Syrian Arab Republic,,165929
Jāsim,Syrian Arab Republic,,165997
Qārah,Syrian Arab Republic,,166111
Kabbasin,Syrian Arab Republic,,166285
Nubl,Syrian Arab Republic,,166331
Maşyāf,Syrian Arab Republic,,167046
Manbij,Syrian Arab Republic,,167357
Ma‘arratmişrīn,Syrian Arab Republic,,167605
Khān Shaykhūn,Syrian Arab Republic,,168325
Kafr Zaytā,Syrian Arab Republic,,168620
Kafr Takhārīm,Syrian Arab Republic,,168629
Kafranbel,Syrian Arab Republic,,168661
Kafr Lāhā,Syrian Arab Republic,,168668
Jisr ash Shughūr,Syrian Arab Republic,,169023
Jayrūd,Syrian Arab Republic,,169113
Jarābulus,Syrian Arab Republic,,169179
Jablah,Syrian Arab Republic,,169304
‘Irbīn,Syrian Arab Republic,,169372
Inkhil,Syrian Arab Republic,,169375
Idlib,Syrian Arab Republic,,169389
Homs,Syrian Arab Republic,,169577
Ḩarastā,Syrian Arab Republic,,169897
Ḩamāh,Syrian Arab Republic,,170017
Ḩalfāyā,Syrian Arab Republic,,170044
Aleppo,Syrian Arab Republic,,170063
Dūmā,Syrian Arab Republic,,170592
Damascus,Syrian Arab Republic,,170654
Dayr Ḩāfir,Syrian Arab Republic,,170785
Deir ez-Zor,Syrian Arab Republic,,170794
Ad Darbāsīyah,Syrian Arab Republic,,170887
Dārayyā,Syrian Arab Republic,,170892
Dar‘ā,Syrian Arab Republic,,170905
Burj Islām,Syrian Arab Republic,,171147
Binnish,Syrian Arab Republic,,171451
Batabo,Syrian Arab Republic,,171694
Bāniyās,Syrian Arab Republic,,171830
Az Zabadānī,Syrian Arab Republic,,172059
I‘zāz,Syrian Arab Republic,,172082
‘Ayn al ‘Arab,Syrian Arab Republic,,172256
At Tall,Syrian Arab Republic,,172349
Ath Thawrah,Syrian Arab Republic,,172374
As-Suwayda,Syrian Arab Republic,,172408
Aş Şanamayn,Syrian Arab Republic,,172469
As Safīrah,Syrian Arab Republic,,172503
Ar Rastan,Syrian Arab Republic,,172946
Ar Raqqah,Syrian Arab Republic,,172955
An Nabk,Syrian Arab Republic,,173193
‘Āmūdā,Syrian Arab Republic,,173230
Al Quţayfah,Syrian Arab Republic,,173312
Al Quşayr,Syrian Arab Republic,,173322
Al Qunayţirah,Syrian Arab Republic,,173334
Al Qaryatayn,Syrian Arab Republic,,173361
Al Mayādīn,Syrian Arab Republic,,173480
Latakia,Syrian Arab Republic,,173576
Al Kiswah,Syrian Arab Republic,,173598
Al Ḩasakah,Syrian Arab Republic,,173811
Al Ḩirāk,Syrian Arab Republic,,173819
Al Bāb,Syrian Arab Republic,,174018
‘Afrīn,Syrian Arab Republic,,174186
Ad Dānā,Syrian Arab Republic,,174259
Ālbū Kamāl,Syrian Arab Republic,,174448
Hajīn,Syrian Arab Republic,,174506
Mbabane,Eswatini,,934985
Manzini,Eswatini,,934995
Lobamba,Eswatini,,935048
Cockburn Town,Turks and Caicos Islands,,3576994
Iriba,Chad,,243590
Goz Beida,Chad,,243787
Fada,Chad,,244128
Biltine,Chad,,244878
Am Timan,Chad,,245338
Adré,Chad,,245669
Abéché,Chad,,245785
Sarh,Chad,,2425791
Pala,Chad,,2426240
Umm Hājar,Chad,,2426370
N'Djamena,Chad,,2427123
Moussoro,Chad,,2427336
Moundou,Chad,,2427455
Mongo,Chad,,2427637
Moïssala,Chad,,2427697
Mboursou Léré,Chad,,2428042
Massakory,Chad,,2428228
Massaguet,Chad,,2428231
Maro,Chad,,2428281
Mao,Chad,,2428394
Mangalmé,Chad,,2428450
Mandelia,Chad,,2428480
Léré,Chad,,2429158
Laï,Chad,,2429296
Kyabé,Chad,,2429344
Koumra,Chad,,2429605
Kelo,Chad,,2430506
Guelendeng,Chad,,2431573
Gounou Gaya,Chad,,2431724
Goré,Chad,,2431907
Fianga,Chad,,2432639
Faya-Largeau,Chad,,2432678
Dourbali,Chad,,2433055
Doba,Chad,,2433437
Bousso,Chad,,2434584
Bongor,Chad,,2434910
Bol,Chad,,2434979
Bokoro,Chad,,2434985
Bitkine,Chad,,2435124
Béré,Chad,,2435474
Benoy,Chad,,2435508
Bédiondo,Chad,,2435779
Bébédja,Chad,,2435854
Ati,Chad,,2436400
Amdjarass,Chad,,9534257
Port-aux-Français,French Southern Territories,,1546102
Vogan,Togo,,2363490
Tsévié,Togo,,2363534
Tchamba,Togo,,2363908
Tabligbo,Togo,,2364041
Sotouboua,Togo,,2364079
Sokodé,Togo,,2364104
Notsé,Togo,,2364752
Niamtougou,Togo,,2364812
Mango,Togo,,2365190
Lomé,Togo,,2365267
Kpalimé,Togo,,2365560
Kara,Togo,,2366152
Dapaong,Togo,,2367164
Sinkassé,Togo,,2367226
Bassar,Togo,,2367568
Bafilo,Togo,,2367656
Badou,Togo,,2367660
Atakpamé,Togo,,2367886
Anié,Togo,,2367981
Aného,Togo,,2367990
Ban Talat Yai,Thailand,,1117652
Ban Talat Nua,Thailand,,1117656
Sam Roi Yot,Thailand,,1117823
Phetchaburi,Thailand,,1149698
Trang,Thailand,,1150007
Thung Song,Thailand,,1150085
Thoen,Thailand,,1150154
Thap Than,Thailand,,1150210
Tha Muang,Thailand,,1150246
Tha Maka,Thailand,,1150275
Tak,Thailand,,1150490
Surat Thani,Thailand,,1150515
Sukhothai,Thailand,,1150533
Si Satchanalai,Thailand,,1150624
Sawankhalok,Thailand,,1150681
San Pa Tong,Thailand,,1150728
San Kamphaeng,Thailand,,1150732
Ron Phibun,Thailand,,1150921
Ratchaburi,Thailand,,1150954
Ranong,Thailand,,1150965
Pran Buri,Thailand,,1151063
Prachuap Khiri Khan,Thailand,,1151074
Tha Kham,Thailand,,1151211
Phuket,Thailand,,1151254
Photharam,Thailand,,1151340
Phayao,Thailand,,1151426
Pa Sang,Thailand,,1151528
Nakhon Si Thammarat,Thailand,,1151933
Mae Sot,Thailand,,1152188
Mae Sai,Thailand,,1152194
Mae Ramat,Thailand,,1152202
Mae Chan,Thailand,,1152227
Lat Yao,Thailand,,1152377
Lang Suan,Thailand,,1152432
Lamphun,Thailand,,1152468
Lampang,Thailand,,1152473
Kui Buri,Thailand,,1152562
Krabi,Thailand,,1152633
Khao Yoi,Thailand,,1152919
Khanu Woralaksaburi,Thailand,,1152953
Kathu,Thailand,,1153035
Kanchanaburi,Thailand,,1153081
Kamphaeng Phet,Thailand,,1153090
Huai Yot,Thailand,,1153241
Hua Hin,Thailand,,1153269
Hang Dong,Thailand,,1153386
Dok Kham Tai,Thailand,,1153464
Damnoen Saduak,Thailand,,1153513
Chumphon,Thailand,,1153557
Chom Bueng,Thailand,,1153646
Chiang Rai,Thailand,,1153669
Chiang Mai,Thailand,,1153671
Cha-am,Thailand,,1153807
Bo Phloi,Thailand,,1153850
Ban Tak,Thailand,,1154677
Ko Samui,Thailand,,1154689
Ban Pong,Thailand,,1155139
Ban Na San,Thailand,,1156046
Ban Na,Thailand,,1156257
Ban Kamala,Thailand,,1157266
Bang Saphan,Thailand,,1157662
Bang Phae,Thailand,,1157683
Nong Kung Si,Thailand,,1595679
Ban Nong Wua So,Thailand,,1599640
Ban Mai,Thailand,,1601579
Ban Huai Thalaeng,Thailand,,1603235
Ban Khlong Bang Sao Thong,Thailand,,1604452
Na Klang,Thailand,,1604654
Yasothon,Thailand,,1604769
Yaring,Thailand,,1604771
Yala,Thailand,,1604870
Wiset Chaichan,Thailand,,1605018
Wichian Buri,Thailand,,1605024
Warin Chamrap,Thailand,,1605069
Wang Saphung,Thailand,,1605102
Wang Noi,Thailand,,1605118
Wang Nam Yen,Thailand,,1605119
Uttaradit,Thailand,,1605215
Uthai Thani,Thailand,,1605221
Udon Thani,Thailand,,1605239
Ubon Ratchathani,Thailand,,1605245
Trat,Thailand,,1605279
Tha Yang,Thailand,,1605467
Tha Ruea,Thailand,,1605509
Thap Khlo,Thailand,,1605538
Tha Mai,Thailand,,1605601
Tha Bo,Thailand,,1605677
Taphan Hin,Thailand,,1605754
Tak Bai,Thailand,,1605957
Surin,Thailand,,1606030
Suphan Buri,Thailand,,1606033
Su-ngai Kolok,Thailand,,1606050
Songkhla,Thailand,,1606147
Si Sa Ket,Thailand,,1606239
Si Racha,Thailand,,1606250
Sing Buri,Thailand,,1606270
Seka,Thailand,,1606343
Sawang Daen Din,Thailand,,1606350
Satun,Thailand,,1606376
Sattahip,Thailand,,1606386
Saraburi,Thailand,,1606418
Samut Songkhram,Thailand,,1606586
Samut Sakhon,Thailand,,1606588
Samut Prakan,Thailand,,1606590
Sam Phran,Thailand,,1606638
Sakon Nakhon,Thailand,,1606790
Sa Kaeo,Thailand,,1606807
Sadao,Thailand,,1606939
Roi Et,Thailand,,1607001
Rayong,Thailand,,1607017
Ranot,Thailand,,1607068
Ra-ngae,Thailand,,1607083
Prakhon Chai,Thailand,,1607257
Prachin Buri,Thailand,,1607280
Phu Kradueng,Thailand,,1607435
Phu Khiao,Thailand,,1607439
Phra Pradaeng,Thailand,,1607508
Phra Phutthabat,Thailand,,1607512
Phra Nakhon Si Ayutthaya,Thailand,,1607532
Phrae,Thailand,,1607552
Phon Charoen,Thailand,,1607615
Phitsanulok,Thailand,,1607708
Phichit,Thailand,,1607725
Phibun Mangsahan,Thailand,,1607730
Phetchabun,Thailand,,1607737
Phatthalung,Thailand,,1607779
Phasi Charoen,Thailand,,1607782
Phan Thong,Thailand,,1607793
Phanom Sarakham,Thailand,,1607801
Phanat Nikhom,Thailand,,1607838
Phak Hai,Thailand,,1607865
Pattani,Thailand,,1607978
Pathum Thani,Thailand,,1607983
Pak Phanang,Thailand,,1608033
Pak Kret,Thailand,,1608048
Pak Chong,Thailand,,1608057
Mueang Nonthaburi,Thailand,,1608133
Non Sung,Thailand,,1608136
Nong Phai,Thailand,,1608191
Nong Khai,Thailand,,1608232
Nong Khae,Thailand,,1608239
Nong Bua Lamphu,Thailand,,1608269
Narathiwat,Thailand,,1608409
Nang Rong,Thailand,,1608424
Nan,Thailand,,1608452
Nam Som,Thailand,,1608462
Nakhon Sawan,Thailand,,1608527
Nakhon Ratchasima,Thailand,,1608529
Nakhon Phanom,Thailand,,1608531
Nakhon Pathom,Thailand,,1608534
Nakhon Nayok,Thailand,,1608539
Nakhon Luang,Thailand,,1608541
Mukdahan,Thailand,,1608597
Makkasan,Thailand,,1608797
Maha Sarakham,Thailand,,1608900
Lop Buri,Thailand,,1609032
Lom Sak,Thailand,,1609043
Loei,Thailand,,1609071
Laem Sing,Thailand,,1609278
Kut Chap,Thailand,,1609324
Kuchinarai,Thailand,,1609345
Bangkok,Thailand,,1609350
Krathum Baen,Thailand,,1609395
Klaeng,Thailand,,1609610
Khon Kaen,Thailand,,1609776
Khon Buri,Thailand,,1609795
Khlong Luang,Thailand,,1609899
Khao Wong,Thailand,,1609990
Kaset Wisai,Thailand,,1610185
Kaset Sombun,Thailand,,1610187
Kantharalak,Thailand,,1610227
Kamalasai,Thailand,,1610459
Kalasin,Thailand,,1610469
Kaeng Khoi,Thailand,,1610503
Kaeng Khro,Thailand,,1610505
Kabin Buri,Thailand,,1610538
Hat Yai,Thailand,,1610780
Det Udom,Thailand,,1610940
Den Chai,Thailand,,1610943
Dan Khun Thot,Thailand,,1610963
Chum Phae,Thailand,,1611026
Chon Daen,Thailand,,1611106
Chon Buri,Thailand,,1611110
Chok Chai,Thailand,,1611135
Chanthaburi,Thailand,,1611269
Chaiyaphum,Thailand,,1611407
Chai Nat,Thailand,,1611416
Chai Badan,Thailand,,1611424
Chachoengsao,Thailand,,1611439
Buri Ram,Thailand,,1611453
Bua Yai,Thailand,,1611492
Betong,Thailand,,1611635
Ban Selaphum,Thailand,,1613284
Ban Phe,Thailand,,1614288
Pattaya,Thailand,,1614295
Ban Phan Don,Thailand,,1614336
Ban Phai,Thailand,,1614455
Ban Phaeo,Thailand,,1614465
Ban Mo,Thailand,,1616658
Ban Lam Luk Ka,Thailand,,1617111
Bang Rakam,Thailand,,1619276
Bang Racham,Thailand,,1619281
Bang Pakong,Thailand,,1619363
Bang Pa-in,Thailand,,1619369
Bang Mun Nak,Thailand,,1619400
Bang Len,Thailand,,1619415
Bang Lamung,Thailand,,1619423
Bang Kruai,Thailand,,1619434
Bang Krathum,Thailand,,1619437
Bang Bua Thong,Thailand,,1619602
Bang Ban,Thailand,,1619616
Ban Dung,Thailand,,1619650
Ban Chang,Thailand,,1620254
Ban Bueng,Thailand,,1620371
Ban Talat Bueng,Thailand,,1620442
Ban Bang Kadi,Thailand,,1620875
Bang Bo District,Thailand,,1620919
Ban Ang Sila,Thailand,,1620954
Aranyaprathet,Thailand,,1621020
Amnat Charoen,Thailand,,1621060
Amphoe Sikhiu,Thailand,,1948015
Wichit,Thailand,,6696291
Ban Chalong,Thailand,,7091861
Ban Ratsada,Thailand,,7091912
Ban Aranyik,Thailand,,8205089
Don Mueang City,Thailand,,12750557
Yovon,Tajikistan,,1220112
Hulbuk,Tajikistan,,1220163
Vakhsh,Tajikistan,,1220219
Istaravshan,Tajikistan,,1220253
Bokhtar,Tajikistan,,1220747
Panjakent,Tajikistan,,1220798
Farkhor,Tajikistan,,1220826
Vahdat,Tajikistan,,1220855
Norak,Tajikistan,,1220905
Kŭlob,Tajikistan,,1221194
Kolkhozobod,Tajikistan,,1221259
Khorugh,Tajikistan,,1221328
Ishqoshim,Tajikistan,,1221614
Hisor,Tajikistan,,1221714
Dushanbe,Tajikistan,,1221874
Danghara,Tajikistan,,1221965
Chubek,Tajikistan,,1221997
Boshkengash,Tajikistan,,1222107
Tursunzoda,Tajikistan,,1282601
Taboshar,Tajikistan,,1514829
Proletar,Tajikistan,,1514839
Khujand,Tajikistan,,1514879
Qayroqqum,Tajikistan,,1514883
Konibodom,Tajikistan,,1514891
Isfara,Tajikistan,,1514896
Buston,Tajikistan,,1538311
Moskovskiy,Tajikistan,,8416817
Suai,Timor-Leste,,1626459
Maubara,Timor-Leste,,1635826
Maliana,Timor-Leste,,1636670
Likisá,Timor-Leste,,1637730
Dili,Timor-Leste,,1645457
Baukau,Timor-Leste,,1649539
Aileu,Timor-Leste,,1651816
Lospalos,Timor-Leste,,1937274
Venilale,Timor-Leste,,1943235
Balkanabat,Turkmenistan,,161616
Kaka,Turkmenistan,,161901
Gumdag,Turkmenistan,,161943
Bereket,Turkmenistan,,161974
Abadan,Turkmenistan,,162099
Baharly,Turkmenistan,,162158
Ashgabat,Turkmenistan,,162183
Änew,Turkmenistan,,162199
Yylanly,Turkmenistan,,601432
Tagta,Turkmenistan,,601475
Türkmenbaşy,Turkmenistan,,601594
Köneürgench,Turkmenistan,,601608
Boldumsaz,Turkmenistan,,601661
Daşoguz,Turkmenistan,,601734
Yolöten,Turkmenistan,,1218021
Tejen,Turkmenistan,,1218239
Seydi,Turkmenistan,,1218420
Saýat,Turkmenistan,,1218436
Mary,Turkmenistan,,1218667
Kerki,Turkmenistan,,1219002
Gowurdak,Turkmenistan,,1219392
Türkmenabat,Turkmenistan,,1219649
Bayramaly,Turkmenistan,,1219762
Gazojak,Turkmenistan,,1514792
Zaouiet Sousse,Tunisia,,2463941
Zaghouan,Tunisia,,2464041
Oued Lill,Tunisia,,2464168
Moularès,Tunisia,,2464378
Tunis,Tunisia,,2464470
Tinja,Tunisia,,2464522
Tozeur,Tunisia,,2464648
Tataouine,Tunisia,,2464701
Thala,Tunisia,,2464795
Takelsa,Tunisia,,2464804
Tajerouine,Tunisia,,2464809
Tebourba,Tunisia,,2464858
Teboulbou,Tunisia,,2464860
Teboulba,Tunisia,,2464861
Tabarka,Tunisia,,2464871
Sousse,Tunisia,,2464915
Soliman,Tunisia,,2464953
Sukrah,Tunisia,,2464960
Sbeitla,Tunisia,,2464979
Siliana,Tunisia,,2465030
Sidi Bouzid,Tunisia,,2465840
Sidi Abid,Tunisia,,2466698
Sakiet ez Zit,Tunisia,,2467242
Sakiet ed Daier,Tunisia,,2467243
Skanes,Tunisia,,2467246
Sfax,Tunisia,,2467454
La Sebala du Mornag,Tunisia,,2467521
Rass el Djebel,Tunisia,,2467732
Radès,Tunisia,,2467815
Ksour Essaf,Tunisia,,2467856
Grombalia,Tunisia,,2467898
Korba,Tunisia,,2467920
Kélibia,Tunisia,,2467959
Kebili,Tunisia,,2468018
Ksar Hellal,Tunisia,,2468106
Carthage,Tunisia,,2468245
El Fahs,Tunisia,,2468285
Galaat el Andeless,Tunisia,,2468329
Gafsa,Tunisia,,2468353
Gabès,Tunisia,,2468369
Nefta,Tunisia,,2468561
Nabeul,Tunisia,,2468579
Midoun,Tunisia,,2468925
Maatmeur,Tunisia,,2469081
Mateur,Tunisia,,2469088
Msaken,Tunisia,,2469140
Mégrine,Tunisia,,2469230
Menzel Temime,Tunisia,,2469250
Menzel Jemil,Tunisia,,2469256
Mennzel Bou Zelfa,Tunisia,,2469262
Menzel Bourguiba,Tunisia,,2469264
Menzel Abderhaman,Tunisia,,2469268
Manouba,Tunisia,,2469274
Medjez el Bab,Tunisia,,2469386
Medenine,Tunisia,,2469473
Jendouba,Tunisia,,2470088
Zarzis,Tunisia,,2470173
Djemmal,Tunisia,,2470191
Houmt Souk,Tunisia,,2470384
Hammam Sousse,Tunisia,,2470579
Hammam-Lif,Tunisia,,2470588
La Goulette,Tunisia,,2470656
Ghardimaou,Tunisia,,2471003
Rhennouch,Tunisia,,2471012
Fouchana,Tunisia,,2471055
Feriana,Tunisia,,2471059
Douz,Tunisia,,2471287
Douar Tindja,Tunisia,,2471475
Dar Chabanne,Tunisia,,2471637
Bou Salem,Tunisia,,2471956
Ben Gardane,Tunisia,,2472431
Ben Arous,Tunisia,,2472479
Le Bardo,Tunisia,,2472675
Bizerte,Tunisia,,2472706
Beni Khiar,Tunisia,,2472722
Beni Khalled,Tunisia,,2472724
Béja,Tunisia,,2472774
Zouila,Tunisia,,2472833
Zeramedine,Tunisia,,2472838
Sejoumi,Tunisia,,2473164
Chebba,Tunisia,,2473229
Aryanah,Tunisia,,2473247
Ar Rudayyif,Tunisia,,2473257
Ouardenine,Tunisia,,2473420
Kairouan,Tunisia,,2473449
Kasserine,Tunisia,,2473457
El Ksar,Tunisia,,2473466
Gremda,Tunisia,,2473470
Kalaa Srira,Tunisia,,2473481
Kelaa Kebira,Tunisia,,2473483
La Mornaghia,Tunisia,,2473489
Monastir,Tunisia,,2473493
Moknine,Tunisia,,2473496
La Mohammedia,Tunisia,,2473499
Metlaoui,Tunisia,,2473517
La Marsa,Tunisia,,2473540
El Mgarsa,Tunisia,,2473551
Mahires,Tunisia,,2473570
Mahdia,Tunisia,,2473572
Le Kram,Tunisia,,2473626
Kellabine,Tunisia,,2473633
El Kef,Tunisia,,2473634
Jedeïda,Tunisia,,2473639
El Jem,Tunisia,,2473654
Hammamet,Tunisia,,2473744
El Hamma,Tunisia,,2473747
Bekalta,Tunisia,,2473826
El Ain,Tunisia,,2473835
El Alia,Tunisia,,2473876
Akouda,Tunisia,,2473913
Ajim,Tunisia,,2473937
Douane,Tunisia,,2581754
Dar el Haj Taïeb,Tunisia,,2584420
Ez Zahra,Tunisia,,2586370
Borj Cedria,Tunisia,,6692494
Ouerdanine,Tunisia,,7870039
La Gazelle,Tunisia,,7870240
El Mourouj,Tunisia,,11204413
Ezzouhour,Tunisia,,11204573
Den Den,Tunisia,,12037388
Boumhel El Bassatine,Tunisia,,12037507
Bembla et Mnara,Tunisia,,13132708
Chenini Nahal,Tunisia,,13132709
Mnihla,Tunisia,,13132710
Douar Hicher,Tunisia,,13132711
Ettadhamen,Tunisia,,13132712
Nuku‘alofa,Tonga,,4032402
Yüksekova,Türkiye,,296173
Yozgat,Türkiye,,296562
Yeşilova,Türkiye,,296829
Yeşilli,Türkiye,,296832
Erzin,Türkiye,,296852
Yerköy,Türkiye,,296895
Didim,Türkiye,,297090
Yatağan,Türkiye,,297564
Yalvaç,Türkiye,,297789
Yahyalı,Türkiye,,297917
Viranşehir,Türkiye,,298033
Varto,Türkiye,,298088
Van,Türkiye,,298117
Cimin,Türkiye,,298230
Uşak,Türkiye,,298299
Urla,Türkiye,,298316
Ürgüp,Türkiye,,298326
Şanlıurfa,Türkiye,,298333
Turgutlu,Türkiye,,298806
Tunceli,Türkiye,,298846
Torbalı,Türkiye,,298935
Tire,Türkiye,,299137
Tavşanlı,Türkiye,,299545
Tatvan,Türkiye,,299582
Taşucu,Türkiye,,299643
Tarsus,Türkiye,,299817
Talas,Türkiye,,299900
Susurluk,Türkiye,,300058
Suruç,Türkiye,,300075
Sorgun,Türkiye,,300352
Soma,Türkiye,,300371
Solhan,Türkiye,,300377
Söke,Türkiye,,300399
Siverek,Türkiye,,300614
Sivas,Türkiye,,300619
Şırnak,Türkiye,,300640
Simav,Türkiye,,300791
Silvan,Türkiye,,300796
Silopi,Türkiye,,300797
Silifke,Türkiye,,300808
Siirt,Türkiye,,300822
Seydişehir,Türkiye,,301010
Serinyol,Türkiye,,301089
Serik,Türkiye,,301101
Şereflikoçhisar,Türkiye,,301116
Senirkent,Türkiye,,301172
Şemdinli,Türkiye,,301209
Selçuk,Türkiye,,301256
Seferihisar,Türkiye,,301350
Şarkışla,Türkiye,,301537
Şarkîkaraağaç,Türkiye,,301539
Sarayköy,Türkiye,,301827
Sandıklı,Türkiye,,301911
Samandağ,Türkiye,,301975
Salihli,Türkiye,,302043
Reyhanlı,Türkiye,,302355
Polatlı,Türkiye,,302525
Pazarcık,Türkiye,,302800
Patnos,Türkiye,,302819
Pasinler,Türkiye,,302824
Osmaniye,Türkiye,,303195
Ortaköy,Türkiye,,303290
Ortaca,Türkiye,,303354
Ödemiş,Türkiye,,303700
Nusaybin,Türkiye,,303750
Nizip,Türkiye,,303798
Niğde,Türkiye,,303827
Nevşehir,Türkiye,,303831
Nazilli,Türkiye,,303873
Mut,Türkiye,,304013
Muş,Türkiye,,304081
Muğla,Türkiye,,304184
Mucur,Türkiye,,304196
Milas,Türkiye,,304355
Midyat,Türkiye,,304382
Mersin,Türkiye,,304531
Menemen,Türkiye,,304612
Marmaris,Türkiye,,304782
Mardin,Türkiye,,304797
Manisa,Türkiye,,304827
Manavgat,Türkiye,,304854
Malazgirt,Türkiye,,304916
Malatya,Türkiye,,304922
Mahmutlar,Türkiye,,304964
Lice,Türkiye,,305089
Kütahya,Türkiye,,305268
Kuşadası,Türkiye,,305359
Kurtalan,Türkiye,,305532
Beykonak,Türkiye,,305680
Kulu,Türkiye,,305742
Kulp,Türkiye,,305750
Kula,Türkiye,,305810
Kozluk,Türkiye,,306041
Kozan,Türkiye,,306112
Kovancılar,Türkiye,,306207
Korkuteli,Türkiye,,306474
Konya,Türkiye,,306571
Konaklı,Türkiye,,306626
Kızıltepe,Türkiye,,307084
Serinhisar,Türkiye,,307211
Kırşehir,Türkiye,,307515
Kırkağaç,Türkiye,,307623
Kırıkkale,Türkiye,,307654
Kırıkhan,Türkiye,,307657
Kireçocağı,Türkiye,,307677
Kilis,Türkiye,,307864
Keskin,Türkiye,,308024
Kemer,Türkiye,,308220
Kemalpaşa,Türkiye,,308224
Kayseri,Türkiye,,308464
Karapınar,Türkiye,,309415
Karaman,Türkiye,,309527
Ağrı,Türkiye,,309647
Karakoçan,Türkiye,,309663
Karaçoban,Türkiye,,310004
Kaman,Türkiye,,310641
Kâhta,Türkiye,,310855
Kahramanmaraş,Türkiye,,310859
Kadirli,Türkiye,,310892
Kadınhanı,Türkiye,,310907
İzmir,Türkiye,,311046
Isparta,Türkiye,,311073
İskenderun,Türkiye,,311111
İncirliova,Türkiye,,311314
İmamoğlu,Türkiye,,311453
Ilgın,Türkiye,,311553
Iğdır,Türkiye,,311665
İdil,Türkiye,,311704
Hizan,Türkiye,,312024
Hınıs,Türkiye,,312114
Hilvan,Türkiye,,312134
Hadim,Türkiye,,312899
Hacılar,Türkiye,,313013
Güroymak,Türkiye,,313331
Gölbaşı,Türkiye,,314136
Göksun,Türkiye,,314188
Genç,Türkiye,,314648
Gemerek,Türkiye,,314665
Gediz,Türkiye,,314716
Gazipaşa,Türkiye,,314812
Gaziantep,Türkiye,,314830
Foça,Türkiye,,314903
Fethiye,Türkiye,,314967
Ezine,Türkiye,,315061
Etlik,Türkiye,,315153
Eskişehir,Türkiye,,315202
Erzurum,Türkiye,,315368
Erzincan,Türkiye,,315373
Ermenek,Türkiye,,315401
Ergani,Türkiye,,315468
Ereğli,Türkiye,,315498
Erdemli,Türkiye,,315515
Erciş,Türkiye,,315530
Emirdağ,Türkiye,,315621
Emet,Türkiye,,315639
Elmalı,Türkiye,,315697
Elmadağ,Türkiye,,315720
Eleşkirt,Türkiye,,315758
Elbistan,Türkiye,,315795
Elazığ,Türkiye,,315808
Eğirdir,Türkiye,,315905
Edremit,Türkiye,,315985
Dursunbey,Türkiye,,316102
Dörtyol,Türkiye,,316284
Doğubayazıt,Türkiye,,316411
Diyarbakır,Türkiye,,316541
Diyadin,Türkiye,,316542
Dinar,Türkiye,,316634
Develi,Türkiye,,316795
Denizli,Türkiye,,317109
Demirci,Türkiye,,317241
Dargeçit,Türkiye,,317587
Darende,Türkiye,,317588
Çumra,Türkiye,,317844
Menderes,Türkiye,,317851
Hakkâri,Türkiye,,318137
Cizre,Türkiye,,318253
Çine,Türkiye,,318372
Ceylanpınar,Türkiye,,318668
Ceyhan,Türkiye,,318675
Çeşme,Türkiye,,318755
Çermik,Türkiye,,318766
Çay,Türkiye,,319104
Kestel,Türkiye,,319528
Çağlayancerit,Türkiye,,320004
Burhaniye,Türkiye,,320369
Burdur,Türkiye,,320392
Bulanık,Türkiye,,320448
Bucak,Türkiye,,320533
Bozyazı,Türkiye,,320552
Bozüyük,Türkiye,,320557
Bozova,Türkiye,,320581
Bor,Türkiye,,320871
Bolvadin,Türkiye,,320879
Bodrum,Türkiye,,320995
Bitlis,Türkiye,,321025
Bismil,Türkiye,,321031
Birecik,Türkiye,,321062
Bingöl,Türkiye,,321082
Bigadiç,Türkiye,,321136
Beyşehir,Türkiye,,321191
Besni,Türkiye,,321337
Bergama,Türkiye,,321426
Belen,Türkiye,,321572
Belek,Türkiye,,321580
Bayındır,Türkiye,,321786
Batman,Türkiye,,321836
Baskil,Türkiye,,321929
Banaz,Türkiye,,322051
Balıkesir,Türkiye,,322165
Ayvalık,Türkiye,,322673
Aydın,Türkiye,,322830
Aşkale,Türkiye,,323094
Antalya,Türkiye,,323777
Antakya,Türkiye,,323779
Ankara,Türkiye,,323786
Anamur,Türkiye,,323828
Aliağa,Türkiye,,324106
Alaşehir,Türkiye,,324172
Alanya,Türkiye,,324190
Akşehir,Türkiye,,324490
Aksaray,Türkiye,,324496
Akhisar,Türkiye,,324698
Akdağmadeni,Türkiye,,324768
Akçapınar,Türkiye,,324859
Akçakale,Türkiye,,324944
Ahlat,Türkiye,,325103
Afyonkarahisar,Türkiye,,325303
Afşin,Türkiye,,325304
Adıyaman,Türkiye,,325330
Adilcevaz,Türkiye,,325336
Adana,Türkiye,,325363
Denizciler,Türkiye,,438400
Batikent,Türkiye,,442301
Dalaman,Türkiye,,447273
Zonguldak,Türkiye,,737022
Zile,Türkiye,,737054
Zeytinburnu,Türkiye,,737071
Zekeriya,Türkiye,,737081
Yomra,Türkiye,,737421
Yenişehir,Türkiye,,737611
Körfez,Türkiye,,737961
Yalova,Türkiye,,738025
Yakuplu,Türkiye,,738064
Vezirköprü,Türkiye,,738167
Vakfıkebir,Türkiye,,738228
Uzunköprü,Türkiye,,738251
Üsküdar,Türkiye,,738329
Ünye,Türkiye,,738349
Umraniye,Türkiye,,738377
Turhal,Türkiye,,738618
Trabzon,Türkiye,,738648
Tosya,Türkiye,,738662
Tokat,Türkiye,,738743
Tirebolu,Türkiye,,738753
Terme,Türkiye,,738803
Tepecik,Türkiye,,738858
Tekkeköy,Türkiye,,738907
Tekirdağ,Türkiye,,738927
Taşova,Türkiye,,739015
Taşköprü,Türkiye,,739061
Tarabya,Türkiye,,739110
Suşehri,Türkiye,,739209
Sürmene,Türkiye,,739215
Sungurlu,Türkiye,,739236
Suluova,Türkiye,,739251
Şişli,Türkiye,,739549
Sinop,Türkiye,,739600
Silivri,Türkiye,,739634
Şebin Karahisar,Türkiye,,739914
Sarıkamış,Türkiye,,740088
Sapanca,Türkiye,,740230
Samsun,Türkiye,,740264
Safranbolu,Türkiye,,740430
Rize,Türkiye,,740483
Osmaneli,Türkiye,,740881
Osmancık,Türkiye,,740883
Orhangazi,Türkiye,,741045
Ordu,Türkiye,,741100
Oltu,Türkiye,,741160
Of,Türkiye,,741240
Niksar,Türkiye,,741304
Nallıhan,Türkiye,,741347
Mustafakemalpaşa,Türkiye,,741385
Mudanya,Türkiye,,741487
Mimarsinan,Türkiye,,741529
Merzifon,Türkiye,,741609
Maltepe,Türkiye,,741763
Malkara,Türkiye,,741771
Lüleburgaz,Türkiye,,741855
Kumru,Türkiye,,742238
Korgan,Türkiye,,742658
Kocaali,Türkiye,,742902
Kızılcahamam,Türkiye,,743051
Kırklareli,Türkiye,,743166
Kestel,Türkiye,,743404
Keşan,Türkiye,,743439
Kelkit,Türkiye,,743537
Kazan,Türkiye,,743615
Kavaklı,Türkiye,,743818
Kastamonu,Türkiye,,743882
Kars,Türkiye,,743952
Karasu,Türkiye,,744092
Karasu Mahallesi,Türkiye,,744093
Karamürsel,Türkiye,,744168
Karacabey,Türkiye,,744537
Karabük,Türkiye,,744562
Kağızman,Türkiye,,744873
İznik,Türkiye,,745026
İzmit,Türkiye,,745028
İstinye,Türkiye,,745039
Istanbul,Türkiye,,745044
İskilip,Türkiye,,745076
İnegol,Türkiye,,745169
Horasan,Türkiye,,745527
Hopa,Türkiye,,745530
Hendek,Türkiye,,745664
Hayrabolu,Türkiye,,745697
Havza,Türkiye,,745714
Gürsu,Türkiye,,746232
Gürpınar,Türkiye,,746234
Gürgentepe,Türkiye,,746252
Gümüşhane,Türkiye,,746425
Görükle,Türkiye,,746552
Görele,Türkiye,,746565
Gönen,Türkiye,,746574
Gölcük,Türkiye,,746666
Giresun,Türkiye,,746881
Geyve,Türkiye,,746898
Gerede,Türkiye,,746940
Gemlik,Türkiye,,746958
Gelibolu,Türkiye,,746983
Gebze,Türkiye,,747014
Ferizli,Türkiye,,747135
Fatsa,Türkiye,,747155
Esenyurt,Türkiye,,747323
Esenler,Türkiye,,747340
Ereğli,Türkiye,,747471
Erdek,Türkiye,,747482
Erbaa,Türkiye,,747489
Eminönü,Türkiye,,747538
Edirne,Türkiye,,747712
Düzce,Türkiye,,747764
Devrek,Türkiye,,748167
Derince,Türkiye,,748208
Çubuk,Türkiye,,748870
Çorum,Türkiye,,748879
Çorlu,Türkiye,,748893
Çerkezköy,Türkiye,,749274
Çerkeş,Türkiye,,749279
Çayeli,Türkiye,,749502
Çaycuma,Türkiye,,749508
Çatalca,Türkiye,,749644
Çarşamba,Türkiye,,749704
Çankırı,Türkiye,,749748
Çanakkale,Türkiye,,749780
Çan,Türkiye,,749795
Bursa,Türkiye,,750269
Bulancak,Türkiye,,750317
Boyabat,Türkiye,,750468
Bolu,Türkiye,,750516
Bilecik,Türkiye,,750598
Biga,Türkiye,,750605
Beypazarı,Türkiye,,750637
Beşikdüzü,Türkiye,,750735
Bayburt,Türkiye,,750938
Bartın,Türkiye,,751057
Bandırma,Türkiye,,751077
Bağcılar,Türkiye,,751324
Bafra,Türkiye,,751335
Babaeski,Türkiye,,751371
Artvin,Türkiye,,751817
Arsin,Türkiye,,751838
Arnavutköy,Türkiye,,751868
Arhavi,Türkiye,,751931
Ardeşen,Türkiye,,751949
Ardahan,Türkiye,,751952
Araklı,Türkiye,,751971
Amasya,Türkiye,,752015
Alaplı,Türkiye,,752184
Alaca,Türkiye,,752278
Akyurt,Türkiye,,752284
Akyazı,Türkiye,,752288
Akhisar,Türkiye,,752489
Akçakoca,Türkiye,,752584
Akçaabat,Türkiye,,752627
Adapazarı,Türkiye,,752850
Espiye,Türkiye,,831432
Merter Keresteciler,Türkiye,,6354984
güngören merter,Türkiye,,6354985
Turgutreis,Türkiye,,6620290
Sarigerme,Türkiye,,6692524
Ataşehir,Türkiye,,6947637
Başakşehir,Türkiye,,6947639
Beylikdüzü,Türkiye,,6947640
Büyükçekmece,Türkiye,,6947641
Çankaya,Türkiye,,6955677
Bahçelievler,Türkiye,,7627067
Sultangazi,Türkiye,,7628416
Sultanbeyli,Türkiye,,7628419
Sancaktepe,Türkiye,,7628420
Karabağlar,Türkiye,,7701384
İncirli,Türkiye,,7926667
Oba,Türkiye,,8068982
Cikcilli,Türkiye,,8069036
Muratpaşa,Türkiye,,8074174
Çubuklu,Türkiye,,8623183
Merkezefendi,Türkiye,,11238838
Tunapuna,Trinidad and Tobago,,3573576
Scarborough,Trinidad and Tobago,,3573703
Sangre Grande,Trinidad and Tobago,,3573732
San Fernando,Trinidad and Tobago,,3573738
Rio Claro,Trinidad and Tobago,,3573840
Port of Spain,Trinidad and Tobago,,3573890
Point Fortin,Trinidad and Tobago,,3573899
Paradise,Trinidad and Tobago,,3573989
Mon Repos,Trinidad and Tobago,,3574116
Marabella,Trinidad and Tobago,,3574194
Laventille,Trinidad and Tobago,,3574309
Diego Martin,Trinidad and Tobago,,3574636
Chaguanas,Trinidad and Tobago,,3574810
Arima,Trinidad and Tobago,,3575051
Funafuti,Tuvalu,,2110394
Douliu,"Taiwan, Province of China",,1665196
Yongkang,"Taiwan, Province of China",,1665221
Yongjing,"Taiwan, Province of China",,1665259
Yujing,"Taiwan, Province of China",,1665357
Yuanlin,"Taiwan, Province of China",,1665443
Yingge,"Taiwan, Province of China",,1665491
Wufeng,"Taiwan, Province of China",,1665892
Citong,"Taiwan, Province of China",,1666323
Donggang,"Taiwan, Province of China",,1666596
Caotun,"Taiwan, Province of China",,1666855
Toufen,"Taiwan, Province of China",,1667027
Tianwei,"Taiwan, Province of China",,1667121
Tianzhong,"Taiwan, Province of China",,1667471
Danshui,"Taiwan, Province of China",,1667982
Taitung,"Taiwan, Province of China",,1668295
Taipei,"Taiwan, Province of China",,1668341
Taibao,"Taiwan, Province of China",,1668347
Tainan,"Taiwan, Province of China",,1668355
Taichung,"Taiwan, Province of China",,1668399
Daxi,"Taiwan, Province of China",,1668467
Shulin,"Taiwan, Province of China",,1668875
Shetou,"Taiwan, Province of China",,1669506
Banqiao,"Taiwan, Province of China",,1670029
Sanxia,"Taiwan, Province of China",,1670106
Sanzhi,"Taiwan, Province of China",,1670157
Buzi,"Taiwan, Province of China",,1670264
Budai,"Taiwan, Province of China",,1670295
Puli,"Taiwan, Province of China",,1670310
Pitou,"Taiwan, Province of China",,1670436
Beidou,"Taiwan, Province of China",,1670697
Beigang,"Taiwan, Province of China",,1670826
Bade,"Taiwan, Province of China",,1670909
Neili,"Taiwan, Province of China",,1671444
Neihu,"Taiwan, Province of China",,1671467
Nantou,"Taiwan, Province of China",,1671566
Magong,"Taiwan, Province of China",,1672228
Lugu,"Taiwan, Province of China",,1672551
Linnei,"Taiwan, Province of China",,1672869
Kaohsiung,"Taiwan, Province of China",,1673820
Yilan,"Taiwan, Province of China",,1674199
Hualien City,"Taiwan, Province of China",,1674504
Hsinchu,"Taiwan, Province of China",,1675151
Jinhu,"Taiwan, Province of China",,1675170
Xiluo,"Taiwan, Province of China",,1675232
Xihu,"Taiwan, Province of China",,1675281
Xizhi,"Taiwan, Province of China",,1675393
Hengchun,"Taiwan, Province of China",,1676242
Xizhou,"Taiwan, Province of China",,1676682
Erlin,"Taiwan, Province of China",,1676914
Zhushan,"Taiwan, Province of China",,1677099
Jincheng,"Taiwan, Province of China",,1678008
Keelung,"Taiwan, Province of China",,1678228
Chiayi City,"Taiwan, Province of China",,1678836
Chaozhou,"Taiwan, Province of China",,1679047
Changhua,"Taiwan, Province of China",,1993459
Taoyuan City,"Taiwan, Province of China",,6696918
Zhongxing New Village,"Taiwan, Province of China",,7601921
New Taipei City,"Taiwan, Province of China",,12908892
Zanzibar,"Tanzania, United Republic of",,148730
Wete,"Tanzania, United Republic of",,148842
Vwawa,"Tanzania, United Republic of",,148942
Vikindu,"Tanzania, United Republic of",,148987
Uyovu,"Tanzania, United Republic of",,149027
Uvinza,"Tanzania, United Republic of",,149050
Utengule,"Tanzania, United Republic of",,149072
Ushirombo,"Tanzania, United Republic of",,149129
Usevia,"Tanzania, United Republic of",,149132
Usangi,"Tanzania, United Republic of",,149143
Usagara,"Tanzania, United Republic of",,149151
Usa River,"Tanzania, United Republic of",,149155
Urunda,"Tanzania, United Republic of",,149158
Urambo,"Tanzania, United Republic of",,149172
Tunduma,"Tanzania, United Republic of",,149402
Tumbi,"Tanzania, United Republic of",,149418
Tukuyu,"Tanzania, United Republic of",,149437
Tinde,"Tanzania, United Republic of",,149512
Tarime,"Tanzania, United Republic of",,149581
Tanga,"Tanzania, United Republic of",,149606
Tabora,"Tanzania, United Republic of",,149658
Sumbawanga,"Tanzania, United Republic of",,149703
Songwa,"Tanzania, United Republic of",,149775
Somanda,"Tanzania, United Republic of",,149792
Sokoni,"Tanzania, United Republic of",,149812
Sirari,"Tanzania, United Republic of",,149854
Singida,"Tanzania, United Republic of",,149879
Sikonge,"Tanzania, United Republic of",,149929
Shirati,"Tanzania, United Republic of",,149996
Shinyanga,"Tanzania, United Republic of",,150006
Shelui,"Tanzania, United Republic of",,150037
Shanwa,"Tanzania, United Republic of",,150044
Sepuka,"Tanzania, United Republic of",,150099
Sengerema,"Tanzania, United Republic of",,150103
Same,"Tanzania, United Republic of",,150276
Rulenge,"Tanzania, United Republic of",,150436
Rujewa,"Tanzania, United Republic of",,150453
Puma,"Tanzania, United Republic of",,150634
Old Shinyanga,"Tanzania, United Republic of",,150885
Nzega,"Tanzania, United Republic of",,150930
Nyamuswa,"Tanzania, United Republic of",,151108
Nyalikungu,"Tanzania, United Republic of",,151211
Nyakabindi,"Tanzania, United Republic of",,151266
Nsunga,"Tanzania, United Republic of",,151363
Nshamba,"Tanzania, United Republic of",,151373
Njombe,"Tanzania, United Republic of",,151479
Nguruka,"Tanzania, United Republic of",,151567
Ngudu,"Tanzania, United Republic of",,151599
Ngerengere,"Tanzania, United Republic of",,151678
Ngara,"Tanzania, United Republic of",,151711
Nansio,"Tanzania, United Republic of",,151920
Nangwa,"Tanzania, United Republic of",,151929
Namanyere,"Tanzania, United Republic of",,151986
Mwanza,"Tanzania, United Republic of",,152224
Mwadui,"Tanzania, United Republic of",,152376
Mvomero,"Tanzania, United Republic of",,152403
Musoma,"Tanzania, United Republic of",,152451
Muriti,"Tanzania, United Republic of",,152497
Mungaa,"Tanzania, United Republic of",,152546
Muheza,"Tanzania, United Republic of",,152632
Mugumu,"Tanzania, United Republic of",,152663
Mtwango,"Tanzania, United Republic of",,152718
Mto wa Mbu,"Tanzania, United Republic of",,152743
Mtinko,"Tanzania, United Republic of",,152781
Msowero,"Tanzania, United Republic of",,152933
Mpwapwa,"Tanzania, United Republic of",,153094
Mpanda,"Tanzania, United Republic of",,153176
Moshi,"Tanzania, United Republic of",,153209
Morogoro,"Tanzania, United Republic of",,153220
Mlowo,"Tanzania, United Republic of",,153352
Mlimba,"Tanzania, United Republic of",,153384
Mlangali,"Tanzania, United Republic of",,153408
Mlandizi,"Tanzania, United Republic of",,153412
Mlalo,"Tanzania, United Republic of",,153423
Mkuranga,"Tanzania, United Republic of",,153482
Mkoani,"Tanzania, United Republic of",,153600
Mwandiga,"Tanzania, United Republic of",,153709
Misungwi,"Tanzania, United Republic of",,153759
Mikumi,"Tanzania, United Republic of",,153871
Mhango,"Tanzania, United Republic of",,154002
Mgandu,"Tanzania, United Republic of",,154097
Mbulu,"Tanzania, United Republic of",,154313
Mbuguni,"Tanzania, United Republic of",,154321
Mbeya,"Tanzania, United Republic of",,154380
Mazinde,"Tanzania, United Republic of",,154470
Matundasi,"Tanzania, United Republic of",,154551
Matui,"Tanzania, United Republic of",,154566
Matai,"Tanzania, United Republic of",,154638
Maswa,"Tanzania, United Republic of",,154648
Masumbwe,"Tanzania, United Republic of",,154654
Maramba,"Tanzania, United Republic of",,154780
Mapinga,"Tanzania, United Republic of",,154805
Manyoni,"Tanzania, United Republic of",,154837
Malinyi,"Tanzania, United Republic of",,155016
Malampaka,"Tanzania, United Republic of",,155056
Makuyuni,"Tanzania, United Republic of",,155076
Makuyuni,"Tanzania, United Republic of",,155077
Makumbako,"Tanzania, United Republic of",,155101
Makongolosi,"Tanzania, United Republic of",,155125
Mahanje,"Tanzania, United Republic of",,155285
Kihangara,"Tanzania, United Republic of",,155307
Magugu,"Tanzania, United Republic of",,155310
Magomeni,"Tanzania, United Republic of",,155321
Magole,"Tanzania, United Republic of",,155334
Mafinga,"Tanzania, United Republic of",,155405
Mabama,"Tanzania, United Republic of",,155515
Lushoto,"Tanzania, United Republic of",,155569
Lugoba,"Tanzania, United Republic of",,155743
Lubata,"Tanzania, United Republic of",,155794
Liwale,"Tanzania, United Republic of",,155921
Lembeni,"Tanzania, United Republic of",,156025
Lalago,"Tanzania, United Republic of",,156080
Laela,"Tanzania, United Republic of",,156098
Kyela,"Tanzania, United Republic of",,156111
Korogwe,"Tanzania, United Republic of",,156479
Kondoa,"Tanzania, United Republic of",,156510
Kiwira,"Tanzania, United Republic of",,156627
Kishapu,"Tanzania, United Republic of",,156963
Kisesa,"Tanzania, United Republic of",,156973
Kisesa,"Tanzania, United Republic of",,156974
Kirando,"Tanzania, United Republic of",,157107
Kiomboi,"Tanzania, United Republic of",,157198
Kingori,"Tanzania, United Republic of",,157268
Kilwa Masoko,"Tanzania, United Republic of",,157377
Kilosa,"Tanzania, United Republic of",,157403
Kilindoni,"Tanzania, United Republic of",,157429
Kigoma,"Tanzania, United Republic of",,157738
Kidodi,"Tanzania, United Republic of",,157826
Kidatu,"Tanzania, United Republic of",,157863
Kibondo,"Tanzania, United Republic of",,157960
Kibiti,"Tanzania, United Republic of",,157977
Kibara,"Tanzania, United Republic of",,158016
Kibakwe,"Tanzania, United Republic of",,158024
Kibaha,"Tanzania, United Republic of",,158027
Katumba,"Tanzania, United Republic of",,158151
Katoro,"Tanzania, United Republic of",,158160
Katesh,"Tanzania, United Republic of",,158178
Katerero,"Tanzania, United Republic of",,158179
Kasulu,"Tanzania, United Republic of",,158214
Kasamwa,"Tanzania, United Republic of",,158289
Kiratu,"Tanzania, United Republic of",,158324
Kamachumu,"Tanzania, United Republic of",,158492
Kakonko,"Tanzania, United Republic of",,158563
Kahama,"Tanzania, United Republic of",,158597
Kabanga,"Tanzania, United Republic of",,158684
Izazi,"Tanzania, United Republic of",,158825
Itigi,"Tanzania, United Republic of",,158904
Isaka,"Tanzania, United Republic of",,159045
Iringa,"Tanzania, United Republic of",,159071
Ipinda,"Tanzania, United Republic of",,159107
Ilula,"Tanzania, United Republic of",,159179
Ilongero,"Tanzania, United Republic of",,159186
Ilembula,"Tanzania, United Republic of",,159218
Ikwiriri,"Tanzania, United Republic of",,159242
Ikungi,"Tanzania, United Republic of",,159267
Igurusi,"Tanzania, United Republic of",,159380
Igunga,"Tanzania, United Republic of",,159386
Igugunu,"Tanzania, United Republic of",,159398
Ifakara,"Tanzania, United Republic of",,159492
Hedaru,"Tanzania, United Republic of",,159647
Handeni,"Tanzania, United Republic of",,159675
Geita,"Tanzania, United Republic of",,159908
Geiro,"Tanzania, United Republic of",,159909
Galappo,"Tanzania, United Republic of",,159951
Dongobesh,"Tanzania, United Republic of",,160172
Dodoma,"Tanzania, United Republic of",,160196
Dar es Salaam,"Tanzania, United Republic of",,160263
Dareda,"Tanzania, United Republic of",,160266
Chimala,"Tanzania, United Republic of",,160464
Chato,"Tanzania, United Republic of",,160552
Chanika,"Tanzania, United Republic of",,160592
Chalinze,"Tanzania, United Republic of",,160660
Chala,"Tanzania, United Republic of",,160670
Chake Chake,"Tanzania, United Republic of",,160677
Butiama,"Tanzania, United Republic of",,160798
Buseresere,"Tanzania, United Republic of",,160833
Bungu,"Tanzania, United Republic of",,160877
Bunda,"Tanzania, United Republic of",,160892
Bukoba,"Tanzania, United Republic of",,160961
Bugarama,"Tanzania, United Republic of",,161023
Boma la Ngombe,"Tanzania, United Republic of",,161100
Biharamulo,"Tanzania, United Republic of",,161154
Basotu,"Tanzania, United Republic of",,161197
Bashanet,"Tanzania, United Republic of",,161204
Bariadi,"Tanzania, United Republic of",,161218
Bagamoyo,"Tanzania, United Republic of",,161290
Babati,"Tanzania, United Republic of",,161312
Arusha,"Tanzania, United Republic of",,161325
Tunduru,"Tanzania, United Republic of",,877378
Tingi,"Tanzania, United Republic of",,877384
Tandahimba,"Tanzania, United Republic of",,877391
Songea,"Tanzania, United Republic of",,877401
Ruangwa,"Tanzania, United Republic of",,877433
Nyangao,"Tanzania, United Republic of",,877471
Newala Kisimani,"Tanzania, United Republic of",,877532
Newala,"Tanzania, United Republic of",,877534
Nanyamba,"Tanzania, United Republic of",,877581
Nangomba,"Tanzania, United Republic of",,877597
Nanganga,"Tanzania, United Republic of",,877605
Nachingwea,"Tanzania, United Republic of",,877702
Mtwara,"Tanzania, United Republic of",,877747
Mbinga,"Tanzania, United Republic of",,877998
Matiri,"Tanzania, United Republic of",,878041
Masasi,"Tanzania, United Republic of",,878058
Maposeni,"Tanzania, United Republic of",,878073
Lukuledi,"Tanzania, United Republic of",,878195
Luchingu,"Tanzania, United Republic of",,878223
Lindi,"Tanzania, United Republic of",,878281
Kitama,"Tanzania, United Republic of",,878367
Kigonsera,"Tanzania, United Republic of",,878400
Merelani,"Tanzania, United Republic of",,6640202
Nungwi,"Tanzania, United Republic of",,7284275
Magu,"Tanzania, United Republic of",,8549456
Mhalamba,"Tanzania, United Republic of",,8549608
Tarakea,"Tanzania, United Republic of",,11905975
Diobahika,"Tanzania, United Republic of",,13132454
Dumila,"Tanzania, United Republic of",,13132455
Kibaigwa,"Tanzania, United Republic of",,13132456
Madizini,"Tanzania, United Republic of",,13132457
Mafinga,"Tanzania, United Republic of",,13132458
Matongo,"Tanzania, United Republic of",,13132459
Mwandege,"Tanzania, United Republic of",,13132460
Mwanhuzi,"Tanzania, United Republic of",,13132461
Ruaha,"Tanzania, United Republic of",,13132462
Lebedyn,Ukraine,,613273
Druzhkivka,Ukraine,,616743
Zvenihorodka,Ukraine,,686803
Zuhres,Ukraine,,686818
Zolotonosha,Ukraine,,686875
Zolochiv,Ukraine,,686896
Znamyanka,Ukraine,,686919
Zhytomyr,Ukraine,,686967
Zhmerynka,Ukraine,,687116
Zhovti Vody,Ukraine,,687196
Zdolbuniv,Ukraine,,687432
Zaporizhzhya,Ukraine,,687700
Yuzhne,Ukraine,,687997
Yevpatoriya,Ukraine,,688105
Yenakiieve,Ukraine,,688148
Yasynuvata,Ukraine,,688373
Yalta,Ukraine,,688533
Yahotyn,Ukraine,,688587
Vyshhorod,Ukraine,,688723
Vynohradiv,Ukraine,,688746
Voznesensk,Ukraine,,688860
Volochysk,Ukraine,,689159
Volnovakha,Ukraine,,689198
Vilnohirsk,Ukraine,,689200
Vovchansk,Ukraine,,689304
Volodymyr-Volynskyi,Ukraine,,689378
Vyshneve,Ukraine,,689487
Vinnytsya,Ukraine,,689558
Vilnyansk,Ukraine,,689584
Verkhnodniprovsk,Ukraine,,689916
Vatutine,Ukraine,,690312
Vasylkiv,Ukraine,,690412
Uzhhorod,Ukraine,,690548
Uman,Ukraine,,690688
Tulchyn,Ukraine,,691016
Oleshky,Ukraine,,691037
Truskavets,Ukraine,,691179
Trostianets,Ukraine,,691255
Chystyakove,Ukraine,,691374
Tokmak,Ukraine,,691469
Ternivka,Ukraine,,691628
Ternopil,Ukraine,,691650
Sievierodonetsk,Ukraine,,691999
Svitlovodsk,Ukraine,,692087
Dovzhansk,Ukraine,,692105
Svatove,Ukraine,,692118
Svalyava,Ukraine,,692129
Sumy,Ukraine,,692194
Sukhodilsk,Ukraine,,692254
Sudak,Ukraine,,692315
Stryi,Ukraine,,692372
Stebnyk,Ukraine,,692632
Starokostyantyniv,Ukraine,,692818
Starobilsk,Ukraine,,692832
Kadiyivka,Ukraine,,692975
Sokal,Ukraine,,693301
Snizhne,Ukraine,,693381
Smila,Ukraine,,693457
Sloviansk,Ukraine,,693468
Slavuta,Ukraine,,693581
Skvyra,Ukraine,,693615
Skadovsk,Ukraine,,693709
Synelnykove,Ukraine,,693796
Simferopol,Ukraine,,693805
Shpola,Ukraine,,693920
Shostka,Ukraine,,693942
Shepetivka,Ukraine,,694216
Shakhtarsk,Ukraine,,694382
Sevastopol,Ukraine,,694423
Selydove,Ukraine,,694677
Sarny,Ukraine,,694792
Sambir,Ukraine,,694864
Saki,Ukraine,,694910
Rubizhne,Ukraine,,695274
Rozdilna,Ukraine,,695344
Kurakhove,Ukraine,,695357
Rovenky,Ukraine,,695379
Romny,Ukraine,,695464
Rivne,Ukraine,,695594
Rakhiv,Ukraine,,695859
Radomyshl,Ukraine,,695912
Pyatykhatky,Ukraine,,695965
Pryluky,Ukraine,,696108
Popasna,Ukraine,,696566
Poltava,Ukraine,,696643
Polonne,Ukraine,,696660
Polohy,Ukraine,,696677
Pidhorodne,Ukraine,,696943
Pervomaiskyi,Ukraine,,697576
Pervomaisk,Ukraine,,697592
Pervomaysk,Ukraine,,697593
Pershotravensk,Ukraine,,697616
Pereiaslav,Ukraine,,697637
Perevalsk,Ukraine,,697650
Pavlohrad,Ukraine,,697889
Ovruch,Ukraine,,698131
Pokrov,Ukraine,,698436
Oleksandriya,Ukraine,,698625
Odesa,Ukraine,,698740
Obukhiv,Ukraine,,698782
Novovolynsk,Ukraine,,699035
Novoukrayinka,Ukraine,,699078
Novomoskovsk,Ukraine,,699445
Zviahel,Ukraine,,699553
Nova Kakhovka,Ukraine,,699839
Nizhyn,Ukraine,,699942
Nikopol,Ukraine,,700051
Netishyn,Ukraine,,700261
Nadvirna,Ukraine,,700507
Mykolayiv,Ukraine,,700569
Mukachevo,Ukraine,,700646
Mostyska,Ukraine,,700696
Molodohvardiisk,Ukraine,,700829
Mohyliv-Podilskyy,Ukraine,,700918
Myrhorod,Ukraine,,701075
Merefa,Ukraine,,701347
Melitopol,Ukraine,,701404
Mariupol,Ukraine,,701822
Marhanets,Ukraine,,701855
Malyn,Ukraine,,702116
Makiivka,Ukraine,,702320
Lyubotyn,Ukraine,,702417
Lviv,Ukraine,,702550
Lutuhyne,Ukraine,,702563
Lutsk,Ukraine,,702569
Luhansk,Ukraine,,702658
Lubny,Ukraine,,702723
Lozova,Ukraine,,702760
Lysychansk,Ukraine,,702972
Ladyzhyn,Ukraine,,703428
Kyiv,Ukraine,,703448
Kurakhovo,Ukraine,,703646
Kupiansk,Ukraine,,703656
Kryvyy Rih,Ukraine,,703845
Krolevets,Ukraine,,704000
Kreminna,Ukraine,,704138
Kremenets,Ukraine,,704143
Kremenchuk,Ukraine,,704147
Khrustalnyi,Ukraine,,704202
Lyman,Ukraine,,704204
Yany Kapu,Ukraine,,704362
Krasnohrad,Ukraine,,704388
Sorokyne,Ukraine,,704403
Pokrovsk,Ukraine,,704422
Krasyliv,Ukraine,,704492
Kramatorsk,Ukraine,,704508
Kivsharivka,Ukraine,,704608
Kovel,Ukraine,,704617
Kotsiubynske,Ukraine,,704670
Podilsk,Ukraine,,704679
Kostopil,Ukraine,,704737
Korsun-Shevchenkivskyy,Ukraine,,704858
Korostyshiv,Ukraine,,704885
Korosten,Ukraine,,704901
Kostiantynivka,Ukraine,,705104
Konotop,Ukraine,,705135
Slobozhans’ke,Ukraine,,705183
Kolomyia,Ukraine,,705392
Khrestivka,Ukraine,,705797
Holubivka,Ukraine,,705809
Kropyvnytskyy,Ukraine,,705812
Kiliya,Ukraine,,705883
Khust,Ukraine,,706165
Khmelnytskyi,Ukraine,,706369
Khmilnyk,Ukraine,,706380
Kherson,Ukraine,,706448
Khartsyzk,Ukraine,,706466
Kharkiv,Ukraine,,706483
Kerch,Ukraine,,706524
Kozyatyn,Ukraine,,706571
Kaniv,Ukraine,,706900
Kamianets-Podilskyi,Ukraine,,706950
Kalush,Ukraine,,707099
Kalynivka,Ukraine,,707155
Kakhovka,Ukraine,,707244
Izium,Ukraine,,707292
Iziaslav,Ukraine,,707296
Izmail,Ukraine,,707308
Ivano-Frankivsk,Ukraine,,707471
Irpin,Ukraine,,707565
Ilovays’k,Ukraine,,707679
Chornomors’k,Ukraine,,707688
Horodok,Ukraine,,707752
Horlivka,Ukraine,,707753
Hlukhiv,Ukraine,,707758
Hostomel,Ukraine,,708251
Horodok,Ukraine,,708313
Henichesk,Ukraine,,708878
Haysyn,Ukraine,,708901
Hadyach,Ukraine,,709054
Feodosiya,Ukraine,,709161
Fastiv,Ukraine,,709248
Enerhodar,Ukraine,,709276
Dzhankoi,Ukraine,,709334
Toretsk,Ukraine,,709354
Dunayivtsi,Ukraine,,709429
Dubno,Ukraine,,709540
Drohobych,Ukraine,,709611
Donetsk,Ukraine,,709717
Dolyna,Ukraine,,709755
Dolynska,Ukraine,,709782
Dokuchaievsk,Ukraine,,709835
Dobropillia,Ukraine,,709900
Dnipro,Ukraine,,709930
Kamyanske,Ukraine,,709932
Dniprorudne,Ukraine,,709960
Myrnohrad,Ukraine,,710035
Derhachi,Ukraine,,710098
Debaltseve,Ukraine,,710229
Chuhuiv,Ukraine,,710374
Chortkiv,Ukraine,,710400
Chervonopartyzansk,Ukraine,,710548
Chervonohrad,Ukraine,,710554
Chernivtsi,Ukraine,,710719
Chernihiv,Ukraine,,710735
Cherkasy,Ukraine,,710791
Bucha,Ukraine,,711350
Brianka,Ukraine,,711369
Brovary,Ukraine,,711390
Brody,Ukraine,,711416
Boiarka,Ukraine,,711515
Boryspil,Ukraine,,711660
Boryslav,Ukraine,,711669
Bolhrad,Ukraine,,711841
Bohuslav,Ukraine,,711867
Bohodukhiv,Ukraine,,711894
Bilhorod-Dnistrovskyi,Ukraine,,712160
Bila Tserkva,Ukraine,,712165
Berezhany,Ukraine,,712374
Berezan,Ukraine,,712389
Berehove,Ukraine,,712423
Berdychiv,Ukraine,,712441
Berdyansk,Ukraine,,712451
Bilopillia,Ukraine,,712559
Bilohirsk,Ukraine,,712587
Bilohorodka,Ukraine,,712590
Bar,Ukraine,,712861
Balta,Ukraine,,712886
Balakliia,Ukraine,,712926
Balaklava,Ukraine,,712930
Bakhmach,Ukraine,,712967
Bakhchysarai,Ukraine,,712969
Avdiivka,Ukraine,,713122
Bakhmut,Ukraine,,713174
Armyansk,Ukraine,,713203
Apostolove,Ukraine,,713245
Antratsyt,Ukraine,,713259
Amvrosiivka,Ukraine,,713504
Alushta,Ukraine,,713513
Alchevsk,Ukraine,,713716
Okhtyrka,Ukraine,,713749
Horishni Plavni,Ukraine,,6559559
Slavutych,Ukraine,,6930327
Yuzhnoukrayinsk,Ukraine,,7525990
Varash,Ukraine,,8341919
Novoyavorivs'k,Ukraine,,8468760
Reni,Ukraine,,12129128
Yumbe,Uganda,,225835
Wobulenzi,Uganda,,225858
Wakiso,Uganda,,225964
Tororo,Uganda,,226110
Soroti,Uganda,,226234
Sironko,Uganda,,226267
Rutoma,Uganda,,226554
Rukungiri,Uganda,,226600
Rubanda,Uganda,,226690
Pallisa,Uganda,,226823
Pakwach,Uganda,,226835
Paidha,Uganda,,226853
Nyahuka,Uganda,,227525
Nyachera,Uganda,,227528
Ntungamo,Uganda,,227592
Ntungamo,Uganda,,227593
Njeru,Uganda,,227812
Ngora,Uganda,,227843
Nebbi,Uganda,,227904
Namutumba,Uganda,,228094
Namayumba,Uganda,,228214
Namasuba,Uganda,,228227
Nakaloke,Uganda,,228448
Mukono,Uganda,,228853
Mubende,Uganda,,228971
Mpondwe,Uganda,,229006
Mpigi,Uganda,,229024
Moyo,Uganda,,229059
Moroto,Uganda,,229112
Mityana,Uganda,,229139
Mbarara,Uganda,,229268
Mbale,Uganda,,229278
Mayuge,Uganda,,229292
Masindi,Uganda,,229362
Masaka,Uganda,,229380
Magamaga,Uganda,,229530
Mabare,Uganda,,229580
Lyantonde,Uganda,,229599
Lwengo,Uganda,,229630
Lwakyomba,Uganda,,229708
Luwero,Uganda,,229746
Lukaya,Uganda,,229872
Lugazi,Uganda,,229911
Lira,Uganda,,230166
Kyenjojo,Uganda,,230299
Kyegegwa,Uganda,,230331
Kyazanga,Uganda,,230348
Kyarusozi,Uganda,,230370
Kyamahungu,Uganda,,230476
Kumi,Uganda,,230584
Kotido,Uganda,,230617
Koboko,Uganda,,230725
Kiziba,Uganda,,230753
Kitgum,Uganda,,230893
Kisoro,Uganda,,230993
Kireka,Uganda,,231139
Kira,Uganda,,231165
Kinoni,Uganda,,231197
Kikube,Uganda,,231280
Kihihi,Uganda,,231383
Kigumba,Uganda,,231406
Kiboga,Uganda,,231550
Kazo,Uganda,,231670
Kayunga,Uganda,,231696
Katoke,Uganda,,231848
Katabi,Uganda,,231954
Kasozi,Uganda,,231990
Kasese,Uganda,,232066
Kasanje,Uganda,,232107
Kasangati,Uganda,,232110
Kasanda,Uganda,,232115
Kasambya,Uganda,,232137
Kasaali,Uganda,,232146
Kapchorwa,Uganda,,232235
Kanungu,Uganda,,232287
Kamwenge,Uganda,,232371
Kamuli,Uganda,,232397
Kampala,Uganda,,232422
Kalisizo,Uganda,,232522
Kaliro,Uganda,,232526
Kakumiro,Uganda,,232619
Kakiri,Uganda,,232652
Kakira,Uganda,,232661
Kajansi,Uganda,,232713
Kagadi,Uganda,,232834
Kabale,Uganda,,233070
Jinja,Uganda,,233114
Iryango,Uganda,,233194
Iganga,Uganda,,233275
Ibanda,Uganda,,233299
Hoima,Uganda,,233312
Gulu,Uganda,,233346
Gombe,Uganda,,233382
Fort Portal,Uganda,,233476
Entebbe,Uganda,,233508
Dokolo,Uganda,,233563
Bwizibwera,Uganda,,233730
Buyende,Uganda,,233840
Buwenge,Uganda,,233886
Butemba,Uganda,,233975
Butaleja,Uganda,,234004
Busolwe,Uganda,,234043
Busia,Uganda,,234077
Busesa,Uganda,,234088
Busembatia,Uganda,,234092
Bundibugyo,Uganda,,234178
Bunamwaya,Uganda,,234179
Bukomero,Uganda,,234368
Buikwe,Uganda,,234480
Buhimba,Uganda,,234496
Buhesi,Uganda,,234497
Bugiri,Uganda,,234565
Bugembe,Uganda,,234578
Budaka,Uganda,,234658
Budadiri,Uganda,,234660
Bombo,Uganda,,234717
Arua,Uganda,,235039
Apac,Uganda,,235130
Anaka,Uganda,,235178
Adjumani,Uganda,,235489
Abim,Uganda,,235574
Ishaka,Uganda,,448001
Isingiro,Uganda,,7911405
Manafwa,Uganda,,7911406
Opit,Uganda,,8198328
Buyale,Uganda,,8261621
Nakivale Refugee Camp,Uganda,,8581615
Kisinga,Uganda,,8629023
Malaba,Uganda,,8629414
Rwiimi,Uganda,,8642874
Kyengera,Uganda,,10858926
Nansana,Uganda,,10943053
Namavundu,Uganda,,11259341
Muhorro,Uganda,,11496345
Butunduzi,Uganda,,13132713
Kiryandongo Refugee Camp,Uganda,,13132714
Kyaka II Refugee Camp,Uganda,,13132715
Kyangwali Refugee Camp,Uganda,,13132716
Nyamunuka,Uganda,,13132717
Rwamwanja Refugee Camp,Uganda,,13132719
Fort Hunt,United States,,4046704
Bessemer,United States,,4048023
Paducah,United States,,4048662
Birmingham,United States,,4049979
Cordova,United States,,4050552
Center Point,United States,,4054378
Cullman,United States,,4057835
Daphne,United States,,4058219
Decatur,United States,,4058553
Dothan,United States,,4059102
East Florence,United States,,4059870
Enterprise,United States,,4060791
Fairhope,United States,,4061234
Florence,United States,,4062577
Foley,United States,,4062644
Gadsden,United States,,4063619
Helena,United States,,4066811
Homewood,United States,,4067927
Hoover,United States,,4067994
Hueytown,United States,,4068446
Huntsville,United States,,4068590
Madison,United States,,4074267
Millbrook,United States,,4076239
Mobile,United States,,4076598
Montgomery,United States,,4076784
Mountain Brook,United States,,4078646
Northport,United States,,4080555
Opelika,United States,,4081644
Oxford,United States,,4081914
Pelham,United States,,4082569
Phenix City,United States,,4082866
Prattville,United States,,4084796
Prichard,United States,,4084888
Selma,United States,,4089114
Talladega,United States,,4092788
Tillmans Corner,United States,,4093753
Troy,United States,,4094163
Trussville,United States,,4094212
Tuscaloosa,United States,,4094455
Vestavia Hills,United States,,4095415
Bella Vista,United States,,4101114
Benton,United States,,4101241
Bentonville,United States,,4101260
Bryant,United States,,4103448
Cabot,United States,,4103957
Conway,United States,,4106458
El Dorado,United States,,4109785
Fayetteville,United States,,4110486
Fort Smith,United States,,4111410
Hot Springs,United States,,4115412
Jacksonville,United States,,4116315
Jonesboro,United States,,4116834
Little Rock,United States,,4119403
Maumelle,United States,,4120792
North Little Rock,United States,,4124112
Paragould,United States,,4125388
Pine Bluff,United States,,4126226
Rogers,United States,,4128894
Russellville,United States,,4129397
Searcy,United States,,4130430
Siloam Springs,United States,,4131116
Springdale,United States,,4132093
Texarkana,United States,,4133367
Van Buren,United States,,4134716
West Memphis,United States,,4135865
Adams Morgan,United States,,4137457
Shaw,United States,,4140463
Washington,United States,,4140963
Bear,United States,,4141363
Dover,United States,,4142290
Middletown,United States,,4143637
Newark,United States,,4143861
Wilmington,United States,,4145381
Allapattah,United States,,4145805
Altamonte Springs,United States,,4145941
Apopka,United States,,4146166
Auburndale,United States,,4146389
Aventura,United States,,4146429
Bartow,United States,,4146723
Bayonet Point,United States,,4146901
Bayshore Gardens,United States,,4146934
Belle Glade,United States,,4147241
Bellview,United States,,4147290
Bloomingdale,United States,,4148207
Boca Del Mar,United States,,4148399
Boca Raton,United States,,4148411
Bonita Springs,United States,,4148533
Boynton Beach,United States,,4148677
Bradenton,United States,,4148708
Brandon,United States,,4148757
Brent,United States,,4148803
Brownsville,United States,,4149077
Buenaventura Lakes,United States,,4149269
Cantonment,United States,,4149956
Cape Coral,United States,,4149962
Carol City,United States,,4150066
Carrollwood,United States,,4150115
Carrollwood Village,United States,,4150118
Casselberry,United States,,4150190
Citrus Park,United States,,4151157
Clearwater,United States,,4151316
Clermont,United States,,4151352
Cocoa,United States,,4151440
Coconut Creek,United States,,4151455
Coconut Grove,United States,,4151460
Cooper City,United States,,4151824
Coral Gables,United States,,4151871
Coral Springs,United States,,4151909
Coral Terrace,United States,,4151921
Country Walk,United States,,4152064
Country Club,United States,,4152093
Crestview,United States,,4152311
Cutler,United States,,4152564
Cutler Ridge,United States,,4152574
Dania Beach,United States,,4152772
Davie,United States,,4152820
Daytona Beach,United States,,4152872
DeLand,United States,,4152890
DeBary,United States,,4152926
Deerfield Beach,United States,,4153071
Delray Beach,United States,,4153132
Deltona,United States,,4153146
Doral,United States,,4153471
Dunedin,United States,,4153759
East Lake,United States,,4154008
East Naples,United States,,4154031
East Pensacola Heights,United States,,4154047
Edgewater,United States,,4154205
Egypt Lake-Leto,United States,,4154280
Ensley,United States,,4154489
Estero,United States,,4154568
Eustis,United States,,4154606
Ferry Pass,United States,,4155017
Flagami,United States,,4155529
Fleming Island,United States,,4155594
Florida Ridge,United States,,4155726
Fort Lauderdale,United States,,4155966
Fort Myers,United States,,4155995
Fort Pierce,United States,,4156018
Fort Walton Beach,United States,,4156042
Fountainebleau,United States,,4156091
Fruit Cove,United States,,4156331
Gainesville,United States,,4156404
Glenvar Heights,United States,,4156857
Golden Gate,United States,,4156920
Golden Glades,United States,,4156931
Greenacres City,United States,,4157467
Haines City,United States,,4157827
Hallandale Beach,United States,,4157898
Hialeah,United States,,4158476
Hialeah Gardens,United States,,4158482
Holiday,United States,,4158865
Hollywood,United States,,4158928
Homestead,United States,,4159050
Immokalee,United States,,4159553
Iona,United States,,4159805
Ives Estates,United States,,4159896
Jacksonville,United States,,4160021
Jacksonville Beach,United States,,4160023
Jasmine Estates,United States,,4160100
Jupiter,United States,,4160610
Kendale Lakes,United States,,4160705
Kendall,United States,,4160711
Key West,United States,,4160812
Keystone,United States,,4160822
Kissimmee,United States,,4160983
Lake Butler,United States,,4161178
Lake Magdalene,United States,,4161313
Lake Mary,United States,,4161373
Lake Wales,United States,,4161400
Lake Worth Beach,United States,,4161422
Lake Worth Corridor,United States,,4161424
Lakeland,United States,,4161438
Lakeside,United States,,4161461
Land O' Lakes,United States,,4161534
Largo,United States,,4161580
Lauderdale Lakes,United States,,4161616
Lauderhill,United States,,4161625
Lealman,United States,,4161705
Leesburg,United States,,4161771
Lehigh Acres,United States,,4161785
Leisure City,United States,,4161797
Lutz,United States,,4163033
Lynn Haven,United States,,4163049
Maitland,United States,,4163220
Marco Island,United States,,4163388
Margate,United States,,4163407
Meadow Woods,United States,,4163918
Melbourne,United States,,4163971
Merritt Island,United States,,4164092
Miami,United States,,4164138
Miami Beach,United States,,4164143
Miami Gardens,United States,,4164167
Miami Lakes,United States,,4164186
Miramar,United States,,4164601
Myrtle Grove,United States,,4165519
Naples,United States,,4165565
Navarre,United States,,4165637
New Port Richey,United States,,4165869
New Smyrna Beach,United States,,4165913
Norland,United States,,4166066
North Fort Myers,United States,,4166195
North Lauderdale,United States,,4166222
North Miami,United States,,4166232
North Miami Beach,United States,,4166233
North Port,United States,,4166274
Oak Ridge,United States,,4166583
Oakland Park,United States,,4166638
Ocala,United States,,4166673
Ocoee,United States,,4166776
Ojus,United States,,4166805
Opa-locka,United States,,4167003
Orlando,United States,,4167147
Ormond Beach,United States,,4167178
Oviedo,United States,,4167348
Pace,United States,,4167424
Palm Bay,United States,,4167499
Palm Beach Gardens,United States,,4167519
Palm City,United States,,4167536
Palm Coast,United States,,4167538
Palm Harbor,United States,,4167545
Palm Springs,United States,,4167583
Palm Valley,United States,,4167601
Palmetto Bay,United States,,4167634
Panama City,United States,,4167694
Parkland,United States,,4167829
Pembroke Pines,United States,,4168139
Pensacola,United States,,4168228
Pine Hills,United States,,4168459
Pinecrest,United States,,4168590
Pinellas Park,United States,,4168630
Pinewood,United States,,4168659
Plant City,United States,,4168773
Plantation,United States,,4168782
Poinciana,United States,,4168930
Pompano Beach,United States,,4169014
Ponte Vedra Beach,United States,,4169060
Port Charlotte,United States,,4169130
Port Orange,United States,,4169156
Port Saint Lucie,United States,,4169171
Princeton,United States,,4169345
Punta Gorda,United States,,4169452
Punta Gorda Isles,United States,,4169455
Richmond West,United States,,4170005
Riverview,United States,,4170156
Riviera Beach,United States,,4170174
Rockledge,United States,,4170358
Royal Palm Beach,United States,,4170617
Ruskin,United States,,4170688
Safety Harbor,United States,,4170797
Saint Cloud,United States,,4170965
St. Petersburg,United States,,4171563
San Carlos Park,United States,,4171782
Sanford,United States,,4172086
Santa Rosa Beach,United States,,4172094
Sarasota,United States,,4172131
Sebastian,United States,,4172372
Seminole,United States,,4172434
South Bradenton,United States,,4173392
South Miami Heights,United States,,4173497
Southchase,United States,,4173600
Spring Hill,United States,,4173838
Stuart,United States,,4174201
Sun City Center,United States,,4174317
Sunny Isles Beach,United States,,4174383
Sunrise,United States,,4174402
Sunset,United States,,4174425
Sweetwater,United States,,4174600
Tallahassee,United States,,4174715
Tamarac,United States,,4174738
Tamiami,United States,,4174744
Tampa,United States,,4174757
Tarpon Springs,United States,,4174855
Tavares,United States,,4174861
Temple Terrace,United States,,4174969
The Crossings,United States,,4175091
The Hammocks,United States,,4175117
The Villages,United States,,4175179
Three Lakes,United States,,4175296
Titusville,United States,,4175437
Town 'n' Country,United States,,4175538
University Park,United States,,4176217
Valrico,United States,,4176318
Venice,United States,,4176380
Vero Beach,United States,,4176409
Wekiwa Springs,United States,,4177671
Wellington,United States,,4177703
Wesley Chapel,United States,,4177727
Westchase,United States,,4177779
West Hollywood,United States,,4177834
West Little River,United States,,4177865
West Melbourne,United States,,4177872
West Palm Beach,United States,,4177887
West Park,United States,,4177897
West Pensacola,United States,,4177908
West and East Lealman,United States,,4177960
Westchester,United States,,4177965
Weston,United States,,4178003
Winter Garden,United States,,4178550
Winter Haven,United States,,4178552
Winter Park,United States,,4178560
Winter Springs,United States,,4178573
Wright,United States,,4178775
Acworth,United States,,4179074
Albany,United States,,4179320
Alpharetta,United States,,4179574
Americus,United States,,4179667
Athens,United States,,4180386
Atlanta,United States,,4180439
Augusta,United States,,4180531
Belvedere Park,United States,,4181936
Brookhaven,United States,,4184530
Brunswick,United States,,4184845
Calhoun,United States,,4185657
Canton,United States,,4186213
Carrollton,United States,,4186416
Cartersville,United States,,4186531
Chamblee,United States,,4187204
Columbus,United States,,4188985
Conyers,United States,,4189213
Dalton,United States,,4190581
Decatur,United States,,4191124
Douglasville,United States,,4191955
Dublin,United States,,4192205
Duluth,United States,,4192289
Dunwoody,United States,,4192375
East Point,United States,,4192674
Evans,United States,,4193699
Fayetteville,United States,,4194474
Forest Park,United States,,4195701
Gainesville,United States,,4196586
Griffin,United States,,4198322
Hinesville,United States,,4200671
Kennesaw,United States,,4203696
Kingsland,United States,,4204007
LaGrange,United States,,4204230
Lawrenceville,United States,,4205196
Lithia Springs,United States,,4205885
Mableton,United States,,4207226
Macon,United States,,4207400
Marietta,United States,,4207783
Martinez,United States,,4207981
McDonough,United States,,4208442
Milledgeville,United States,,4209448
Newnan,United States,,4212684
Norcross,United States,,4212888
North Decatur,United States,,4212992
North Druid Hills,United States,,4212995
Peachtree City,United States,,4215110
Peachtree Corners,United States,,4215114
Perry,United States,,4215391
Pooler,United States,,4216948
Redan,United States,,4218165
Riverdale,United States,,4219001
Rome,United States,,4219762
Roswell,United States,,4219934
St. Marys,United States,,4220629
Sandy Springs,United States,,4221333
Savannah,United States,,4221552
Smyrna,United States,,4223379
Snellville,United States,,4223413
Statesboro,United States,,4224413
Stockbridge,United States,,4224681
Sugar Hill,United States,,4225039
Suwanee,United States,,4225309
Thomasville,United States,,4226348
Tifton,United States,,4226552
Tucker,United States,,4227213
Union City,United States,,4227777
Valdosta,United States,,4228147
Warner Robins,United States,,4229476
Wilmington Island,United States,,4231354
Winder,United States,,4231523
Woodstock,United States,,4231874
Alton,United States,,4232679
Belleville,United States,,4233813
Carbondale,United States,,4235193
Charleston,United States,,4235668
Collinsville,United States,,4236191
Decatur,United States,,4236895
East Saint Louis,United States,,4237579
Edwardsville,United States,,4237717
Fairview Heights,United States,,4238132
Godfrey,United States,,4239509
Granite City,United States,,4239714
Jacksonville,United States,,4241704
Marion,United States,,4243899
Mattoon,United States,,4244099
Mount Vernon,United States,,4245152
O'Fallon,United States,,4245926
Quincy,United States,,4247703
Springfield,United States,,4250542
Upper Alton,United States,,4251841
Avon,United States,,4254021
Bloomington,United States,,4254679
Broad Ripple,United States,,4254957
Brownsburg,United States,,4255056
Carmel,United States,,4255466
Clarksville,United States,,4255836
Columbus,United States,,4256038
Evansville,United States,,4257227
Fishers,United States,,4257494
Greenfield,United States,,4258285
Greenwood,United States,,4258313
Indianapolis,United States,,4259418
Jasper,United States,,4259640
Jeffersonville,United States,,4259671
Lawrence,United States,,4260210
New Albany,United States,,4262045
New Castle,United States,,4262072
Plainfield,United States,,4263108
Richmond,United States,,4263681
Seymour,United States,,4264617
Shelbyville,United States,,4264688
Terre Haute,United States,,4265737
Vincennes,United States,,4266307
Zionsville,United States,,4267336
Derby,United States,,4270356
Emporia,United States,,4271086
Gardner,United States,,4271935
Great Bend,United States,,4272340
Hays,United States,,4272782
Hutchinson,United States,,4273299
Junction City,United States,,4273680
Kansas City,United States,,4273837
Lawrence,United States,,4274277
Leavenworth,United States,,4274305
Leawood,United States,,4274317
Lenexa,United States,,4274356
Manhattan,United States,,4274994
Newton,United States,,4276248
Olathe,United States,,4276614
Overland Park,United States,,4276873
Pittsburg,United States,,4277241
Prairie Village,United States,,4277718
Salina,United States,,4278890
Shawnee,United States,,4279247
Topeka,United States,,4280539
Wichita,United States,,4281730
Ashland,United States,,4282757
Bowling Green,United States,,4285268
Burlington,United States,,4286281
Covington,United States,,4288809
Danville,United States,,4289445
Elizabethtown,United States,,4290988
Erlanger,United States,,4291255
Fern Creek,United States,,4291620
Florence,United States,,4291945
Fort Thomas,United States,,4292071
Frankfort,United States,,4292188
Georgetown,United States,,4292686
Henderson,United States,,4294494
Highview,United States,,4294799
Hopkinsville,United States,,4295251
Independence,United States,,4295776
Ironville,United States,,4295940
Jeffersontown,United States,,4296218
Lexington,United States,,4297983
Lexington-Fayette,United States,,4297999
Louisville,United States,,4299276
Madisonville,United States,,4299670
Meads,United States,,4300488
Murray,United States,,4302035
Newburg,United States,,4302504
Newport,United States,,4302529
Nicholasville,United States,,4302561
Okolona,United States,,4303012
Owensboro,United States,,4303436
Pleasure Ridge Park,United States,,4304713
Radcliff,United States,,4305504
Richmond,United States,,4305974
Saint Matthews,United States,,4307238
Shelbyville,United States,,4308122
Shively,United States,,4308225
Valley Station,United States,,4311963
Winchester,United States,,4313697
Alexandria,United States,,4314550
Baton Rouge,United States,,4315588
Bayou Cane,United States,,4315768
Bossier City,United States,,4317639
Central,United States,,4319435
Chalmette,United States,,4319518
Estelle,United States,,4323873
Gretna,United States,,4326575
Hammond,United States,,4326868
Harvey,United States,,4327047
Houma,United States,,4328010
Kenner,United States,,4329753
Lafayette,United States,,4330145
Lake Charles,United States,,4330236
Laplace,United States,,4330525
Marrero,United States,,4332628
Metairie,United States,,4333177
Metairie Terrace,United States,,4333190
Monroe,United States,,4333669
Natchitoches,United States,,4334720
New Iberia,United States,,4334971
New Orleans,United States,,4335045
Opelousas,United States,,4336153
Prairieville,United States,,4338012
Ruston,United States,,4339348
Shenandoah,United States,,4341378
Shreveport,United States,,4341513
Slidell,United States,,4341727
Sulphur,United States,,4342816
Terrytown,United States,,4343327
Zachary,United States,,4346788
Aberdeen,United States,,4346913
Adelphi,United States,,4346991
Annapolis,United States,,4347242
Arbutus,United States,,4347371
Arnold,United States,,4347426
Aspen Hill,United States,,4347553
Baltimore,United States,,4347778
Ballenger Creek,United States,,4347839
Beltsville,United States,,4348353
Bethesda,United States,,4348599
Bowie,United States,,4349159
Calverton,United States,,4350160
Camp Springs,United States,,4350288
Carney,United States,,4350413
Catonsville,United States,,4350635
Chillum,United States,,4351383
Cloverly,United States,,4351851
Clinton,United States,,4351871
Cockeysville,United States,,4351887
College Park,United States,,4351977
Columbia,United States,,4352053
Crofton,United States,,4352539
Cumberland,United States,,4352681
Damascus,United States,,4352728
Dundalk,United States,,4353765
East Riverdale,United States,,4353925
Easton,United States,,4353962
Edgewood,United States,,4354087
Eldersburg,United States,,4354163
Elkton,United States,,4354234
Elkridge,United States,,4354256
Ellicott City,United States,,4354265
Essex,United States,,4354428
Fairland,United States,,4354573
Ferndale,United States,,4354821
Fort Washington,United States,,4355355
Frederick,United States,,4355585
Gaithersburg,United States,,4355843
Germantown,United States,,4356050
Glassmanor,United States,,4356165
Glen Burnie,United States,,4356188
Green Haven,United States,,4356783
Greenbelt,United States,,4356847
Gwynn Oak,United States,,4357116
Hagerstown,United States,,4357141
Hanover,United States,,4357340
Hillcrest Heights,United States,,4358082
Hunt Valley,United States,,4358701
Hyattsville,United States,,4358821
Ilchester,United States,,4358864
Lake Shore,United States,,4360201
Landover,United States,,4360287
Langley Park,United States,,4360314
Laurel,United States,,4360369
Lochearn,United States,,4360954
Maryland City,United States,,4361831
Middle River,United States,,4362344
Milford Mill,United States,,4362438
Montgomery Village,United States,,4362743
North Bel Air,United States,,4363836
North Bethesda,United States,,4363843
North Potomac,United States,,4363990
Odenton,United States,,4364362
Olney,United States,,4364537
Owings Mills,United States,,4364727
Oxon Hill,United States,,4364759
Parkville,United States,,4364946
Parole,United States,,4364964
Pasadena,United States,,4364990
Perry Hall,United States,,4365227
Pikesville,United States,,4365387
Potomac,United States,,4366001
Randallstown,United States,,4366476
Redland,United States,,4366593
Reisterstown,United States,,4366647
Rockville,United States,,4367175
Rosedale,United States,,4367372
Rossville,United States,,4367419
Saint Charles,United States,,4367734
Salisbury,United States,,4368711
Scaggsville,United States,,4368918
Seabrook,United States,,4369076
Severn,United States,,4369190
Severna Park,United States,,4369224
Silver Spring,United States,,4369596
South Bel Air,United States,,4369928
South Gate,United States,,4369964
South Laurel,United States,,4369978
Suitland,United States,,4370616
Takoma Park,United States,,4370890
Towson,United States,,4371582
Waldorf,United States,,4372599
West Elkridge,United States,,4373104
Westminster,United States,,4373238
Wheaton,United States,,4373349
White Oak,United States,,4373449
Woodlawn,United States,,4374054
Affton,United States,,4374513
Arnold,United States,,4375087
Ballwin,United States,,4375663
Belton,United States,,4376482
Blue Springs,United States,,4377664
Cape Girardeau,United States,,4379966
Chesterfield,United States,,4381072
Clayton,United States,,4381478
Columbia,United States,,4381982
Concord,United States,,4382072
Creve Coeur,United States,,4382837
East Independence,United States,,4385018
Farmington,United States,,4386289
Ferguson,United States,,4386387
Florissant,United States,,4386802
Gladstone,United States,,4387990
Grandview,United States,,4388460
Hannibal,United States,,4389418
Hazelwood,United States,,4389967
Independence,United States,,4391812
Jefferson City,United States,,4392388
Joplin,United States,,4392768
Kansas City,United States,,4393217
Kirkwood,United States,,4393739
Lee's Summit,United States,,4394870
Lemay,United States,,4394905
Liberty,United States,,4395052
Manchester,United States,,4396915
Maryland Heights,United States,,4397340
Mehlville,United States,,4397962
Nixa,United States,,4400648
O'Fallon,United States,,4401242
Oakville,United States,,4401618
Overland,United States,,4402178
Ozark,United States,,4402245
Poplar Bluff,United States,,4404233
Raymore,United States,,4405180
Raytown,United States,,4405188
Republic,United States,,4405434
Rolla,United States,,4406282
Saint Charles,United States,,4406831
Saint Joseph,United States,,4407010
St. Louis,United States,,4407066
Saint Peters,United States,,4407237
Sedalia,United States,,4408000
Sikeston,United States,,4408672
Spanish Lake,United States,,4409591
Springfield,United States,,4409896
University City,United States,,4412697
Warrensburg,United States,,4413595
Webster Groves,United States,,4413872
Wentzville,United States,,4414001
Wildwood,United States,,4414749
Biloxi,United States,,4418478
Brandon,United States,,4419290
Clarksdale,United States,,4421935
Clinton,United States,,4422133
Columbus,United States,,4422442
Gautier,United States,,4427569
Greenville,United States,,4428475
Greenwood,United States,,4428495
Gulfport,United States,,4428667
Hattiesburg,United States,,4429295
Hernando,United States,,4429589
Horn Lake,United States,,4430400
Jackson,United States,,4431410
Laurel,United States,,4433039
Long Beach,United States,,4434069
Madison,United States,,4434663
Meridian,United States,,4435764
Natchez,United States,,4437982
Ocean Springs,United States,,4439506
Olive Branch,United States,,4439869
Oxford,United States,,4440076
Pascagoula,United States,,4440397
Pearl,United States,,4440559
Ridgeland,United States,,4443296
Southaven,United States,,4446675
Starkville,United States,,4447161
Tupelo,United States,,4448903
Vicksburg,United States,,4449620
West Gulfport,United States,,4450687
Albemarle,United States,,4452303
Apex,United States,,4452808
Asheboro,United States,,4453035
Asheville,United States,,4453066
Boone,United States,,4456703
Burlington,United States,,4458228
Carrboro,United States,,4459343
Cary,United States,,4459467
Chapel Hill,United States,,4460162
Charlotte,United States,,4460243
Clayton,United States,,4460943
Clemmons,United States,,4461015
Concord,United States,,4461574
Cornelius,United States,,4461941
Durham,United States,,4464368
Eden,United States,,4464873
Elizabeth City,United States,,4465088
Fayetteville,United States,,4466033
Fuquay-Varina,United States,,4467485
Garner,United States,,4467657
Gastonia,United States,,4467732
Goldsboro,United States,,4468261
Greensboro,United States,,4469146
Greenville,United States,,4469160
Havelock,United States,,4470244
Henderson,United States,,4470566
Hickory,United States,,4470778
High Point,United States,,4471025
Holly Springs,United States,,4471641
Hope Mills,United States,,4471851
Huntersville,United States,,4472370
Indian Trail,United States,,4472687
Jacksonville,United States,,4473083
Kannapolis,United States,,4474040
Kernersville,United States,,4474221
Kinston,United States,,4474436
Laurinburg,United States,,4475347
Leland,United States,,4475622
Lenoir,United States,,4475640
Lexington,United States,,4475773
Lumberton,United States,,4477525
Matthews,United States,,4478334
Mint Hill,United States,,4479759
Monroe,United States,,4479946
Mooresville,United States,,4480125
Morganton,United States,,4480219
Morrisville,United States,,4480285
New Bern,United States,,4481682
Pinehurst,United States,,4485272
Raleigh,United States,,4487042
Roanoke Rapids,United States,,4488232
Rocky Mount,United States,,4488762
Salisbury,United States,,4489985
Sanford,United States,,4490329
Shelby,United States,,4491180
Stallings,United States,,4493186
Statesville,United States,,4493316
Thomasville,United States,,4494942
Wake Forest,United States,,4497290
West Raleigh,United States,,4498303
Wilmington,United States,,4499379
Wilson,United States,,4499389
Winston-Salem,United States,,4499612
Atlantic City,United States,,4500546
Bayville,United States,,4500688
Bridgeton,United States,,4500942
Camden,United States,,4501018
Cherry Hill,United States,,4501198
Glassboro,United States,,4501931
Jackson,United States,,4502434
Lindenwold,United States,,4502687
Maple Shade,United States,,4502901
Millville,United States,,4503078
Mount Laurel,United States,,4503136
Ocean Acres,United States,,4503346
Pennsauken,United States,,4503548
Pleasantville,United States,,4503646
Sewell,United States,,4504048
Sicklerville,United States,,4504118
South Vineland,United States,,4504225
Toms River,United States,,4504476
Vincentown,United States,,4504618
Vineland,United States,,4504621
Williamstown,United States,,4504871
Athens,United States,,4505542
Beavercreek,United States,,4506008
Centerville,United States,,4508204
Cincinnati,United States,,4508722
Columbus,United States,,4509177
Dayton,United States,,4509884
Fairborn,United States,,4511263
Fairfield,United States,,4511283
Forest Park,United States,,4512060
Grove City,United States,,4513409
Hamilton,United States,,4513575
Huber Heights,United States,,4514746
Kettering,United States,,4515843
Lancaster,United States,,4516233
Lebanon,United States,,4516412
Mason,United States,,4517698
Miamisburg,United States,,4518188
Middletown,United States,,4518264
Norwood,United States,,4519995
Oxford,United States,,4520760
Pataskala,United States,,4520905
Pickerington,United States,,4521209
Portsmouth,United States,,4521816
Reynoldsburg,United States,,4522411
Riverside,United States,,4522586
Springboro,United States,,4525304
Springfield,United States,,4525353
Trotwood,United States,,4526576
Upper Arlington,United States,,4526993
Vandalia,United States,,4527124
White Oak,United States,,4528259
Whitehall,United States,,4528291
Xenia,United States,,4528810
Zanesville,United States,,4528923
Ada,United States,,4529096
Altus,United States,,4529292
Ardmore,United States,,4529469
Bartlesville,United States,,4529987
Bethany,United States,,4530372
Bixby,United States,,4530801
Broken Arrow,United States,,4531405
Chickasha,United States,,4533029
Claremore,United States,,4533580
Del City,United States,,4534934
Duncan,United States,,4535389
Durant,United States,,4535414
Edmond,United States,,4535740
El Reno,United States,,4535783
Enid,United States,,4535961
Jenks,United States,,4539615
Lawton,United States,,4540737
McAlester,United States,,4542367
Midwest City,United States,,4542765
Moore,United States,,4542975
Muskogee,United States,,4543338
Mustang,United States,,4543352
Norman,United States,,4543762
Oklahoma City,United States,,4544349
Owasso,United States,,4547407
Ponca City,United States,,4548267
Sand Springs,United States,,4550659
Sapulpa,United States,,4550881
Shawnee,United States,,4551177
Stillwater,United States,,4552215
Tahlequah,United States,,4552707
Tulsa,United States,,4553433
Yukon,United States,,4556165
Chambersburg,United States,,4557109
Chester,United States,,4557137
Drexel Hill,United States,,4557606
Hanover,United States,,4558475
Pennsport,United States,,4560303
Philadelphia,United States,,4560349
Springfield,United States,,4561407
West Chester,United States,,4562144
Wharton,United States,,4562193
Whitman,United States,,4562237
York,United States,,4562407
Aiken,United States,,4569067
Anderson,United States,,4569298
Bluffton,United States,,4571722
Charleston,United States,,4574324
Clemson,United States,,4574989
Columbia,United States,,4575352
Conway,United States,,4575461
Easley,United States,,4577263
Florence,United States,,4578737
Goose Creek,United States,,4580098
Greenville,United States,,4580543
Greenwood,United States,,4580569
Greer,United States,,4580599
Hanahan,United States,,4581023
Hilton Head Island,United States,,4581832
Hilton Head,United States,,4581833
Lexington,United States,,4585000
Mauldin,United States,,4586523
Mount Pleasant,United States,,4588165
Myrtle Beach,United States,,4588718
North Augusta,United States,,4589368
North Charleston,United States,,4589387
North Myrtle Beach,United States,,4589446
Rock Hill,United States,,4593142
Saint Andrews,United States,,4593724
Seven Oaks,United States,,4595374
Simpsonville,United States,,4595864
Socastee,United States,,4596208
Spartanburg,United States,,4597200
Summerville,United States,,4597919
Sumter,United States,,4597948
Taylors,United States,,4598353
Wade Hampton,United States,,4599937
West Columbia,United States,,4600541
Bartlett,United States,,4604183
Brentwood,United States,,4608408
Brentwood Estates,United States,,4608418
Bristol,United States,,4608657
Chattanooga,United States,,4612862
Clarksville,United States,,4613868
Cleveland,United States,,4614088
Collierville,United States,,4614748
Columbia,United States,,4614867
Cookeville,United States,,4615145
Dickson,United States,,4618057
Dyersburg,United States,,4619800
East Brainerd,United States,,4619943
East Chattanooga,United States,,4619947
East Ridge,United States,,4620131
Ellendale,United States,,4620732
Farragut,United States,,4621846
Franklin,United States,,4623560
Gallatin,United States,,4624180
Germantown,United States,,4624601
Goodlettsville,United States,,4625282
Greeneville,United States,,4626334
Hendersonville,United States,,4628735
Hermitage,United States,,4628929
Jackson,United States,,4632595
Johnson City,United States,,4633419
Kingsport,United States,,4634662
Knoxville,United States,,4634946
La Vergne,United States,,4635031
Lebanon,United States,,4636045
Maryville,United States,,4639848
Memphis,United States,,4641239
Morristown,United States,,4642938
Mount Juliet,United States,,4643336
Murfreesboro,United States,,4644312
Nashville,United States,,4644585
New South Memphis,United States,,4645421
Oak Ridge,United States,,4646571
Sevierville,United States,,4656585
Shelbyville,United States,,4657077
Smyrna,United States,,4658590
Spring Hill,United States,,4659446
Springfield,United States,,4659557
Tullahoma,United States,,4663494
Abilene,United States,,4669635
Addison,United States,,4669828
Alamo,United States,,4670074
Aldine,United States,,4670146
Alice,United States,,4670234
Alief,United States,,4670249
Allen,United States,,4670300
Alton,United States,,4670555
Alvin,United States,,4670592
Angleton,United States,,4670866
Arlington,United States,,4671240
Atascocita,United States,,4671524
Austin,United States,,4671654
Balch Springs,United States,,4672059
Baytown,United States,,4672731
Beaumont,United States,,4672989
Bedford,United States,,4673094
Bellaire,United States,,4673353
Belton,United States,,4673425
Benbrook,United States,,4673482
Brenham,United States,,4676206
Brownsville,United States,,4676740
Brownwood,United States,,4676798
Brushy Creek,United States,,4676920
Bryan,United States,,4677008
Burleson,United States,,4677551
Canyon Lake,United States,,4678901
Carrollton,United States,,4679195
Cedar Hill,United States,,4679803
Cedar Park,United States,,4679867
Channelview,United States,,4680388
Cibolo,United States,,4681462
Cinco Ranch,United States,,4681485
Cleburne,United States,,4681976
Cloverleaf,United States,,4682127
College Station,United States,,4682464
Colleyville,United States,,4682478
Conroe,United States,,4682991
Converse,United States,,4683021
Coppell,United States,,4683217
Copperas Cove,United States,,4683244
Corinth,United States,,4683317
Corpus Christi,United States,,4683416
Corsicana,United States,,4683462
Cypress,United States,,4684724
Dallas,United States,,4684888
DeSoto,United States,,4685524
Deer Park,United States,,4685737
Denison,United States,,4685892
Denton,United States,,4685907
Dickinson,United States,,4686163
Donna,United States,,4686593
Duncanville,United States,,4687331
Edinburg,United States,,4688275
Ennis,United States,,4689311
Euless,United States,,4689550
Farmers Branch,United States,,4690198
Flower Mound,United States,,4691585
Forney,United States,,4691833
Fort Worth,United States,,4691930
Fresno,United States,,4692400
Friendswood,United States,,4692521
Frisco,United States,,4692559
Gainesville,United States,,4692746
Galveston,United States,,4692883
Garland,United States,,4693003
Gatesville,United States,,4693150
Georgetown,United States,,4693342
Grand Prairie,United States,,4694482
Grapevine,United States,,4694568
Greenville,United States,,4695066
Groves,United States,,4695317
Haltom City,United States,,4695912
Harker Heights,United States,,4696202
Harlingen,United States,,4696233
Highland Village,United States,,4697645
Houston,United States,,4699066
Humble,United States,,4699442
Huntsville,United States,,4699540
Hurst,United States,,4699575
Hutto,United States,,4699626
Irving,United States,,4700168
Jollyville,United States,,4701458
Katy,United States,,4702732
Keller,United States,,4702828
Kerrville,United States,,4703078
Killeen,United States,,4703223
Kingsville,United States,,4703384
Kyle,United States,,4703811
La Marque,United States,,4704027
La Porte,United States,,4704108
Lake Jackson,United States,,4704628
Lancaster,United States,,4705191
Laredo,United States,,4705349
League City,United States,,4705692
Leander,United States,,4705708
Lewisville,United States,,4706057
Little Elm,United States,,4706736
Live Oak,United States,,4707055
Longview,United States,,4707814
Lufkin,United States,,4708308
Mansfield,United States,,4709013
Marshall,United States,,4709272
McAllen,United States,,4709796
McKinney,United States,,4710178
Mercedes,United States,,4710749
Mesquite,United States,,4710826
Midlothian,United States,,4711156
Mission,United States,,4711725
Mission Bend,United States,,4711729
Missouri City,United States,,4711801
Mount Pleasant,United States,,4712933
Murphy,United States,,4713507
Nacogdoches,United States,,4713735
Nederland,United States,,4713932
New Braunfels,United States,,4714131
New Caney,United States,,4714149
New Territory,United States,,4714582
North Richland Hills,United States,,4715292
Orange,United States,,4716805
Palestine,United States,,4717232
Paris,United States,,4717560
Pasadena,United States,,4717782
Pearland,United States,,4718097
Pecan Grove,United States,,4718209
Pflugerville,United States,,4718711
Pharr,United States,,4718721
Plano,United States,,4719457
Port Arthur,United States,,4720039
Portland,United States,,4720131
Prosper,United States,,4720833
Richardson,United States,,4722625
Rockwall,United States,,4723406
Rosenberg,United States,,4723914
Round Rock,United States,,4724129
Rowlett,United States,,4724194
Sachse,United States,,4724564
Saginaw,United States,,4724642
San Antonio,United States,,4726206
San Benito,United States,,4726290
San Juan,United States,,4726440
San Marcos,United States,,4726491
Schertz,United States,,4727326
Seagoville,United States,,4727605
Seguin,United States,,4727756
Sherman,United States,,4728328
South Houston,United States,,4733042
Southlake,United States,,4733313
Spring,United States,,4733624
Stafford,United States,,4734005
Stephenville,United States,,4734350
Sugar Land,United States,,4734825
Sulphur Springs,United States,,4734909
Taylor,United States,,4735702
Temple,United States,,4735966
Terrell,United States,,4736028
Texarkana,United States,,4736096
Texas City,United States,,4736134
The Colony,United States,,4736388
The Woodlands,United States,,4736476
Tyler,United States,,4738214
Universal City,United States,,4738574
University Park,United States,,4738606
Uvalde,United States,,4738721
Victoria,United States,,4739157
Waco,United States,,4739526
Watauga,United States,,4740214
Waxahachie,United States,,4740328
Weatherford,United States,,4740364
Weslaco,United States,,4740629
West University Place,United States,,4741100
White Settlement,United States,,4741616
Wichita Falls,United States,,4741752
Wylie,United States,,4743275
Alexandria,United States,,4744091
Annandale,United States,,4744468
Arlington,United States,,4744709
Ashburn,United States,,4744870
Baileys Crossroads,United States,,4745272
Blacksburg,United States,,4747845
Bon Air,United States,,4748305
Bristol,United States,,4748993
Buckhall,United States,,4749627
Burke,United States,,4749950
Cave Spring,United States,,4751421
Centreville,United States,,4751839
Chantilly,United States,,4751935
Charlottesville,United States,,4752031
Cherry Hill,United States,,4752136
Chesapeake,United States,,4752186
Chester,United States,,4752229
Christiansburg,United States,,4752665
Colonial Heights,United States,,4753671
Culpeper,United States,,4754966
Dale City,United States,,4755158
Danville,United States,,4755280
East Hampton,United States,,4756955
Fairfax,United States,,4758023
Franconia,United States,,4759968
Fredericksburg,United States,,4760059
Front Royal,United States,,4760232
Great Falls,United States,,4761951
Hampton,United States,,4762894
Harrisonburg,United States,,4763231
Herndon,United States,,4763793
Highland Springs,United States,,4764127
Hopewell,United States,,4764826
Hybla Valley,United States,,4765520
Idylwood,United States,,4765553
Lake Ridge,United States,,4768351
Laurel,United States,,4768678
Leesburg,United States,,4769125
Lincolnia,United States,,4769608
Linton Hall,United States,,4769667
Lorton,United States,,4770714
Lynchburg,United States,,4771075
Manassas,United States,,4771401
Manassas Park,United States,,4771414
McLean,United States,,4772354
Mechanicsville,United States,,4772566
Merrifield,United States,,4772735
Midlothian,United States,,4772943
Montclair,United States,,4773677
Newport News,United States,,4776024
Norfolk,United States,,4776222
Oakton,United States,,4776970
Petersburg,United States,,4778626
Portsmouth,United States,,4779999
Portsmouth Heights,United States,,4780011
Radford,United States,,4780837
Reston,United States,,4781530
Richmond,United States,,4781708
Roanoke,United States,,4782167
Rose Hill,United States,,4782864
Salem,United States,,4784112
Short Pump,United States,,4785576
South Riding,United States,,4786667
South Suffolk,United States,,4786714
Springfield,United States,,4787117
Staunton,United States,,4787440
Sterling,United States,,4787534
Sudley,United States,,4788145
Suffolk,United States,,4788158
Tuckahoe,United States,,4790207
Tysons,United States,,4790534
Vienna,United States,,4791160
Virginia Beach,United States,,4791259
Waynesboro,United States,,4792522
West Lynchburg,United States,,4792867
West Springfield,United States,,4792901
Williamsburg,United States,,4793846
Winchester,United States,,4794120
Wolf Trap,United States,,4794350
Woodlawn,United States,,4794531
Beckley,United States,,4798308
Charleston,United States,,4801859
Clarksburg,United States,,4802316
Fairmont,United States,,4805404
Huntington,United States,,4809537
Martinsburg,United States,,4813878
Morgantown,United States,,4815352
Parkersburg,United States,,4817641
Sherwood,United States,,4828193
Franklin,United States,,4828382
Chillicothe,United States,,4828890
Bay City,United States,,4829307
Alabaster,United States,,4829762
Albertville,United States,,4829791
Anniston,United States,,4830198
Athens,United States,,4830668
Auburn,United States,,4830796
Glendale Heights,United States,,4832038
North Andover,United States,,4832272
Revere,United States,,4832294
Danbury,United States,,4832353
Darien,United States,,4832425
Inkster,United States,,4832554
Cleveland Heights,United States,,4833320
East Hartford,United States,,4833403
East Haven,United States,,4833425
East Norwalk,United States,,4833505
Enfield,United States,,4834040
Fairfield,United States,,4834157
Farmington,United States,,4834272
Glastonbury,United States,,4835003
Guilford,United States,,4835512
Hamden,United States,,4835654
Hartford,United States,,4835797
Killingly Center,United States,,4837278
Ledyard,United States,,4837648
Madison,United States,,4838116
Manchester,United States,,4838174
Mansfield City,United States,,4838204
Meriden,United States,,4838524
Middletown,United States,,4838633
Milford,United States,,4838652
Montville Center,United States,,4838887
Naugatuck,United States,,4839222
New Britain,United States,,4839292
New Canaan,United States,,4839319
New Haven,United States,,4839366
New London,United States,,4839416
Newington,United States,,4839497
North Haven,United States,,4839704
North Stamford,United States,,4839745
Norwalk,United States,,4839822
Norwich,United States,,4839843
Plainfield,United States,,4840755
Plainville,United States,,4840767
Seymour,United States,,4842818
Shelton,United States,,4842898
South Windsor,United States,,4843353
Southbury,United States,,4843362
Stamford,United States,,4843564
Storrs,United States,,4843786
Stratford,United States,,4843811
Torrington,United States,,4844309
Trumbull,United States,,4844459
Wallingford,United States,,4845056
Waterbury,United States,,4845193
West Hartford,United States,,4845411
West Haven,United States,,4845419
West Torrington,United States,,4845519
Westport,United States,,4845585
Wethersfield,United States,,4845612
Willimantic,United States,,4845823
Wilton,United States,,4845871
Windham,United States,,4845898
Windsor,United States,,4845920
Wolcott,United States,,4845984
Altoona,United States,,4846757
Ames,United States,,4846834
Ankeny,United States,,4846960
Bettendorf,United States,,4848489
Burlington,United States,,4849826
Cedar Falls,United States,,4850699
Cedar Rapids,United States,,4850751
Clinton,United States,,4852022
Clive,United States,,4852065
Coralville,United States,,4852640
Council Bluffs,United States,,4852832
Davenport,United States,,4853423
Des Moines,United States,,4853828
Dubuque,United States,,4854529
Fort Dodge,United States,,4857486
Indianola,United States,,4861719
Iowa City,United States,,4862034
Johnston,United States,,4862760
Marion,United States,,4866263
Marshalltown,United States,,4866371
Mason City,United States,,4866445
Muscatine,United States,,4868404
Newton,United States,,4868907
North Liberty,United States,,4869195
Ottumwa,United States,,4870380
Sioux City,United States,,4876523
Urbandale,United States,,4879890
Waterloo,United States,,4880889
Waukee,United States,,4880981
West Des Moines,United States,,4881346
Addison,United States,,4882920
Albany Park,United States,,4883012
Algonquin,United States,,4883078
Alsip,United States,,4883207
Arlington Heights,United States,,4883555
Ashburn,United States,,4883679
Aurora,United States,,4883817
Avondale,United States,,4883904
Bartlett,United States,,4884141
Batavia,United States,,4884192
Bellwood,United States,,4884434
Belmont Cragin,United States,,4884442
Belvidere,United States,,4884453
Bensenville,United States,,4884509
Berwyn,United States,,4884597
Bloomingdale,United States,,4885156
Bloomington,United States,,4885164
Blue Island,United States,,4885186
Bolingbrook,United States,,4885265
Bourbonnais,United States,,4885342
Bradley,United States,,4885418
Bridgeport,United States,,4885565
Bridgeview,United States,,4885573
Brighton Park,United States,,4885597
Brookfield,United States,,4885689
Buffalo Grove,United States,,4885955
Burbank,United States,,4885983
Calumet City,United States,,4886255
Carol Stream,United States,,4886662
Carpentersville,United States,,4886676
Cary,United States,,4886738
Champaign,United States,,4887158
Chatham,United States,,4887284
Chicago,United States,,4887398
Chicago Heights,United States,,4887442
Chicago Lawn,United States,,4887463
Cicero,United States,,4888015
Country Club Hills,United States,,4888892
Crest Hill,United States,,4889107
Crystal Lake,United States,,4889229
Danville,United States,,4889426
Darien,United States,,4889447
DeKalb,United States,,4889553
Deerfield,United States,,4889668
Des Plaines,United States,,4889772
Dixon,United States,,4889959
Dolton,United States,,4890009
Douglas,United States,,4890075
Downers Grove,United States,,4890119
East Garfield Park,United States,,4890507
East Moline,United States,,4890536
East Peoria,United States,,4890549
Edgewater,United States,,4890701
Elgin,United States,,4890864
Elk Grove Village,United States,,4890925
Elmhurst,United States,,4891010
Elmwood Park,United States,,4891051
Englewood,United States,,4891176
Evanston,United States,,4891382
Evergreen Park,United States,,4891431
Frankfort,United States,,4893037
Franklin Park,United States,,4893070
Freeport,United States,,4893171
Gage Park,United States,,4893365
Galesburg,United States,,4893392
Geneva,United States,,4893591
Glen Ellyn,United States,,4893811
Glenview,United States,,4893886
Goodings Grove,United States,,4894061
Grand Boulevard,United States,,4894320
Grayslake,United States,,4894465
Gurnee,United States,,4894861
Hanover Park,United States,,4895066
Harvey,United States,,4895298
Highland Park,United States,,4895876
Hinsdale,United States,,4896012
Hoffman Estates,United States,,4896075
Homer Glen,United States,,4896336
Homewood,United States,,4896353
Huntley,United States,,4896691
Hyde Park,United States,,4896728
Irving Park,United States,,4897543
Joliet,United States,,4898015
Kankakee,United States,,4898182
Kenwood,United States,,4898401
La Grange,United States,,4898846
Lake Forest,United States,,4899012
Lake Zurich,United States,,4899170
Lake in the Hills,United States,,4899184
Lansing,United States,,4899340
Lemont,United States,,4899581
Libertyville,United States,,4899739
Lincoln Park,United States,,4899911
Lincoln Square,United States,,4899966
Lisle,United States,,4900080
Lockport,United States,,4900292
Logan Square,United States,,4900358
Lombard,United States,,4900373
Loves Park,United States,,4900579
Lower West Side,United States,,4900611
Machesney Park,United States,,4900801
Macomb,United States,,4900817
Matteson,United States,,4901445
Maywood,United States,,4901514
McHenry,United States,,4901663
McKinley Park,United States,,4901710
Melrose Park,United States,,4901868
Mokena,United States,,4902475
Moline,United States,,4902476
Montgomery,United States,,4902559
Morgan Park,United States,,4902667
Morton,United States,,4902754
Morton Grove,United States,,4902763
Mount Greenwood,United States,,4902900
Mount Prospect,United States,,4903024
Mundelein,United States,,4903184
Naperville,United States,,4903279
Near North Side,United States,,4903360
Near South Side,United States,,4903363
New City,United States,,4903466
New Lenox,United States,,4903535
Niles,United States,,4903730
Normal,United States,,4903780
North Aurora,United States,,4903818
North Center,United States,,4903858
North Chicago,United States,,4903862
North Lawndale,United States,,4903940
North Peoria,United States,,4903976
Northbrook,United States,,4904056
Oak Forest,United States,,4904286
Oak Lawn,United States,,4904365
Oak Park,United States,,4904381
Orland Park,United States,,4904937
Oswego,United States,,4904996
Ottawa,United States,,4905006
Palatine,United States,,4905211
Palos Hills,United States,,4905263
Park Forest,United States,,4905337
Park Ridge,United States,,4905367
Pekin,United States,,4905599
Peoria,United States,,4905687
Plainfield,United States,,4906125
Portage Park,United States,,4906500
Prospect Heights,United States,,4906882
Rock Island,United States,,4907907
Rockford,United States,,4907959
Rogers Park,United States,,4908033
Rolling Meadows,United States,,4908052
Romeoville,United States,,4908068
Roselle,United States,,4908173
Round Lake,United States,,4908236
Round Lake Beach,United States,,4908237
St. Charles,United States,,4908737
Schaumburg,United States,,4910713
Shorewood,United States,,4911418
Skokie,United States,,4911600
South Chicago,United States,,4911863
South Elgin,United States,,4911893
South Holland,United States,,4911934
South Lawndale,United States,,4911951
South Shore,United States,,4912013
Sterling,United States,,4912499
Streamwood,United States,,4912691
Sycamore,United States,,4913110
Tinley Park,United States,,4913723
Uptown,United States,,4914557
Urbana,United States,,4914570
Vernon Hills,United States,,4914738
Villa Park,United States,,4914830
Wasco,United States,,4915539
Washington,United States,,4915545
Waukegan,United States,,4915734
West Chicago,United States,,4915963
West Elsdon,United States,,4915987
West Englewood,United States,,4915989
West Garfield Park,United States,,4916003
West Lawn,United States,,4916028
West Ridge,United States,,4916079
West Town,United States,,4916118
Westchester,United States,,4916140
Westmont,United States,,4916207
Wheaton,United States,,4916288
Wheeling,United States,,4916311
Wilmette,United States,,4916732
Woodlawn,United States,,4917067
Woodridge,United States,,4917089
Woodstock,United States,,4917123
Yorkville,United States,,4917298
Zion,United States,,4917358
Anderson,United States,,4917592
Crawfordsville,United States,,4919381
Crown Point,United States,,4919451
Dyer,United States,,4919820
East Chicago,United States,,4919857
Elkhart,United States,,4919987
Fort Wayne,United States,,4920423
Frankfort,United States,,4920473
Gary,United States,,4920607
Goshen,United States,,4920808
Granger,United States,,4920869
Griffith,United States,,4920986
Hammond,United States,,4921100
Highland,United States,,4921402
Hobart,United States,,4921476
Huntington,United States,,4921725
Kokomo,United States,,4922388
Lafayette,United States,,4922462
Lebanon,United States,,4922673
Logansport,United States,,4922968
Marion,United States,,4923210
Merrillville,United States,,4923482
Michigan City,United States,,4923531
Mishawaka,United States,,4923670
Muncie,United States,,4924006
Munster,United States,,4924014
New Haven,United States,,4924104
Noblesville,United States,,4924198
Portage,United States,,4925006
Schererville,United States,,4926170
South Bend,United States,,4926563
Valparaiso,United States,,4927537
West Lafayette,United States,,4928096
Westfield,United States,,4928118
Abington,United States,,4928662
Acton,United States,,4928703
Agawam,United States,,4928788
Amesbury,United States,,4929004
Amherst,United States,,4929022
Amherst Center,United States,,4929023
Arlington,United States,,4929180
Ashland,United States,,4929283
Attleboro,United States,,4929399
Auburn,United States,,4929417
Barnstable,United States,,4929771
Belmont,United States,,4930282
Beverly,United States,,4930505
Beverly Cove,United States,,4930511
Billerica,United States,,4930577
Boston,United States,,4930956
Brockton,United States,,4931429
Brookline,United States,,4931482
Burlington,United States,,4931737
Cambridge,United States,,4931972
Canton,United States,,4932214
Chelmsford,United States,,4932869
Chelsea,United States,,4932879
Chicopee,United States,,4933002
Concord,United States,,4933743
Danvers,United States,,4934500
Dedham,United States,,4934664
Dracut,United States,,4935038
Duxbury,United States,,4935211
East Longmeadow,United States,,4935434
Easthampton,United States,,4935582
Easton,United States,,4935623
Everett,United States,,4936008
Fairhaven,United States,,4936087
Fall River,United States,,4936159
Fitchburg,United States,,4936812
Framingham,United States,,4937230
Framingham Center,United States,,4937232
Franklin,United States,,4937276
Gardner,United States,,4937557
Gloucester,United States,,4937829
Grafton,United States,,4938048
Greenfield,United States,,4938378
Hanover,United States,,4938836
Haverhill,United States,,4939085
Holden,United States,,4939647
Holyoke,United States,,4939783
Jamaica Plain,United States,,4940764
Lawrence,United States,,4941720
Leominster,United States,,4941873
Lexington,United States,,4941935
Longmeadow,United States,,4942508
Lowell,United States,,4942618
Ludlow,United States,,4942744
Lynn,United States,,4942807
Malden,United States,,4942939
Mansfield,United States,,4943021
Marblehead,United States,,4943097
Marlborough,United States,,4943170
Medford,United States,,4943629
Melrose,United States,,4943677
Methuen,United States,,4943828
Middleborough,United States,,4943888
Milford,United States,,4943958
Milton,United States,,4944193
Natick,United States,,4944994
Needham,United States,,4945055
New Bedford,United States,,4945121
Newburyport,United States,,4945256
Newton,United States,,4945283
North Chicopee,United States,,4945588
Northampton,United States,,4945819
Norton,United States,,4945911
Norwood,United States,,4945952
Palmer,United States,,4946620
Peabody,United States,,4946863
Pittsfield,United States,,4947459
Quincy,United States,,4948247
Randolph,United States,,4948403
Reading,United States,,4948462
Rockland,United States,,4948924
Salem,United States,,4950065
Saugus,United States,,4950267
Shrewsbury,United States,,4950898
Somerset,United States,,4951248
Somerville,United States,,4951257
South Boston,United States,,4951305
South Hadley,United States,,4951397
South Peabody,United States,,4951473
Southbridge,United States,,4951594
Springfield,United States,,4951788
Stoneham,United States,,4952121
Stoughton,United States,,4952206
Sudbury,United States,,4952320
Swansea,United States,,4952487
Taunton,United States,,4952629
Tewksbury,United States,,4952762
Wakefield,United States,,4954265
Waltham,United States,,4954380
Watertown,United States,,4954611
Wellesley,United States,,4954738
West Springfield,United States,,4955089
Westfield,United States,,4955190
Westford,United States,,4955219
Weymouth,United States,,4955336
Wilmington,United States,,4955840
Winchester,United States,,4955884
Winthrop,United States,,4955993
Woburn,United States,,4956032
Worcester,United States,,4956184
Yarmouth,United States,,4956335
Auburn,United States,,4956976
Augusta,United States,,4957003
Bangor,United States,,4957280
Biddeford,United States,,4958141
Brunswick,United States,,4959473
Lewiston,United States,,4969398
Portland,United States,,4975802
Saco,United States,,4977222
Sanford,United States,,4977762
South Portland,United States,,4979244
South Portland Gardens,United States,,4979245
Waterville,United States,,4982236
West Scarborough,United States,,4982720
Westbrook,United States,,4982753
Adrian,United States,,4983811
Allen Park,United States,,4984016
Allendale,United States,,4984029
Ann Arbor,United States,,4984247
Auburn Hills,United States,,4984565
Battle Creek,United States,,4985153
Bay City,United States,,4985180
Berkley,United States,,4985744
Birmingham,United States,,4986172
Burton,United States,,4987482
Canton,United States,,4987990
Clinton Township,United States,,4989133
Dearborn,United States,,4990510
Dearborn Heights,United States,,4990512
Detroit,United States,,4990729
East Lansing,United States,,4991640
Eastpointe,United States,,4991735
Farmington Hills,United States,,4992523
Ferndale,United States,,4992635
Flint,United States,,4992982
Forest Hills,United States,,4993125
Garden City,United States,,4993659
Grand Rapids,United States,,4994358
Grandville,United States,,4994391
Grosse Pointe Woods,United States,,4994871
Hamtramck,United States,,4995197
Haslett,United States,,4995514
Hazel Park,United States,,4995664
Holland,United States,,4996248
Holt,United States,,4996306
Jackson,United States,,4997384
Jenison,United States,,4997500
Kalamazoo,United States,,4997787
Kentwood,United States,,4998018
Lansing,United States,,4998830
Lincoln Park,United States,,4999311
Livonia,United States,,4999837
Madison Heights,United States,,5000500
Marquette,United States,,5000947
Midland,United States,,5001929
Monroe,United States,,5002344
Mount Clemens,United States,,5002656
Mount Pleasant,United States,,5002714
Muskegon,United States,,5003132
Norton Shores,United States,,5004005
Novi,United States,,5004062
Oak Park,United States,,5004188
Okemos,United States,,5004359
Pontiac,United States,,5006166
Port Huron,United States,,5006233
Portage,United States,,5006250
Redford,United States,,5006917
Rochester Hills,United States,,5007402
Romulus,United States,,5007531
Roseville,United States,,5007655
Royal Oak,United States,,5007804
Saginaw,United States,,5007989
Shelby,United States,,5009586
Southfield,United States,,5010636
Southgate,United States,,5010646
Saint Clair Shores,United States,,5010978
Sterling Heights,United States,,5011148
Taylor,United States,,5011908
Traverse City,United States,,5012495
Trenton,United States,,5012521
Troy,United States,,5012639
Walker,United States,,5013924
Warren,United States,,5014051
Waterford,United States,,5014130
Waverly,United States,,5014208
Wayne,United States,,5014224
Westland,United States,,5014681
Wyandotte,United States,,5015599
Wyoming,United States,,5015618
Ypsilanti,United States,,5015688
Albert Lea,United States,,5016024
Andover,United States,,5016374
Anoka,United States,,5016450
Apple Valley,United States,,5016494
Austin,United States,,5016884
Blaine,United States,,5018651
Bloomington,United States,,5018739
Brooklyn Center,United States,,5019330
Brooklyn Park,United States,,5019335
Buffalo,United States,,5019588
Burnsville,United States,,5019767
Champlin,United States,,5020859
Chanhassen,United States,,5020881
Chaska,United States,,5020938
Columbia Heights,United States,,5021828
Coon Rapids,United States,,5022025
Cottage Grove,United States,,5022134
Crystal,United States,,5023571
Duluth,United States,,5024719
Eagan,United States,,5024825
Eden Prairie,United States,,5025219
Edina,United States,,5025264
Elk River,United States,,5025471
Faribault,United States,,5026291
Farmington,United States,,5026321
Forest Lake,United States,,5027117
Fridley,United States,,5027482
Golden Valley,United States,,5028163
Ham Lake,United States,,5029181
Hastings,United States,,5029500
Hibbing,United States,,5030005
Hopkins,United States,,5030670
Inver Grove Heights,United States,,5031412
Lakeville,United States,,5034059
Lino Lakes,United States,,5034767
Mankato,United States,,5036420
Maple Grove,United States,,5036493
Maplewood,United States,,5036588
Minneapolis,United States,,5037649
Minnetonka,United States,,5037784
Minnetonka Mills,United States,,5037790
Moorhead,United States,,5038108
New Brighton,United States,,5039080
New Hope,United States,,5039094
Northfield,United States,,5039675
Oakdale,United States,,5039978
Otsego,United States,,5040477
Owatonna,United States,,5040647
Plymouth,United States,,5041926
Prior Lake,United States,,5042373
Ramsey,United States,,5042561
Red Wing,United States,,5042773
Richfield,United States,,5043193
Rochester,United States,,5043473
Rosemount,United States,,5043779
Roseville,United States,,5043799
Saint Cloud,United States,,5044407
Saint Louis Park,United States,,5045021
Saint Michael,United States,,5045258
Saint Paul,United States,,5045360
Sartell,United States,,5046001
Savage,United States,,5046063
Shakopee,United States,,5046997
Shoreview,United States,,5047234
South Saint Paul,United States,,5048033
Stillwater,United States,,5048814
West Coon Rapids,United States,,5052361
West Saint Paul,United States,,5052467
White Bear Lake,United States,,5052658
Willmar,United States,,5052916
Winona,United States,,5053156
Woodbury,United States,,5053358
Kirksville,United States,,5055787
Fargo,United States,,5059163
Grand Forks,United States,,5059429
Jamestown,United States,,5059836
West Fargo,United States,,5062458
Bellevue,United States,,5063805
Columbus,United States,,5066001
Fremont,United States,,5068725
Grand Island,United States,,5069297
Hastings,United States,,5069802
Kearney,United States,,5071348
La Vista,United States,,5071665
Lincoln,United States,,5072006
Norfolk,United States,,5073965
Omaha,United States,,5074472
Papillion,United States,,5074792
Bedford,United States,,5083221
Concord,United States,,5084868
Derry,United States,,5085374
Derry Village,United States,,5085382
Dover,United States,,5085520
East Concord,United States,,5085688
Keene,United States,,5088262
Laconia,United States,,5088438
Manchester,United States,,5089178
Merrimack,United States,,5089478
Nashua,United States,,5090046
Portsmouth,United States,,5091383
Rochester,United States,,5091872
Salem,United States,,5092268
Asbury Park,United States,,5095281
Avenel,United States,,5095325
Basking Ridge,United States,,5095409
Bayonne,United States,,5095445
Belleville,United States,,5095549
Bergenfield,United States,,5095611
Bloomfield,United States,,5095779
Carteret,United States,,5096316
Cliffside Park,United States,,5096686
Clifton,United States,,5096699
Colonia,United States,,5096798
Cranford,United States,,5097017
Denville,United States,,5097239
Dover,United States,,5097315
Dumont,United States,,5097357
East Brunswick,United States,,5097402
East Orange,United States,,5097441
Edison,United States,,5097529
Elizabeth,United States,,5097598
Elmwood Park,United States,,5097627
Englewood,United States,,5097672
Ewing,United States,,5097751
Fair Lawn,United States,,5097773
Fords,United States,,5098109
Fort Lee,United States,,5098135
Garfield,United States,,5098343
Hackensack,United States,,5098706
Harrison,United States,,5098863
Hawthorne,United States,,5098909
Hillsborough,United States,,5099079
Hillside,United States,,5099093
Hoboken,United States,,5099133
Hopatcong Hills,United States,,5099292
Irvington,United States,,5099724
Iselin,United States,,5099738
Jersey City,United States,,5099836
Kearny,United States,,5099967
Lakewood,United States,,5100280
Linden,United States,,5100506
Livingston,United States,,5100572
Lodi,United States,,5100604
Long Branch,United States,,5100619
Lyndhurst,United States,,5100706
Madison,United States,,5100748
Mahwah,United States,,5100776
Maplewood,United States,,5100854
Marlboro,United States,,5100886
Middletown,United States,,5101170
Montclair,United States,,5101334
Morristown,United States,,5101427
New Brunswick,United States,,5101717
New Milford,United States,,5101766
Newark,United States,,5101798
North Arlington,United States,,5101873
North Bergen,United States,,5101879
North Plainfield,United States,,5101938
Nutley,United States,,5102076
Old Bridge,United States,,5102162
Orange,United States,,5102213
Palisades Park,United States,,5102369
Paramus,United States,,5102387
Parsippany,United States,,5102427
Passaic,United States,,5102443
Paterson,United States,,5102466
Perth Amboy,United States,,5102578
Piscataway,United States,,5102713
Plainfield,United States,,5102720
Point Pleasant,United States,,5102796
Princeton,United States,,5102922
Rahway,United States,,5103055
Ramsey,United States,,5103086
Ridgewood,United States,,5103269
Roselle,United States,,5103500
Rutherford,United States,,5103580
Sayreville,United States,,5104404
Sayreville Junction,United States,,5104405
Scotch Plains,United States,,5104473
Secaucus,United States,,5104504
Somerset,United States,,5104755
South Old Bridge,United States,,5104835
South Orange,United States,,5104836
South Plainfield,United States,,5104844
South River,United States,,5104853
Sparta,United States,,5104882
Summit,United States,,5105127
Teaneck,United States,,5105262
Tinton Falls,United States,,5105433
Trenton,United States,,5105496
Union,United States,,5105608
Union City,United States,,5105634
Wayne,United States,,5106160
West Milford,United States,,5106279
West New York,United States,,5106292
West Orange,United States,,5106298
Westfield,United States,,5106331
Willingboro,United States,,5106453
Woodbridge,United States,,5106529
Wyckoff,United States,,5106615
Albany,United States,,5106834
Amherst,United States,,5107129
Amsterdam,United States,,5107152
Astoria,United States,,5107464
Auburn,United States,,5107505
Baldwin,United States,,5107760
Batavia,United States,,5108093
Bath Beach,United States,,5108111
Bay Shore,United States,,5108169
Baychester,United States,,5108186
Bayside,United States,,5108193
Bellmore,United States,,5108707
Bensonhurst,United States,,5108815
Bethpage,United States,,5108955
Binghamton,United States,,5109177
Borough Park,United States,,5109790
Brentwood,United States,,5110077
Brighton,United States,,5110159
Brighton Beach,United States,,5110161
The Bronx,United States,,5110266
Brooklyn,United States,,5110302
Brooklyn Heights,United States,,5110309
Brownsville,United States,,5110446
Buffalo,United States,,5110629
Bushwick,United States,,5110918
Cambria Heights,United States,,5111141
Canarsie,United States,,5111412
Centereach,United States,,5112035
Central Islip,United States,,5112078
Cheektowaga,United States,,5112375
Chinatown,United States,,5112540
Cicero,United States,,5112710
Clay,United States,,5112861
Clifton Park,United States,,5112961
Cohoes,United States,,5113142
College Point,United States,,5113302
Commack,United States,,5113412
Coney Island,United States,,5113481
Copiague,United States,,5113683
Coram,United States,,5113694
Corona,United States,,5113779
Cortland,United States,,5113790
Cypress Hills,United States,,5114418
Deer Park,United States,,5114731
Depew,United States,,5114900
Dix Hills,United States,,5115107
Dyker Heights,United States,,5115614
East Amherst,United States,,5115699
East Elmhurst,United States,,5115835
East Flatbush,United States,,5115843
East Meadow,United States,,5115960
East Massapequa,United States,,5115962
East New York,United States,,5115985
East Northport,United States,,5115989
East Patchogue,United States,,5116004
East Setauket,United States,,5116060
East Tremont,United States,,5116083
East Village,United States,,5116093
Eastchester,United States,,5116118
Eggertsville,United States,,5116303
Elmhurst,United States,,5116495
Elmira,United States,,5116497
Elmont,United States,,5116508
Emerson Hill,United States,,5116570
Far Rockaway,United States,,5116917
Farmingville,United States,,5116937
Flatbush,United States,,5117378
Flatlands,United States,,5117388
Floral Park,United States,,5117438
Fordham,United States,,5117549
Forest Hills,United States,,5117575
Fort Hamilton,United States,,5117663
Franklin Square,United States,,5117891
Freeport,United States,,5117949
Fresh Meadows,United States,,5118005
Garden City,United States,,5118226
Glen Cove,United States,,5118626
Glendale,United States,,5118670
Gloversville,United States,,5118743
Grand Island,United States,,5119019
Graniteville,United States,,5119049
Gravesend,United States,,5119167
Great Kills,United States,,5119211
Greenburgh,United States,,5119347
Greenpoint,United States,,5119383
Harlem,United States,,5120034
Harrison,United States,,5120095
Hauppauge,United States,,5120228
Hell's Kitchen,United States,,5120442
Hempstead,United States,,5120478
Henrietta,United States,,5120521
Hicksville,United States,,5120656
Hillside,United States,,5120824
Holbrook,United States,,5120987
Hollis,United States,,5121026
Holtsville,United States,,5121163
Howard Beach,United States,,5121407
Huntington,United States,,5121636
Huntington Station,United States,,5121650
Hunts Point,United States,,5121666
Irondequoit,United States,,5122331
Islip,United States,,5122413
Ithaca,United States,,5122432
Jackson Heights,United States,,5122477
Jamaica,United States,,5122520
Jamestown,United States,,5122534
Kenmore,United States,,5123247
Kensington,United States,,5123280
Kew Gardens,United States,,5123344
Kings Bridge,United States,,5123443
Kings Park,United States,,5123456
Kingston,United States,,5123477
Kiryas Joel,United States,,5123533
Lackawanna,United States,,5123718
Lake Ronkonkoma,United States,,5123840
Latham,United States,,5124045
Laurelton,United States,,5124078
Levittown,United States,,5124276
Lindenhurst,United States,,5124497
Lockport,United States,,5125011
Long Beach,United States,,5125086
Long Island City,United States,,5125125
Lynbrook,United States,,5125523
Mamaroneck,United States,,5125738
Manhattan,United States,,5125771
Mariners Harbor,United States,,5126013
Maspeth,United States,,5126180
Massapequa,United States,,5126183
Massapequa Park,United States,,5126187
Mastic,United States,,5126208
Medford,United States,,5126518
Melrose,United States,,5126550
Melville,United States,,5126555
Merrick,United States,,5126630
Middle Village,United States,,5126827
Middletown,United States,,5126842
Mineola,United States,,5127134
Monsey,United States,,5127315
Morris Heights,United States,,5127536
Morrisania,United States,,5127550
Mott Haven,United States,,5127670
Mount Vernon,United States,,5127835
Nanuet,United States,,5128266
New City,United States,,5128481
New Rochelle,United States,,5128549
New Springville,United States,,5128566
New York City,United States,,5128581
Newburgh,United States,,5128654
Niagara Falls,United States,,5128723
North Amityville,United States,,5128884
North Babylon,United States,,5128886
North Bay Shore,United States,,5128898
North Bellmore,United States,,5128904
North Massapequa,United States,,5129134
North Tonawanda,United States,,5129245
North Valley Stream,United States,,5129248
Oceanside,United States,,5129603
Ossining,United States,,5130045
Oswego,United States,,5130081
Ozone Park,United States,,5130334
Park Slope,United States,,5130561
Parkchester,United States,,5130572
Pearl River,United States,,5130780
Peekskill,United States,,5130831
Plainview,United States,,5131638
Plattsburgh,United States,,5131692
Port Chester,United States,,5132002
Port Richmond,United States,,5132028
Port Washington,United States,,5132029
Poughkeepsie,United States,,5132143
Queens Village,United States,,5133271
Queens,United States,,5133273
Queensbury,United States,,5133279
Rego Park,United States,,5133640
Richmond Hill,United States,,5133825
Ridgewood,United States,,5133858
Rochester,United States,,5134086
Rockville Centre,United States,,5134203
Rome,United States,,5134295
Ronkonkoma,United States,,5134316
Roosevelt,United States,,5134323
Rosedale,United States,,5134395
Rossville,United States,,5134449
Rotterdam,United States,,5134453
Rye,United States,,5134693
Saratoga Springs,United States,,5136334
Sayville,United States,,5136421
Scarsdale,United States,,5136433
Schenectady,United States,,5136454
Seaford,United States,,5137507
Selden,United States,,5137600
Sheepshead Bay,United States,,5137849
Shirley,United States,,5138022
Smithtown,United States,,5138539
South Ozone Park,United States,,5138950
Springfield Gardens,United States,,5139287
Spring Valley,United States,,5139301
Staten Island,United States,,5139568
Sunnyside,United States,,5140221
Syosset,United States,,5140402
Syracuse,United States,,5140405
Terrace Heights,United States,,5140675
Throgs Neck,United States,,5140945
Tremont,United States,,5141342
Troy,United States,,5141502
Uniondale,United States,,5141927
Unionport,United States,,5141930
University Heights,United States,,5141963
Utica,United States,,5142056
Valley Stream,United States,,5142109
Van Nest,United States,,5142182
Vestal,United States,,5142296
Wakefield,United States,,5143056
Wantagh,United States,,5143198
Washington Heights,United States,,5143307
Watertown,United States,,5143396
West Albany,United States,,5143620
West Babylon,United States,,5143630
West Hempstead,United States,,5143832
West Islip,United States,,5143866
West Seneca,United States,,5143992
Westbury,United States,,5144040
White Plains,United States,,5144336
Whitestone,United States,,5144400
Williamsburg,United States,,5144580
Wilton,United States,,5144736
Woodhaven,United States,,5144975
Woodmere,United States,,5145028
Woodrow,United States,,5145034
Woodside,United States,,5145067
Yonkers,United States,,5145215
Akron,United States,,5145476
Alliance,United States,,5145607
Ashland,United States,,5146055
Ashtabula,United States,,5146089
Aurora,United States,,5146233
Austintown,United States,,5146256
Avon,United States,,5146277
Avon Center,United States,,5146282
Avon Lake,United States,,5146286
Barberton,United States,,5146491
Bay Village,United States,,5146675
Berea,United States,,5147097
Boardman,United States,,5147784
Bowling Green,United States,,5147968
Broadview Heights,United States,,5148273
Brook Park,United States,,5148326
Brunswick,United States,,5148480
Canton,United States,,5149222
Cleveland,United States,,5150529
Collinwood,United States,,5150792
Cuyahoga Falls,United States,,5151613
Defiance,United States,,5151861
Delaware,United States,,5151891
Dublin,United States,,5152333
East Cleveland,United States,,5152599
Eastlake,United States,,5152833
Elyria,United States,,5153207
Euclid,United States,,5153420
Fairview Park,United States,,5153680
Findlay,United States,,5153924
Fremont,United States,,5155207
Gahanna,United States,,5155393
Garfield Heights,United States,,5155499
Glenville,United States,,5155858
Green,United States,,5156371
Hilliard,United States,,5157588
Hough,United States,,5158067
Hudson,United States,,5158164
Kent,United States,,5159537
Lakewood,United States,,5160315
Lima,United States,,5160783
Lorain,United States,,5161262
Mansfield,United States,,5161723
Maple Heights,United States,,5161803
Marion,United States,,5161902
Marysville,United States,,5162077
Massillon,United States,,5162097
Mayfield Heights,United States,,5162188
Medina,United States,,5162512
Mentor,United States,,5162645
Middleburg Heights,United States,,5162851
Mount Vernon,United States,,5163799
New Philadelphia,United States,,5164390
Newark,United States,,5164466
Niles,United States,,5164582
North Canton,United States,,5164706
North Olmsted,United States,,5164862
North Ridgeville,United States,,5164903
North Royalton,United States,,5164916
Norwalk,United States,,5165101
Oregon,United States,,5165734
Painesville,United States,,5166009
Parma,United States,,5166177
Parma Heights,United States,,5166184
Perrysburg,United States,,5166516
Piqua,United States,,5166819
Rocky River,United States,,5168491
Sandusky,United States,,5170691
Shaker Heights,United States,,5171728
Sidney,United States,,5172078
Solon,United States,,5172387
South Euclid,United States,,5172485
Steubenville,United States,,5173048
Stow,United States,,5173171
Streetsboro,United States,,5173210
Strongsville,United States,,5173237
Sylvania,United States,,5173572
Tallmadge,United States,,5173623
Tiffin,United States,,5173930
Toledo,United States,,5174035
Troy,United States,,5174358
Twinsburg,United States,,5174550
Wadsworth,United States,,5175496
Warren,United States,,5175865
Westerville,United States,,5176472
Westlake,United States,,5176517
Willoughby,United States,,5176937
Wooster,United States,,5177358
Youngstown,United States,,5177568
Abington,United States,,5177773
Allentown,United States,,5178127
Allison Park,United States,,5178165
Altoona,United States,,5178195
Back Mountain,United States,,5178800
Baldwin,United States,,5178940
Bensalem,United States,,5179995
Bethel Park,United States,,5180199
Bethlehem,United States,,5180225
Carlisle,United States,,5183234
Easton,United States,,5188140
Erie,United States,,5188843
Harrisburg,United States,,5192726
Hazleton,United States,,5193011
Hermitage,United States,,5193309
Johnstown,United States,,5195561
King of Prussia,United States,,5196220
Lancaster,United States,,5197079
Lansdale,United States,,5197159
Lebanon,United States,,5197517
Levittown,United States,,5197796
Limerick,United States,,5198034
McKeesport,United States,,5200499
Monroeville,United States,,5201734
Mount Lebanon,United States,,5202215
Murrysville,United States,,5202765
New Castle,United States,,5203127
Nicetown-Tioga,United States,,5203393
Norristown,United States,,5203506
Penn Hills,United States,,5205377
Phoenixville,United States,,5205849
Pittsburgh,United States,,5206379
Plum,United States,,5206606
Pottstown,United States,,5207069
Radnor,United States,,5207490
Reading,United States,,5207728
Scranton,United States,,5211303
State College,United States,,5213681
Upper Saint Clair,United States,,5216895
Wayne,United States,,5218270
West Mifflin,United States,,5218802
Whitehall Township,United States,,5219287
Wilkes-Barre,United States,,5219488
Wilkinsburg,United States,,5219501
Williamsport,United States,,5219585
Willow Grove,United States,,5219619
Barrington,United States,,5220798
Bristol,United States,,5221077
Central Falls,United States,,5221341
Coventry,United States,,5221637
Cranston,United States,,5221659
Cumberland,United States,,5221703
East Providence,United States,,5221931
Middletown,United States,,5223358
Narragansett,United States,,5223505
Newport,United States,,5223593
North Kingstown,United States,,5223672
North Providence,United States,,5223681
Pawtucket,United States,,5223869
Portsmouth,United States,,5224082
Providence,United States,,5224151
Smithfield,United States,,5224949
Warwick,United States,,5225507
West Warwick,United States,,5225627
Westerly,United States,,5225631
Woonsocket,United States,,5225809
Aberdeen,United States,,5225857
Brookings,United States,,5226534
Mitchell,United States,,5229794
Sioux Falls,United States,,5231851
Watertown,United States,,5232741
Burlington,United States,,5234372
Colchester,United States,,5235024
Rutland,United States,,5240509
South Burlington,United States,,5241248
Appleton,United States,,5244080
Ashwaubenon,United States,,5244267
Beaver Dam,United States,,5245193
Bellevue,United States,,5245359
Beloit,United States,,5245387
Brookfield,United States,,5246835
Caledonia,United States,,5247415
Cudahy,United States,,5249871
De Pere,United States,,5250201
Eau Claire,United States,,5251436
Fitchburg,United States,,5253219
Fond du Lac,United States,,5253352
Franklin,United States,,5253710
Germantown,United States,,5254218
Green Bay,United States,,5254962
Greenfield,United States,,5255068
Howard,United States,,5257029
Janesville,United States,,5257754
Kaukauna,United States,,5258296
Kenosha,United States,,5258393
La Crosse,United States,,5258957
Madison,United States,,5261457
Manitowoc,United States,,5261585
Marshfield,United States,,5261969
Menasha,United States,,5262596
Menomonee Falls,United States,,5262630
Menomonie,United States,,5262634
Mequon,United States,,5262649
Middleton,United States,,5262838
Milwaukee,United States,,5263045
Muskego,United States,,5264049
Neenah,United States,,5264223
New Berlin,United States,,5264381
North La Crosse,United States,,5264870
Oak Creek,United States,,5265228
Oconomowoc,United States,,5265499
Onalaska,United States,,5265702
Oshkosh,United States,,5265838
Pleasant Prairie,United States,,5267403
Racine,United States,,5268249
River Falls,United States,,5268986
Sheboygan,United States,,5272893
South Milwaukee,United States,,5273812
Stevens Point,United States,,5274644
Sun Prairie,United States,,5275020
Superior,United States,,5275191
Watertown,United States,,5278005
Waukesha,United States,,5278052
Wausau,United States,,5278120
Wauwatosa,United States,,5278159
West Allis,United States,,5278420
West Bend,United States,,5278422
Weston,United States,,5278693
Wisconsin Rapids,United States,,5279436
Weirton,United States,,5280814
Weirton Heights,United States,,5280822
Wheeling,United States,,5280854
Ansonia,United States,,5281551
Avon,United States,,5281730
Bloomfield,United States,,5282526
Bridgeport,United States,,5282804
Bristol,United States,,5282835
Branford,United States,,5283054
Cheshire,United States,,5283837
Fillmore,United States,,5284756
Buckeye,United States,,5287262
Bullhead City,United States,,5287565
Casa Grande,United States,,5288636
Casas Adobes,United States,,5288661
Catalina Foothills,United States,,5288786
Chandler,United States,,5289282
Deer Valley,United States,,5292387
Douglas,United States,,5293083
Drexel Heights,United States,,5293183
El Mirage,United States,,5293996
Eloy,United States,,5294167
Flagstaff,United States,,5294810
Florence,United States,,5294902
Flowing Wells,United States,,5294937
Fortuna Foothills,United States,,5295143
Fountain Hills,United States,,5295177
Gilbert,United States,,5295903
Glendale,United States,,5295985
Goodyear,United States,,5296266
Green Valley,United States,,5296802
Kingman,United States,,5301067
Lake Havasu City,United States,,5301388
Marana,United States,,5303705
Maricopa,United States,,5303752
Maryvale,United States,,5303929
Mesa,United States,,5304391
Nogales,United States,,5306611
Oro Valley,United States,,5307540
Payson,United States,,5308305
Peoria,United States,,5308480
Phoenix,United States,,5308655
Prescott,United States,,5309842
Prescott Valley,United States,,5309858
Queen Creek,United States,,5310193
Rio Rico,United States,,5311433
Sahuarita,United States,,5312544
San Luis,United States,,5312913
Scottsdale,United States,,5313457
Sierra Vista,United States,,5314328
Somerton,United States,,5315062
Sun City,United States,,5316201
Sun City West,United States,,5316205
Surprise,United States,,5316428
Tanque Verde,United States,,5316890
Tempe,United States,,5317058
Tempe Junction,United States,,5317071
Tucson,United States,,5318313
Yuma,United States,,5322053
Adelanto,United States,,5322400
Agoura,United States,,5322551
Agoura Hills,United States,,5322553
Agua Caliente,United States,,5322571
Alameda,United States,,5322737
Albany,United States,,5322850
Alhambra,United States,,5323060
Aliso Viejo,United States,,5323163
Altadena,United States,,5323525
Alum Rock,United States,,5323566
American Canyon,United States,,5323694
Anaheim,United States,,5323810
Antelope,United States,,5324105
Antioch,United States,,5324200
Apple Valley,United States,,5324363
Arcadia,United States,,5324477
Arroyo Grande,United States,,5324802
Artesia,United States,,5324862
Arvin,United States,,5324903
Ashland,United States,,5325011
Atascadero,United States,,5325111
Atwater Village,United States,,5325186
Atwater,United States,,5325187
Avocado Heights,United States,,5325372
Azusa,United States,,5325423
Bakersfield,United States,,5325738
Baldwin Park,United States,,5325866
Banning,United States,,5326032
Barstow,United States,,5326297
Barstow Heights,United States,,5326305
Bay Point,United States,,5326561
Beaumont,United States,,5327098
Bell,United States,,5327298
Bell Gardens,United States,,5327319
Bellflower,United States,,5327422
Belmont,United States,,5327455
Benicia,United States,,5327550
Berkeley,United States,,5327684
Beverly Hills,United States,,5328041
Bloomington,United States,,5329408
Blythe,United States,,5329649
Bostonia,United States,,5330167
Boyle Heights,United States,,5330413
Brawley,United States,,5330567
Brea,United States,,5330582
Brentwood,United States,,5330642
Brentwood,United States,,5330643
Buena Park,United States,,5331575
Burbank,United States,,5331835
Burlingame,United States,,5331920
Calabasas,United States,,5332593
Calexico,United States,,5332698
Camarillo,United States,,5333180
Cameron Park,United States,,5333282
Campbell,United States,,5333689
Canoga Park,United States,,5333913
Canyon Country,United States,,5333944
Carlsbad,United States,,5334223
Carmichael,United States,,5334336
Carson,United States,,5334519
Castaic,United States,,5334799
Castro Valley,United States,,5334928
Cathedral City,United States,,5335006
Ceres,United States,,5335650
Cerritos,United States,,5335663
Chatsworth,United States,,5336054
Chico,United States,,5336269
Chinatown,United States,,5336477
Chino,United States,,5336537
Chino Hills,United States,,5336545
Chowchilla,United States,,5336667
Chula Vista,United States,,5336899
Citrus Heights,United States,,5337561
Claremont,United States,,5337696
Clearlake,United States,,5337908
Clovis,United States,,5338122
Coachella,United States,,5338166
Coalinga,United States,,5338196
Colton,United States,,5338783
Compton,United States,,5339066
Concord,United States,,5339111
Corcoran,United States,,5339539
Corona,United States,,5339631
Coronado,United States,,5339663
Costa Mesa,United States,,5339840
Covina,United States,,5340175
Cudahy,United States,,5341051
Culver City,United States,,5341114
Cupertino,United States,,5341145
Cypress,United States,,5341256
Daly City,United States,,5341430
Dana Point,United States,,5341483
Danville,United States,,5341531
Davis,United States,,5341704
Delano,United States,,5342485
Desert Hot Springs,United States,,5342710
Diamond Bar,United States,,5342992
Dinuba,United States,,5343171
Dixon,United States,,5343303
Downey,United States,,5343858
Duarte,United States,,5344147
Dublin,United States,,5344157
East Rancho Dominguez,United States,,5344817
East Hemet,United States,,5344942
East Los Angeles,United States,,5344994
East Palo Alto,United States,,5345032
El Cajon,United States,,5345529
El Centro,United States,,5345609
El Cerrito,United States,,5345623
El Dorado Hills,United States,,5345679
El Monte,United States,,5345743
El Segundo,United States,,5345860
Elk Grove,United States,,5346111
Encinitas,United States,,5346646
Encino,United States,,5346649
Escondido,United States,,5346827
Fair Oaks,United States,,5347287
Fairfield,United States,,5347335
Fallbrook,United States,,5347578
Florin,United States,,5349613
Folsom,United States,,5349705
Fontana,United States,,5349755
Foothill Farms,United States,,5349803
Foster City,United States,,5350159
Fountain Valley,United States,,5350207
Fremont,United States,,5350734
Fresno,United States,,5350937
Fullerton,United States,,5351247
Galt,United States,,5351428
Garden Grove,United States,,5351515
Gardena,United States,,5351549
Gilroy,United States,,5352214
Glen Avon,United States,,5352350
Glendale,United States,,5352423
Glendora,United States,,5352439
Goleta,United States,,5352963
Granite Bay,United States,,5353530
Greenfield,United States,,5354172
Hacienda Heights,United States,,5354819
Hanford,United States,,5355180
Hawthorne,United States,,5355828
Hayward,United States,,5355933
Hemet,United States,,5356277
Hercules,United States,,5356451
Hermosa Beach,United States,,5356521
Hesperia,United States,,5356576
Highland,United States,,5356868
Hollister,United States,,5357499
Hollywood,United States,,5357527
Huntington Beach,United States,,5358705
Huntington Park,United States,,5358736
Imperial,United States,,5359052
Imperial Beach,United States,,5359054
Indio,United States,,5359446
Inglewood,United States,,5359488
Irvine,United States,,5359777
Isla Vista,United States,,5359864
Koreatown,United States,,5363748
La Cañada Flintridge,United States,,5363859
La Habra,United States,,5363922
La Jolla,United States,,5363943
La Mesa,United States,,5363990
La Mirada,United States,,5364007
La Palma,United States,,5364022
La Presa,United States,,5364059
La Puente,United States,,5364066
La Quinta,United States,,5364079
La Verne,United States,,5364134
Ladera Ranch,United States,,5364199
Lafayette,United States,,5364226
Laguna,United States,,5364271
Laguna Beach,United States,,5364275
Laguna Hills,United States,,5364306
Laguna Niguel,United States,,5364329
Laguna Woods,United States,,5364369
Lake Elsinore,United States,,5364499
Lake Forest,United States,,5364514
Lakeside,United States,,5364782
Lakewood,United States,,5364855
Lamont,United States,,5364916
Lancaster,United States,,5364940
Lathrop,United States,,5365425
Lawndale,United States,,5365603
Lemon Grove,United States,,5365893
Lemoore,United States,,5365918
Lennox,United States,,5365937
Lincoln,United States,,5366375
Linda,United States,,5366531
Live Oak,United States,,5367314
Livermore,United States,,5367440
Lodi,United States,,5367565
Loma Linda,United States,,5367696
Lomita,United States,,5367767
Lompoc,United States,,5367788
Long Beach,United States,,5367929
Los Altos,United States,,5368335
Los Angeles,United States,,5368361
Los Banos,United States,,5368453
Los Gatos,United States,,5368518
Lynwood,United States,,5369367
Madera,United States,,5369568
Manhattan Beach,United States,,5370082
Manteca,United States,,5370164
Marina,United States,,5370493
Martinez,United States,,5370868
Maywood,United States,,5371261
Mead Valley,United States,,5371858
Menifee,United States,,5372205
Menlo Park,United States,,5372223
Merced,United States,,5372253
Millbrae,United States,,5373129
Milpitas,United States,,5373327
Jurupa Valley,United States,,5373492
Mira Mesa,United States,,5373497
Mission District,United States,,5373628
Mission Viejo,United States,,5373763
Modesto,United States,,5373900
Monrovia,United States,,5374175
Montclair,United States,,5374232
Montebello,United States,,5374322
Monterey,United States,,5374361
Monterey Park,United States,,5374406
Moorpark,United States,,5374648
Moraga,United States,,5374671
Moreno Valley,United States,,5374732
Morgan Hill,United States,,5374764
Mountain View,United States,,5375480
Murrieta,United States,,5375911
Napa,United States,,5376095
National City,United States,,5376200
Newark,United States,,5376803
Newport Beach,United States,,5376890
Nipomo,United States,,5377100
Norco,United States,,5377199
North Highlands,United States,,5377640
North Hollywood,United States,,5377654
Northridge,United States,,5377985
Norwalk,United States,,5377995
Novato,United States,,5378044
Oakdale,United States,,5378500
Oakland,United States,,5378538
Oakley,United States,,5378566
Oceanside,United States,,5378771
Oildale,United States,,5378870
Ontario,United States,,5379439
Orange,United States,,5379513
Orangevale,United States,,5379566
Orcutt,United States,,5379609
Orinda,United States,,5379678
Oroville,United States,,5379759
Oxnard,United States,,5380184
Pacific Palisades,United States,,5380378
Pacifica,United States,,5380420
Pacific Grove,United States,,5380437
Palm Desert,United States,,5380626
Palm Springs,United States,,5380668
Palmdale,United States,,5380698
Palo Alto,United States,,5380748
Paradise,United States,,5381002
Paramount,United States,,5381110
Parlier,United States,,5381325
Pasadena,United States,,5381396
Paso Robles,United States,,5381438
Patterson,United States,,5381515
Perris,United States,,5382146
Petaluma,United States,,5382232
Pico Rivera,United States,,5382496
Pinole,United States,,5383187
Pittsburg,United States,,5383465
Placentia,United States,,5383527
Pleasant Hill,United States,,5383720
Pleasanton,United States,,5383777
Pomona,United States,,5384170
Port Hueneme,United States,,5384339
Porterville,United States,,5384471
Poway,United States,,5384690
Prunedale,United States,,5385082
Ramona,United States,,5385793
Rancho Cordova,United States,,5385941
Rancho Cucamonga,United States,,5385955
Rancho Mirage,United States,,5386015
Rancho Palos Verdes,United States,,5386035
Rancho Penasquitos,United States,,5386039
Rancho San Diego,United States,,5386053
Rancho Santa Margarita,United States,,5386082
Redlands,United States,,5386754
Redondo Beach,United States,,5386785
Redwood City,United States,,5386834
Reedley,United States,,5386984
Reseda,United States,,5387152
Rialto,United States,,5387288
Richmond,United States,,5387428
Ridgecrest,United States,,5387494
Rio Linda,United States,,5387687
Ripon,United States,,5387749
Riverbank,United States,,5387844
Riverside,United States,,5387877
Rocklin,United States,,5388319
Rohnert Park,United States,,5388564
Rosamond,United States,,5388735
Rosemead,United States,,5388867
Rosemont,United States,,5388873
Roseville,United States,,5388881
Rowland Heights,United States,,5389126
Rubidoux,United States,,5389213
Sacramento,United States,,5389489
Salinas,United States,,5391295
San Bernardino,United States,,5391710
San Bruno,United States,,5391749
San Carlos,United States,,5391760
San Clemente,United States,,5391791
San Diego,United States,,5391811
San Dimas,United States,,5391891
San Fernando,United States,,5391945
San Francisco,United States,,5391959
San Gabriel,United States,,5392034
San Jacinto,United States,,5392090
San Jose,United States,,5392171
San Juan Capistrano,United States,,5392229
San Leandro,United States,,5392263
San Lorenzo,United States,,5392281
San Luis Obispo,United States,,5392323
San Marcos,United States,,5392368
San Mateo,United States,,5392423
San Pablo,United States,,5392508
San Pedro,United States,,5392528
San Rafael,United States,,5392567
San Ramon,United States,,5392593
Sanger,United States,,5392868
Santa Ana,United States,,5392900
Santa Barbara,United States,,5392952
Santa Clara,United States,,5393015
Santa Clarita,United States,,5393049
Santa Cruz,United States,,5393052
Santa Fe Springs,United States,,5393128
Santa Maria,United States,,5393180
Santa Monica,United States,,5393212
Santa Paula,United States,,5393245
Santa Rosa,United States,,5393287
Santee,United States,,5393429
Saratoga,United States,,5393485
Sawtelle,United States,,5393701
Seal Beach,United States,,5394086
Seaside,United States,,5394136
Selma,United States,,5394329
North Hills,United States,,5394409
Shafter,United States,,5394842
Sherman Oaks,United States,,5395244
Simi Valley,United States,,5396003
Soledad,United States,,5397018
South El Monte,United States,,5397376
South Gate,United States,,5397603
South Lake Tahoe,United States,,5397664
South Pasadena,United States,,5397717
South San Francisco,United States,,5397765
South San Jose Hills,United States,,5397777
South Whittier,United States,,5397841
South Yuba City,United States,,5397851
Spring Valley,United States,,5398277
Stanton,United States,,5398630
Stockton,United States,,5399020
Studio City,United States,,5399438
Suisun,United States,,5399629
Sun City,United States,,5399901
Sunland,United States,,5399976
Sunnyvale,United States,,5400075
Sylmar,United States,,5400784
Temecula,United States,,5401395
Temple City,United States,,5401469
Thousand Oaks,United States,,5402405
Torrance,United States,,5403022
Tracy,United States,,5403191
Truckee,United States,,5403676
Tujunga,United States,,5403767
Tulare,United States,,5403783
Turlock,United States,,5404024
Tustin,United States,,5404119
North Tustin,United States,,5404122
Twentynine Palms,United States,,5404198
Ukiah,United States,,5404476
Union City,United States,,5404555
Universal City,United States,,5404794
Upland,United States,,5404915
Vacaville,United States,,5405228
Valencia,United States,,5405288
Valinda,United States,,5405326
Vallejo,United States,,5405380
Van Nuys,United States,,5405693
Venice,United States,,5405841
Ventura,United States,,5405878
Victorville,United States,,5406222
Vincent,United States,,5406421
Visalia,United States,,5406567
Vista,United States,,5406602
Walnut,United States,,5406976
Walnut Creek,United States,,5406990
Walnut Park,United States,,5407030
Watsonville,United States,,5407529
West Carson,United States,,5407908
West Covina,United States,,5407933
West Hollywood,United States,,5408076
West Puente Valley,United States,,5408191
West Sacramento,United States,,5408211
Westminster,United States,,5408406
Westmont,United States,,5408431
Whittier,United States,,5409059
Wildomar,United States,,5409260
Willowbrook,United States,,5409768
Wilmington,United States,,5409802
Windsor,United States,,5410004
Winnetka,United States,,5410095
Winter Gardens,United States,,5410129
Woodland,United States,,5410430
Woodland Hills,United States,,5410438
Yorba Linda,United States,,5410902
Yuba City,United States,,5411015
Yucaipa,United States,,5411046
Yucca Valley,United States,,5411079
Arvada,United States,,5412199
Aurora,United States,,5412347
Brighton,United States,,5414941
Broomfield,United States,,5415035
Cañon City,United States,,5416005
Castle Rock,United States,,5416329
Castlewood,United States,,5416357
Centennial,United States,,5416541
Cimarron Hills,United States,,5417041
Clifton,United States,,5417258
Colorado Springs,United States,,5417598
Columbine,United States,,5417657
Commerce City,United States,,5417737
Denver,United States,,5419384
Durango,United States,,5420241
Englewood,United States,,5421250
Fountain,United States,,5422191
Golden,United States,,5423294
Grand Junction,United States,,5423573
Greenwood Village,United States,,5423908
Highlands Ranch,United States,,5425043
Ken Caryl,United States,,5427207
Lafayette,United States,,5427771
Lakewood,United States,,5427946
Littleton,United States,,5429032
Louisville,United States,,5429522
Montrose,United States,,5431710
Northglenn,United States,,5433124
Parker,United States,,5434006
Pueblo,United States,,5435464
Pueblo West,United States,,5435477
Sherrelwood,United States,,5438567
Southglenn,United States,,5439752
Thornton,United States,,5441492
Westminster,United States,,5443910
Wheat Ridge,United States,,5443948
Dodge City,United States,,5445298
Garden City,United States,,5445439
Liberal,United States,,5445820
Alamogordo,United States,,5454627
Albuquerque,United States,,5454711
Carlsbad,United States,,5460459
Clovis,United States,,5462393
Farmington,United States,,5467328
Gallup,United States,,5468773
Hobbs,United States,,5471578
Las Cruces,United States,,5475352
Los Lunas,United States,,5476913
Rio Rancho,United States,,5487811
Roswell,United States,,5488441
Santa Fe,United States,,5490263
South Valley,United States,,5492450
Sunland Park,United States,,5493403
Boulder City,United States,,5500539
Carson City,United States,,5501344
Enterprise,United States,,5503766
Fernley,United States,,5504003
Henderson,United States,,5505411
Las Vegas,United States,,5506956
Mesquite,United States,,5508180
North Las Vegas,United States,,5509403
Pahrump,United States,,5509851
Paradise,United States,,5509952
Reno,United States,,5511077
Spanish Springs,United States,,5512827
Sparks,United States,,5512862
Spring Valley,United States,,5512909
Sun Valley,United States,,5513307
Sunrise Manor,United States,,5513343
Whitney,United States,,5515110
Winchester,United States,,5515345
Amarillo,United States,,5516233
Big Spring,United States,,5517061
Del Rio,United States,,5520076
Dumas,United States,,5520552
Eagle Pass,United States,,5520677
El Paso,United States,,5520993
Hereford,United States,,5523074
Horizon City,United States,,5523369
Lubbock,United States,,5525577
Midland,United States,,5526337
Odessa,United States,,5527554
Pampa,United States,,5527953
Plainview,United States,,5528450
San Angelo,United States,,5530022
Socorro,United States,,5530932
Socorro Mission Number 1 Colonia,United States,,5530937
West Odessa,United States,,5533366
Cedar City,United States,,5536630
Hurricane,United States,,5540831
Saint George,United States,,5546220
Washington,United States,,5549222
Wasco,United States,,5550368
Alhambra,United States,,5551123
Anthem,United States,,5551498
Apache Junction,United States,,5551535
Avondale,United States,,5552301
Ahwatukee Foothills,United States,,5552450
Juneau,United States,,5554072
Arcata,United States,,5558953
Bayside,United States,,5559320
Eureka,United States,,5563397
McKinleyville,United States,,5567770
Redding,United States,,5570160
Susanville,United States,,5572400
Boulder,United States,,5574991
Erie,United States,,5576859
Evans,United States,,5576909
Fort Collins,United States,,5577147
Greeley,United States,,5577592
Longmont,United States,,5579276
Loveland,United States,,5579368
Windsor,United States,,5583509
Boise,United States,,5586437
Caldwell,United States,,5587698
Coeur d'Alene,United States,,5589173
Conda,United States,,5589394
Eagle,United States,,5591778
Idaho Falls,United States,,5596475
Kuna,United States,,5597955
Lewiston,United States,,5598538
Lewiston Orchards,United States,,5598542
Meridian,United States,,5600685
Moscow,United States,,5601538
Nampa,United States,,5601933
Pocatello,United States,,5604045
Post Falls,United States,,5604353
Rexburg,United States,,5605242
Twin Falls,United States,,5610810
Billings,United States,,5640350
Bozeman,United States,,5641727
Butte,United States,,5642934
Great Falls,United States,,5655240
Helena,United States,,5656882
Kalispell,United States,,5660340
Missoula,United States,,5666639
Bismarck,United States,,5688025
Dickinson,United States,,5688789
Mandan,United States,,5690366
Minot,United States,,5690532
Williston,United States,,5692947
North Platte,United States,,5697939
Elko,United States,,5703670
Albany,United States,,5710756
Aloha,United States,,5711099
Altamont,United States,,5711149
Ashland,United States,,5711789
Beaverton,United States,,5713376
Bend,United States,,5713587
Bethany,United States,,5713759
Canby,United States,,5717758
Central Point,United States,,5718601
Coos Bay,United States,,5720495
Corvallis,United States,,5720727
Dallas,United States,,5722064
Eugene,United States,,5725846
Forest Grove,United States,,5727190
Four Corners,United States,,5727382
Grants Pass,United States,,5729080
Gresham,United States,,5729485
Happy Valley,United States,,5730183
Hayesville,United States,,5730675
Hermiston,United States,,5731070
Hillsboro,United States,,5731371
Keizer,United States,,5734711
Klamath Falls,United States,,5735238
Lake Oswego,United States,,5735724
Lebanon,United States,,5736218
Lents,United States,,5736378
McMinnville,United States,,5739936
Medford,United States,,5740099
Milwaukie,United States,,5740900
Newberg,United States,,5742726
Oak Grove,United States,,5743731
Oregon City,United States,,5744253
Pendleton,United States,,5745380
Portland,United States,,5746545
Redmond,United States,,5747882
Roseburg,United States,,5749352
Salem,United States,,5750162
Sherwood,United States,,5751632
Springfield,United States,,5754005
The Dalles,United States,,5756304
Tigard,United States,,5756758
Troutdale,United States,,5757477
Tualatin,United States,,5757506
West Linn,United States,,5760009
Wilsonville,United States,,5761287
Woodburn,United States,,5761708
Rapid City,United States,,5768233
Bountiful,United States,,5771826
Brigham City,United States,,5771960
Centerville,United States,,5772654
Clearfield,United States,,5772959
Clinton,United States,,5773001
Cottonwood Heights,United States,,5773304
Draper,United States,,5774001
Eagle Mountain,United States,,5774215
East Millcreek,United States,,5774301
Farmington,United States,,5774662
Herriman,United States,,5775782
Highland,United States,,5775863
Holladay,United States,,5776008
Kaysville,United States,,5776715
Kearns,United States,,5776727
Layton,United States,,5777107
Lehi,United States,,5777224
Logan,United States,,5777544
Magna,United States,,5777793
Midvale,United States,,5778244
Millcreek,United States,,5778352
Murray,United States,,5778755
North Ogden,United States,,5779036
North Salt Lake,United States,,5779068
Ogden,United States,,5779206
Orem,United States,,5779334
Payson,United States,,5779548
Pleasant Grove,United States,,5779816
Provo,United States,,5780026
Riverton,United States,,5780557
Roy,United States,,5780802
Salt Lake City,United States,,5780993
Sandy,United States,,5781061
Sandy Hills,United States,,5781070
Saratoga Springs,United States,,5781087
South Jordan Heights,United States,,5781765
South Jordan,United States,,5781770
South Ogden,United States,,5781783
South Salt Lake,United States,,5781794
Spanish Fork,United States,,5781860
Springville,United States,,5781993
Syracuse,United States,,5782391
Taylorsville,United States,,5782476
Tooele,United States,,5783695
West Jordan,United States,,5784549
West Valley City,United States,,5784607
Aberdeen,United States,,5785243
Anacortes,United States,,5785657
Arlington,United States,,5785868
Auburn,United States,,5785965
Battle Ground,United States,,5786485
Bellevue,United States,,5786882
Bellingham,United States,,5786899
Bonney Lake,United States,,5787776
Bothell,United States,,5787829
Bremerton,United States,,5788054
Burien,United States,,5788516
Camas,United States,,5788822
Centralia,United States,,5789683
Cottage Lake,United States,,5790971
Covington,United States,,5791159
Des Moines,United States,,5792244
Edmonds,United States,,5793427
Ellensburg,United States,,5793639
Everett,United States,,5793933
Fairwood,United States,,5794097
Federal Way,United States,,5794245
Five Corners,United States,,5794559
Frederickson,United States,,5795011
Graham,United States,,5795906
Hazel Dell,United States,,5796984
Issaquah,United States,,5798487
Kenmore,United States,,5799587
Kennewick,United States,,5799610
Kent,United States,,5799625
Kirkland,United States,,5799841
Lacey,United States,,5800112
Lake Stevens,United States,,5800317
Lakewood,United States,,5800420
Longview,United States,,5801617
Lynnwood,United States,,5802049
Maple Valley,United States,,5802340
Martha Lake,United States,,5802493
Marysville,United States,,5802570
Mercer Island,United States,,5803139
Mill Creek,United States,,5803457
Monroe,United States,,5803786
Moses Lake,United States,,5803990
Mount Vernon,United States,,5804127
Mountlake Terrace,United States,,5804191
Mukilteo,United States,,5804306
North Creek,United States,,5804953
Oak Harbor,United States,,5805441
Olympia,United States,,5805687
Opportunity,United States,,5805782
Orchards,United States,,5805815
Parkland,United States,,5806253
Pasco,United States,,5806298
Port Angeles,United States,,5807212
Pullman,United States,,5807540
Puyallup,United States,,5807575
Redmond,United States,,5808079
Renton,United States,,5808189
Richland,United States,,5808276
Salmon Creek,United States,,5809333
Sammamish,United States,,5809402
SeaTac,United States,,5809805
Seattle,United States,,5809844
Shoreline,United States,,5810301
Silverdale,United States,,5810490
South Hill,United States,,5811456
Spanaway,United States,,5811581
Spokane,United States,,5811696
Spokane Valley,United States,,5811729
Sunnyside,United States,,5812604
Tacoma,United States,,5812944
Tukwila,United States,,5814043
Tumwater,United States,,5814095
University Place,United States,,5814450
Vancouver,United States,,5814616
Walla Walla,United States,,5814916
Washougal,United States,,5815136
Wenatchee,United States,,5815342
West Lake Sammamish,United States,,5815538
West Lake Stevens,United States,,5815539
Bainbridge Island,United States,,5816320
Yakima,United States,,5816605
Casper,United States,,5820705
Cheyenne,United States,,5821086
Gillette,United States,,5826027
Laramie,United States,,5830062
Rock Springs,United States,,5836898
Sheridan,United States,,5838198
American Fork,United States,,5844096
Kahului,United States,,5847411
Kailua,United States,,5847486
Kaimukī,United States,,5847530
Kalihi-Palama,United States,,5847832
Kaneohe,United States,,5848189
Diamond Head / Kapahulu / Saint Louis Heights,United States,,5848322
Kīhei,United States,,5849297
Makakilo City,United States,,5850554
Mililani Town,United States,,5851030
Mō‘ili‘ili,United States,,5851096
Niu Valley,United States,,5851484
Pearl City,United States,,5852275
Wahiawā,United States,,5853992
Waikīkī,United States,,5854380
Wailuku,United States,,5854496
Waipahu,United States,,5854686
‘Ewa Beach,United States,,5855051
‘Ewa Gentry,United States,,5855070
Hawai‘i Kai,United States,,5855754
Hilo,United States,,5855927
Honolulu,United States,,5856195
Eagle River,United States,,5861187
Fairbanks,United States,,5861897
Anchorage,United States,,5879400
Badger,United States,,5879898
Milton,United States,,6331908
Johns Creek,United States,,6331909
Cutler Bay,United States,,6332309
Morningside Heights,United States,,6332422
East Harlem,United States,,6332428
Alafaya,United States,,6332439
Little Havana,United States,,6332582
Millburn,United States,,6332745
Briarwood,United States,,6640032
Stevenson Ranch,United States,,6690773
Times Square,United States,,6930378
Fort Liberty,United States,,6941080
North Brunswick,United States,,6946944
Kapolei,United States,,6957263
City of Milford (balance),United States,,7160204
City of Sammamish,United States,,7174365
Silver Firs,United States,,7176035
Vineyard,United States,,7176039
Gramercy Park,United States,,7184841
Kew Gardens Hills,United States,,7250691
Wallingford Center,United States,,7257422
Braintree,United States,,7257540
North Attleborough Center,United States,,7257726
Bel Air North,United States,,7257991
Bel Air South,United States,,7257992
Mercerville-Hamilton Square,United States,,7258271
Oxon Hill-Glassmanor,United States,,7258432
Gates-North Gates,United States,,7258633
Greater Upper Marlboro,United States,,7258671
West Falls Church,United States,,7258780
Lanham-Seabrook,United States,,7258832
Lutherville-Timonium,United States,,7258897
Setauket-East Setauket,United States,,7258965
St. Charles,United States,,7259034
Suitland-Silver Hill,United States,,7259061
Fort Leonard Wood,United States,,7259265
Saginaw Township North,United States,,7259480
West Bloomfield Township,United States,,7259621
East Lake-Orient Park,United States,,7259705
Four Corners,United States,,7259780
Greater Northdale,United States,,7259823
Candler-McAfee,United States,,7260019
Sandalfoot Cove,United States,,7260095
University,United States,,7260219
Vero Beach South,United States,,7260233
Kendall West,United States,,7260327
Palm River-Clair Mel,United States,,7260548
Arden-Arcade,United States,,7260806
Bryn Mawr-Skyway,United States,,7260966
Casa de Oro-Mount Helix,United States,,7261029
Florence-Graham,United States,,7261268
Fort Cavazos,United States,,7261291
Inglewood-Finn Hill,United States,,7261476
La Crescenta-Montrose,United States,,7261553
East Hill-Meridian,United States,,7261759
Picnic Point-North Lynnwood,United States,,7262110
Security-Widefield,United States,,7262349
Union Hill-Novelty Hill,United States,,7262428
Vincent,United States,,7262464
West Whittier-Los Nietos,United States,,7262518
Summerlin South,United States,,7262622
Makakilo,United States,,7262761
Schofield Barracks,United States,,7262790
Tri-Cities,United States,,7289169
San Tan Valley,United States,,7310164
Midway,United States,,7315234
Oakleaf Plantation,United States,,7315237
East Honolulu,United States,,7315245
Old Jamestown,United States,,7315274
Bothell West,United States,,7315409
Eastmont,United States,,7315412
Mill Creek East,United States,,7315418
Enchanted Hills,United States,,7839240
West Hills,United States,,8030162
Detroit-Shoreway,United States,,8062662
Clark-Fulton,United States,,8062667
The Acreage,United States,,8096113
Eastvale,United States,,8096217
Oak Hill,United States,,8097131
Bridgewater,United States,,8299576
Warren Township,United States,,8299577
Fairfield Heights,United States,,8347326
Chicago Loop,United States,,8436065
Greater Grand Crossing,United States,,8436083
Auburn Gresham,United States,,8436084
Financial District,United States,,8436473
Sunset Park,United States,,8436486
South Kingstown,United States,,8436572
Parkside,United States,,8449754
Noe Valley,United States,,8449772
Visitacion Valley,United States,,8449777
La Porte,United States,,8449910
Randolph,United States,,8469295
Mount Pleasant,United States,,8478941
Northdale,United States,,8479411
Waterford,United States,,8480031
Meadowbrook,United States,,8480062
Lincoln,United States,,8531960
Johnston,United States,,8604682
Dixiana,United States,,8605041
Cranberry Township,United States,,8643098
Kuliouou - Kalani Iki,United States,,9403721
Manoa,United States,,9409821
Makiki / Lower Punchbowl / Tantalus,United States,,9409823
Kalihi Valley,United States,,9534958
Center City,United States,,9958118
Silver Lake,United States,,10104153
Echo Park,United States,,10104154
Ala Moana - Kakaako,United States,,10172958
Joint Base Pearl Harbor Hickam,United States,,10173805
McCully - Moiliili,United States,,10173811
Nuuanu - Punchbowl,United States,,10286555
Liliha - Kapalama,United States,,11071594
St. Johns,United States,,11704266
Stonecrest,United States,,11748973
Cortlandt Manor,United States,,11811570
Valley Glen,United States,,11838960
Encanto,United States,,11979227
Central City,United States,,11979238
South Fulton,United States,,12541728
Woodbridge,United States,,12750392
Westpark,United States,,12750396
UC Irvine,United States,,12750398
El Camino Real,United States,,12750403
Stonegate,United States,,12750405
Northwood,United States,,12750406
Tustin Legacy,United States,,12750416
Aliamanu / Salt Lake / Foster Village,United States,,13100433
Mililani Mauka / Launani Valley,United States,,13100434
Koolauloa,United States,,13100438
Makakilo / Kapolei / Honokai Hale,United States,,13100439
Vermont Square,United States,,13157324
Mid-City,United States,,13157343
Young,Uruguay,,3439525
Trinidad,Uruguay,,3439748
Treinta y Tres,Uruguay,,3439781
Tacuarembó,Uruguay,,3440034
Santa Lucía,Uruguay,,3440571
San José de Mayo,Uruguay,,3440639
San Carlos,Uruguay,,3440696
Salto,Uruguay,,3440714
Rocha,Uruguay,,3440777
Rivera,Uruguay,,3440781
Progreso,Uruguay,,3440963
Paysandú,Uruguay,,3441243
Paso de Carrasco,Uruguay,,3441292
Pando,Uruguay,,3441354
Montevideo,Uruguay,,3441575
Minas,Uruguay,,3441665
Mercedes,Uruguay,,3441684
Melo,Uruguay,,3441702
Maldonado,Uruguay,,3441894
Las Piedras,Uruguay,,3442057
La Paz,Uruguay,,3442098
Fray Bentos,Uruguay,,3442568
Florida,Uruguay,,3442585
Durazno,Uruguay,,3442727
Dolores,Uruguay,,3442750
Delta del Tigre,Uruguay,,3442778
Colonia del Sacramento,Uruguay,,3443013
Carmelo,Uruguay,,3443341
Canelones,Uruguay,,3443413
Artigas,Uruguay,,3443758
Barros Blancos,Uruguay,,10098279
Nukus,Uzbekistan,,601294
Qŭnghirot,Uzbekistan,,601323
Xo‘jayli Shahri,Uzbekistan,,601339
Oltinko‘l,Uzbekistan,,601417
Zomin Shaharchasi,Uzbekistan,,1215694
Urgut Shahri,Uzbekistan,,1215839
Tirmiz,Uzbekistan,,1215957
Sho‘rchi,Uzbekistan,,1216115
Shahrisabz,Uzbekistan,,1216187
Samarkand,Uzbekistan,,1216265
Qarshi,Uzbekistan,,1216311
Muborak,Uzbekistan,,1216475
Kitob,Uzbekistan,,1216787
Kattaqo’rg’on Shahri,Uzbekistan,,1216982
Koson,Uzbekistan,,1217007
Karakul’,Uzbekistan,,1217084
Kogon Shahri,Uzbekistan,,1217180
G‘uzor,Uzbekistan,,1217262
Galaosiyo Shahri,Uzbekistan,,1217340
Juma Shahri,Uzbekistan,,1217362
Denov,Uzbekistan,,1217474
Chiroqchi,Uzbekistan,,1217540
Chelak,Uzbekistan,,1217569
Bulung’ur Shahri,Uzbekistan,,1217658
Bukhara,Uzbekistan,,1217662
Beshkent,Uzbekistan,,1217703
Boysun,Uzbekistan,,1217734
Oqtosh,Uzbekistan,,1217926
Zafar,Uzbekistan,,1512287
Yaypan,Uzbekistan,,1512320
Yangiyŭl,Uzbekistan,,1512339
Yangiyer,Uzbekistan,,1512342
Yangirabot,Uzbekistan,,1512348
Yangiqo‘rg‘on,Uzbekistan,,1512350
Yangiobod,Uzbekistan,,1512372
Vobkent Shahri,Uzbekistan,,1512423
Uychi,Uzbekistan,,1512449
Urganch,Uzbekistan,,1512473
Dashtobod,Uzbekistan,,1512480
Uchqŭrghon Shahri,Uzbekistan,,1512501
Uchkuduk,Uzbekistan,,1512506
Tŭytepa,Uzbekistan,,1512524
To‘rqao‘rg‘on,Uzbekistan,,1512549
Toshloq,Uzbekistan,,1512568
Tashkent,Uzbekistan,,1512569
Toshbuloq,Uzbekistan,,1512658
Sirdaryo,Uzbekistan,,1512770
Shovot,Uzbekistan,,1512790
Shofirkon Shahri,Uzbekistan,,1512838
Salor,Uzbekistan,,1512934
Qo’shko’pir,Uzbekistan,,1512978
Qo‘qon,Uzbekistan,,1512979
Piskent,Uzbekistan,,1512986
Payshamba Shahri,Uzbekistan,,1513011
Parkent,Uzbekistan,,1513017
Pop,Uzbekistan,,1513023
Paxtakor Shahri,Uzbekistan,,1513038
Olmaliq,Uzbekistan,,1513064
Ohangaron,Uzbekistan,,1513072
Nurota,Uzbekistan,,1513087
Novyy Turtkul’,Uzbekistan,,1513092
Navoiy,Uzbekistan,,1513131
Namangan,Uzbekistan,,1513157
Marg‘ilon,Uzbekistan,,1513243
Manghit,Uzbekistan,,1513245
Asaka,Uzbekistan,,1513271
Quvasoy,Uzbekistan,,1513331
Qo‘rg‘ontepa,Uzbekistan,,1513364
Kirguli,Uzbekistan,,1513555
Qibray,Uzbekistan,,1513567
Xonobod,Uzbekistan,,1513578
Xo‘jaobod,Uzbekistan,,1513600
Xiva,Uzbekistan,,1513604
Haqqulobod,Uzbekistan,,1513655
Kosonsoy,Uzbekistan,,1513714
Jizzax,Uzbekistan,,1513886
Iskandar,Uzbekistan,,1513900
Qorasuv,Uzbekistan,,1513953
Hazorasp,Uzbekistan,,1513957
Gurlan,Uzbekistan,,1513962
Guliston,Uzbekistan,,1513966
G’ijduvon Shahri,Uzbekistan,,1513983
G‘azalkent,Uzbekistan,,1513996
Gagarin Shahri,Uzbekistan,,1514011
Fergana,Uzbekistan,,1514019
Jalolquduq,Uzbekistan,,1514109
Do’stlik Shahri,Uzbekistan,,1514125
Druzhba,Uzbekistan,,1514140
Dardoq,Uzbekistan,,1514174
Chust,Uzbekistan,,1514192
Chirchiq,Uzbekistan,,1514210
Chinoz,Uzbekistan,,1514215
Chortoq,Uzbekistan,,1514258
Bo‘ka,Uzbekistan,,1514330
Beshariq,Uzbekistan,,1514382
Beruniy,Uzbekistan,,1514387
Bektemir,Uzbekistan,,1514396
Bekobod,Uzbekistan,,1514402
Angren,Uzbekistan,,1514581
Andijon,Uzbekistan,,1514588
Oltiariq,Uzbekistan,,1514615
Oyim,Uzbekistan,,1514716
Quva,Uzbekistan,,1526979
Sultonobod,Uzbekistan,,1538533
Vatican City,Holy See (Vatican City State),,6691831
Kingstown,Saint Vincent and the Grenadines,,3577887
Calliaqua,Saint Vincent and the Grenadines,,3748746
La Asunción,"Venezuela, Bolivarian Republic of",,3480908
Anaco,"Venezuela, Bolivarian Republic of",,3486270
Alto Barinas,"Venezuela, Bolivarian Republic of",,3487903
Zaraza,"Venezuela, Bolivarian Republic of",,3625066
Yumare,"Venezuela, Bolivarian Republic of",,3625155
Yaritagua,"Venezuela, Bolivarian Republic of",,3625207
Villa de Cura,"Venezuela, Bolivarian Republic of",,3625341
Villa Bruzual,"Venezuela, Bolivarian Republic of",,3625346
Valle de La Pascua,"Venezuela, Bolivarian Republic of",,3625515
Valera,"Venezuela, Bolivarian Republic of",,3625542
Valencia,"Venezuela, Bolivarian Republic of",,3625549
Ureña,"Venezuela, Bolivarian Republic of",,3625655
Urachiche,"Venezuela, Bolivarian Republic of",,3625696
Upata,"Venezuela, Bolivarian Republic of",,3625710
Turmero,"Venezuela, Bolivarian Republic of",,3625829
Tumeremo,"Venezuela, Bolivarian Republic of",,3625892
Tucupita,"Venezuela, Bolivarian Republic of",,3625929
Tucupido,"Venezuela, Bolivarian Republic of",,3625944
Tucaní,"Venezuela, Bolivarian Republic of",,3625963
Tucacas,"Venezuela, Bolivarian Republic of",,3625965
Trujillo,"Venezuela, Bolivarian Republic of",,3625979
Tovar,"Venezuela, Bolivarian Republic of",,3626047
Tinaquillo,"Venezuela, Bolivarian Republic of",,3626219
Tinaco,"Venezuela, Bolivarian Republic of",,3626235
Timotes,"Venezuela, Bolivarian Republic of",,3626237
Tía Juana,"Venezuela, Bolivarian Republic of",,3626302
Temblador,"Venezuela, Bolivarian Republic of",,3626352
Táriba,"Venezuela, Bolivarian Republic of",,3626402
Tabay,"Venezuela, Bolivarian Republic of",,3626595
Soledad,"Venezuela, Bolivarian Republic of",,3626741
Socopó,"Venezuela, Bolivarian Republic of",,3626764
San Timoteo,"Venezuela, Bolivarian Republic of",,3627034
Santa Teresa del Tuy,"Venezuela, Bolivarian Republic of",,3627047
Santa Rita,"Venezuela, Bolivarian Republic of",,3627186
Santa Elena de Uairén,"Venezuela, Bolivarian Republic of",,3627382
Santa Cruz de Mora,"Venezuela, Bolivarian Republic of",,3627418
Santa Cruz de Mara,"Venezuela, Bolivarian Republic of",,3627420
Santa Bárbara,"Venezuela, Bolivarian Republic of",,3627561
Santa Ana,"Venezuela, Bolivarian Republic of",,3627593
Santa Ana,"Venezuela, Bolivarian Republic of",,3627614
San Rafael de Onoto,"Venezuela, Bolivarian Republic of",,3627680
San Rafael,"Venezuela, Bolivarian Republic of",,3627713
San Mateo,"Venezuela, Bolivarian Republic of",,3627968
San Juan de los Morros,"Venezuela, Bolivarian Republic of",,3628053
Colón,"Venezuela, Bolivarian Republic of",,3628060
San Juan Bautista,"Venezuela, Bolivarian Republic of",,3628066
San José de Barlovento,"Venezuela, Bolivarian Republic of",,3628129
San José de Guanipa,"Venezuela, Bolivarian Republic of",,3628142
San Joaquín,"Venezuela, Bolivarian Republic of",,3628267
San Felipe,"Venezuela, Bolivarian Republic of",,3628423
San Cristóbal,"Venezuela, Bolivarian Republic of",,3628473
San Carlos del Zulia,"Venezuela, Bolivarian Republic of",,3628489
San Carlos,"Venezuela, Bolivarian Republic of",,3628503
Sanare,"Venezuela, Bolivarian Republic of",,3628545
San Antonio del Táchira,"Venezuela, Bolivarian Republic of",,3628549
San Antonio de Los Altos,"Venezuela, Bolivarian Republic of",,3628550
Sabaneta,"Venezuela, Bolivarian Republic of",,3628853
Sabana de Parra,"Venezuela, Bolivarian Republic of",,3628918
Sabana de Mendoza,"Venezuela, Bolivarian Republic of",,3628921
Rubio,"Venezuela, Bolivarian Republic of",,3628952
La Villa del Rosario,"Venezuela, Bolivarian Republic of",,3628966
Río Chico,"Venezuela, Bolivarian Republic of",,3629102
Quíbor,"Venezuela, Bolivarian Republic of",,3629419
Punto Fijo,"Venezuela, Bolivarian Republic of",,3629576
Punta de Piedras,"Venezuela, Bolivarian Republic of",,3629601
Punta de Mata,"Venezuela, Bolivarian Republic of",,3629606
Punta Cardón,"Venezuela, Bolivarian Republic of",,3629614
Puerto Píritu,"Venezuela, Bolivarian Republic of",,3629653
Puerto La Cruz,"Venezuela, Bolivarian Republic of",,3629672
Puerto Cumarebo,"Venezuela, Bolivarian Republic of",,3629696
Puerto Cabello,"Venezuela, Bolivarian Republic of",,3629706
Puerto Ayacucho,"Venezuela, Bolivarian Republic of",,3629710
Pueblo Nuevo,"Venezuela, Bolivarian Republic of",,3629768
Pueblo Nuevo El Chivo,"Venezuela, Bolivarian Republic of",,3629790
Porlamar,"Venezuela, Bolivarian Republic of",,3629965
Píritu,"Venezuela, Bolivarian Republic of",,3630089
Petare,"Venezuela, Bolivarian Republic of",,3630297
Pariaguán,"Venezuela, Bolivarian Republic of",,3630687
Pampatar,"Venezuela, Bolivarian Republic of",,3630893
Pampanito,"Venezuela, Bolivarian Republic of",,3630894
Pampán,"Venezuela, Bolivarian Republic of",,3630896
Palo Negro,"Venezuela, Bolivarian Republic of",,3630932
Palmira,"Venezuela, Bolivarian Republic of",,3630982
Ospino,"Venezuela, Bolivarian Republic of",,3631208
Ocumare del Tuy,"Venezuela, Bolivarian Republic of",,3631412
Obispos,"Venezuela, Bolivarian Republic of",,3631431
Nueva Bolivia,"Venezuela, Bolivarian Republic of",,3631465
Nirgua,"Venezuela, Bolivarian Republic of",,3631507
Motatán,"Venezuela, Bolivarian Republic of",,3631791
Morón,"Venezuela, Bolivarian Republic of",,3631878
Montalbán,"Venezuela, Bolivarian Republic of",,3632072
Miranda,"Venezuela, Bolivarian Republic of",,3632198
Michelena,"Venezuela, Bolivarian Republic of",,3632260
Mérida,"Venezuela, Bolivarian Republic of",,3632308
Mene Grande,"Venezuela, Bolivarian Republic of",,3632399
Mene de Mauroa,"Venezuela, Bolivarian Republic of",,3632401
Mariara,"Venezuela, Bolivarian Republic of",,3632929
Maracay,"Venezuela, Bolivarian Republic of",,3632998
Maracaibo,"Venezuela, Bolivarian Republic of",,3633009
Mamporal,"Venezuela, Bolivarian Republic of",,3633248
Maiquetía,"Venezuela, Bolivarian Republic of",,3633341
Machiques,"Venezuela, Bolivarian Republic of",,3633444
Los Teques,"Venezuela, Bolivarian Republic of",,3633622
Los Rastrojos,"Venezuela, Bolivarian Republic of",,3633677
Los Dos Caminos,"Venezuela, Bolivarian Republic of",,3634184
La Victoria,"Venezuela, Bolivarian Republic of",,3634922
La Vela de Coro,"Venezuela, Bolivarian Republic of",,3634965
Las Vegas,"Venezuela, Bolivarian Republic of",,3635260
Las Tejerías,"Venezuela, Bolivarian Republic of",,3635325
La Paragua,"Venezuela, Bolivarian Republic of",,3636861
Lagunillas,"Venezuela, Bolivarian Republic of",,3637623
Lagunillas,"Venezuela, Bolivarian Republic of",,3637624
La Guaira,"Venezuela, Bolivarian Republic of",,3637721
La Concepción,"Venezuela, Bolivarian Republic of",,3638371
Concepción,"Venezuela, Bolivarian Republic of",,3638374
La Azulita,"Venezuela, Bolivarian Republic of",,3638904
Judibana,"Venezuela, Bolivarian Republic of",,3639086
Juan Griego,"Venezuela, Bolivarian Republic of",,3639107
Higuerote,"Venezuela, Bolivarian Republic of",,3639526
Güiria,"Venezuela, Bolivarian Republic of",,3639725
Güigüe,"Venezuela, Bolivarian Republic of",,3639747
Guatire,"Venezuela, Bolivarian Republic of",,3639898
Guasipati,"Venezuela, Bolivarian Republic of",,3639922
Guarenas,"Venezuela, Bolivarian Republic of",,3640049
Guanarito,"Venezuela, Bolivarian Republic of",,3640215
Guanare,"Venezuela, Bolivarian Republic of",,3640226
Guama,"Venezuela, Bolivarian Republic of",,3640324
Guacara,"Venezuela, Bolivarian Republic of",,3640465
Escuque,"Venezuela, Bolivarian Republic of",,3640956
Encontrados,"Venezuela, Bolivarian Republic of",,3641008
El Vigía,"Venezuela, Bolivarian Republic of",,3641099
El Tocuyo,"Venezuela, Bolivarian Republic of",,3641275
El Tigre,"Venezuela, Bolivarian Republic of",,3641351
El Sombrero,"Venezuela, Bolivarian Republic of",,3641440
El Pao,"Venezuela, Bolivarian Republic of",,3642260
Elorza,"Venezuela, Bolivarian Republic of",,3642390
Lecherías,"Venezuela, Bolivarian Republic of",,3642497
El Limón,"Venezuela, Bolivarian Republic of",,3642833
El Hatillo,"Venezuela, Bolivarian Republic of",,3643031
El Dorado,"Venezuela, Bolivarian Republic of",,3643353
El Dividive,"Venezuela, Bolivarian Republic of",,3643361
Ejido,"Venezuela, Bolivarian Republic of",,3644417
Duaca,"Venezuela, Bolivarian Republic of",,3644440
Dabajuro,"Venezuela, Bolivarian Republic of",,3644571
Cumanacoa,"Venezuela, Bolivarian Republic of",,3644767
Cumaná,"Venezuela, Bolivarian Republic of",,3644768
Cúa,"Venezuela, Bolivarian Republic of",,3644918
Coro,"Venezuela, Bolivarian Republic of",,3645213
Coloncito,"Venezuela, Bolivarian Republic of",,3645360
Cocorote,"Venezuela, Bolivarian Republic of",,3645469
Clarines,"Venezuela, Bolivarian Republic of",,3645522
Ciudad Piar,"Venezuela, Bolivarian Republic of",,3645525
Ciudad Ojeda,"Venezuela, Bolivarian Republic of",,3645527
Ciudad Guayana,"Venezuela, Bolivarian Republic of",,3645528
Ciudad Bolivia,"Venezuela, Bolivarian Republic of",,3645531
Ciudad Bolívar,"Venezuela, Bolivarian Republic of",,3645532
Chivacoa,"Venezuela, Bolivarian Republic of",,3645671
Chiquinquirá,"Venezuela, Bolivarian Republic of",,3645727
Charallave,"Venezuela, Bolivarian Republic of",,3645854
Chaguaramas,"Venezuela, Bolivarian Republic of",,3645944
Chacao,"Venezuela, Bolivarian Republic of",,3645981
Tacarigua,"Venezuela, Bolivarian Republic of",,3646062
Caucagüito,"Venezuela, Bolivarian Republic of",,3646169
Caucagua,"Venezuela, Bolivarian Republic of",,3646175
Catia La Mar,"Venezuela, Bolivarian Republic of",,3646190
Casigua El Cubo,"Venezuela, Bolivarian Republic of",,3646296
Casanay,"Venezuela, Bolivarian Republic of",,3646316
Carúpano,"Venezuela, Bolivarian Republic of",,3646382
Carrizal,"Venezuela, Bolivarian Republic of",,3646451
Carora,"Venezuela, Bolivarian Republic of",,3646487
Caripito,"Venezuela, Bolivarian Republic of",,3646534
Cariaco,"Venezuela, Bolivarian Republic of",,3646581
Caracas,"Venezuela, Bolivarian Republic of",,3646738
Caraballeda,"Venezuela, Bolivarian Republic of",,3646767
Cantaura,"Venezuela, Bolivarian Republic of",,3646869
Camaguán,"Venezuela, Bolivarian Republic of",,3647400
Calabozo,"Venezuela, Bolivarian Republic of",,3647444
Caja Seca,"Venezuela, Bolivarian Republic of",,3647462
Caicara,"Venezuela, Bolivarian Republic of",,3647535
Caicara del Orinoco,"Venezuela, Bolivarian Republic of",,3647537
Cagua,"Venezuela, Bolivarian Republic of",,3647549
Cabudare,"Venezuela, Bolivarian Republic of",,3647637
Cabimas,"Venezuela, Bolivarian Republic of",,3647651
Boraure,"Venezuela, Bolivarian Republic of",,3648042
Boconoito,"Venezuela, Bolivarian Republic of",,3648127
Boconó,"Venezuela, Bolivarian Republic of",,3648132
Biruaca,"Venezuela, Bolivarian Republic of",,3648279
Bejuma,"Venezuela, Bolivarian Republic of",,3648386
Baruta,"Venezuela, Bolivarian Republic of",,3648439
Barrancas,"Venezuela, Bolivarian Republic of",,3648506
Barrancas,"Venezuela, Bolivarian Republic of",,3648507
Barquisimeto,"Venezuela, Bolivarian Republic of",,3648522
Barinitas,"Venezuela, Bolivarian Republic of",,3648540
Barinas,"Venezuela, Bolivarian Republic of",,3648546
Barcelona,"Venezuela, Bolivarian Republic of",,3648559
Bailadores,"Venezuela, Bolivarian Republic of",,3648685
Aroa,"Venezuela, Bolivarian Republic of",,3648873
Araya,"Venezuela, Bolivarian Republic of",,3649005
Araure,"Venezuela, Bolivarian Republic of",,3649017
Aragua de Barcelona,"Venezuela, Bolivarian Republic of",,3649100
Altagracia de Orituco,"Venezuela, Bolivarian Republic of",,3649408
Los Puertos de Altagracia,"Venezuela, Bolivarian Republic of",,3649417
Achaguas,"Venezuela, Bolivarian Republic of",,3649810
Acarigua,"Venezuela, Bolivarian Republic of",,3649833
San Josecito,"Venezuela, Bolivarian Republic of",,3758764
Maturín,"Venezuela, Bolivarian Republic of",,3778045
La Fría,"Venezuela, Bolivarian Republic of",,3795152
La Grita,"Venezuela, Bolivarian Republic of",,3795170
Capacho Nuevo,"Venezuela, Bolivarian Republic of",,3795218
El Cafetal,"Venezuela, Bolivarian Republic of",,3803449
La Dolorita,"Venezuela, Bolivarian Republic of",,3803651
Guasdualito,"Venezuela, Bolivarian Republic of",,3804949
San Fernando de Apure,"Venezuela, Bolivarian Republic of",,3805673
Santa Cruz de los Taques,"Venezuela, Bolivarian Republic of",,7909705
Road Town,"Virgin Islands, British",,3577430
Charlotte Amalie,"Virgin Islands, U.S.",,4795467
Saint Croix,"Virgin Islands, U.S.",,4796512
Yên Vinh,Viet Nam,,1560037
Yên Bái,Viet Nam,,1560349
Xuân Mai,Viet Nam,,1560551
Vũng Tàu,Viet Nam,,1562414
Vị Thanh,Viet Nam,,1562538
Vĩnh Yên,Viet Nam,,1562548
Vĩnh Long,Viet Nam,,1562693
Vĩnh Châu,Viet Nam,,1562773
Vinh,Viet Nam,,1562798
Việt Trì,Viet Nam,,1562820
Thành Phố Uông Bí,Viet Nam,,1563241
Tuy Hòa,Viet Nam,,1563281
Tuyên Quang,Viet Nam,,1563287
Thành phố Trà Vinh,Viet Nam,,1563926
Thủ Đức,Viet Nam,,1565019
Thủ Dầu Một,Viet Nam,,1565022
Thốt Nốt,Viet Nam,,1565136
Thới Lai,Viet Nam,,1565157
Ho Chi Minh City,Viet Nam,,1566083
Thanh Hóa,Viet Nam,,1566166
Thái Nguyên,Viet Nam,,1566319
Thái Bình,Viet Nam,,1566346
Tây Ninh,Viet Nam,,1566559
Tân An,Viet Nam,,1567069
Tam Kỳ,Viet Nam,,1567148
Sơn Tây,Viet Nam,,1567621
Sơn La,Viet Nam,,1567681
Sông Cầu,Viet Nam,,1567723
Sóc Trăng,Viet Nam,,1567788
Sa Dec,Viet Nam,,1568212
Rạch Giá,Viet Nam,,1568510
Qui Nhon,Viet Nam,,1568574
Quảng Ngãi,Viet Nam,,1568770
Pleiku,Viet Nam,,1569684
Phủ Lý,Viet Nam,,1570449
Phú Khương,Viet Nam,,1570549
Phong Điền,Viet Nam,,1570864
Phan Thiết,Viet Nam,,1571058
Phan Rang-Tháp Chàm,Viet Nam,,1571067
Ô Môn,Viet Nam,,1571644
Ninh Hòa,Viet Nam,,1571951
Ninh Bình,Viet Nam,,1571968
Nha Trang,Viet Nam,,1572151
Nhà Bè,Viet Nam,,1572249
Nghĩa Lộ,Viet Nam,,1572565
Nam Định,Viet Nam,,1573517
Mỹ Tho,Viet Nam,,1574023
Mường Lay,Viet Nam,,1574257
Móng Cái,Viet Nam,,1574507
Long Xuyên,Viet Nam,,1575627
Lào Cai,Viet Nam,,1576303
Lạng Sơn,Viet Nam,,1576633
La Gi,Viet Nam,,1577995
Kon Tum,Viet Nam,,1578500
Hưng Yên,Viet Nam,,1580142
Huế,Viet Nam,,1580240
Hạ Long,Viet Nam,,1580410
Hoi An,Viet Nam,,1580541
Hòa Bình,Viet Nam,,1580830
Hà Tĩnh,Viet Nam,,1581047
Hà Tiên,Viet Nam,,1581052
Hanoi,Viet Nam,,1581130
Haiphong,Viet Nam,,1581298
Hải Dương,Viet Nam,,1581326
Hà Giang,Viet Nam,,1581349
Hà Đông,Viet Nam,,1581364
Gò Công,Viet Nam,,1581529
Gia Nghĩa,Viet Nam,,1581834
Đưc Trọng,Viet Nam,,1582173
Đố Sơn,Viet Nam,,1582367
Đồng Xoài,Viet Nam,,1582436
Đồng Hới,Viet Nam,,1582886
Ðông Hà,Viet Nam,,1582926
Dien Bien Phu,Viet Nam,,1583477
Dĩ An,Viet Nam,,1583518
Da Nang,Viet Nam,,1583992
Ðà Lạt,Viet Nam,,1584071
Đại Lộc,Viet Nam,,1584301
Củ Chi,Viet Nam,,1584661
Cờ Đỏ,Viet Nam,,1584784
Cổ Lóa,Viet Nam,,1584955
Chí Linh,Viet Nam,,1585489
Châu Đốc,Viet Nam,,1585660
Cát Bà,Viet Nam,,1586052
Cao Lãnh,Viet Nam,,1586151
Cao Bằng,Viet Nam,,1586185
Cần Thơ,Viet Nam,,1586203
Cần Giờ,Viet Nam,,1586288
Cần Giuộc,Viet Nam,,1586296
Cam Ranh,Viet Nam,,1586350
Cẩm Phả Mines,Viet Nam,,1586357
Cẩm Phả,Viet Nam,,1586360
Cà Mau,Viet Nam,,1586443
Cái Răng,Viet Nam,,1586519
Buôn Ma Thuột,Viet Nam,,1586896
Buôn Hồ,Viet Nam,,1586989
Bình Thủy,Viet Nam,,1587759
Bỉm Sơn,Viet Nam,,1587919
Biên Hòa,Viet Nam,,1587923
Bến Tre,Viet Nam,,1587976
Bảo Lộc,Viet Nam,,1588275
Bắc Ninh,Viet Nam,,1591449
Bạc Liêu,Viet Nam,,1591474
Bắc Giang,Viet Nam,,1591527
Bắc Kạn,Viet Nam,,1591538
Cung Kiệm,Viet Nam,,8340760
Lai Châu,Viet Nam,,8456741
Bình Minh,Viet Nam,,8539621
Hoàn Kiếm,Viet Nam,,8616124
Ea Drăng,Viet Nam,,8724987
Đinh Văn,Viet Nam,,8991407
Vĩnh Thạnh,Viet Nam,,9533392
Quận Bốn,Viet Nam,,9645071
Quận Sáu,Viet Nam,,9645072
Quận Năm,Viet Nam,,9645073
Quận Mười Một,Viet Nam,,9645084
Quận Mười,Viet Nam,,9645085
Quận Ba,Viet Nam,,9645086
Thị Trấn Tân Thành,Viet Nam,,12061022
Quận Đức Thịnh,Viet Nam,,12166273
Quận Đức Thành,Viet Nam,,12166275
Huyện Lâm Hà,Viet Nam,,12217184
Phú Quốc,Viet Nam,,12253704
thị xã Quảng Trị,Viet Nam,,12261368
Quang Minh,Viet Nam,,12382295
Thuận An,Viet Nam,,12382296
Ô Chợ Dừa,Viet Nam,,12808881
Láng Thượng,Viet Nam,,12808882
Port-Vila,Vanuatu,,2135171
Mata-Utu,Wallis and Futuna,,4034821
Apia,Samoa,,4035413
Zvečan,No country found for: XK,,783770
Vushtrri,No country found for: XK,,784097
Vitina,No country found for: XK,,784372
Ferizaj,No country found for: XK,,784759
Suva Reka,No country found for: XK,,785238
Shtime,No country found for: XK,,785485
Prizren,No country found for: XK,,786712
Pristina,No country found for: XK,,786714
Podujeva,No country found for: XK,,786950
Pejë,No country found for: XK,,787157
Orahovac,No country found for: XK,,787456
Llazicë,No country found for: XK,,788470
Leposaviq,No country found for: XK,,788731
Mitrovicë,No country found for: XK,,789225
Kosovo Polje,No country found for: XK,,789228
Istok,No country found for: XK,,789996
Gjilan,No country found for: XK,,790674
Glogovac,No country found for: XK,,790701
Dragash,No country found for: XK,,791122
Deçan,No country found for: XK,,791580
Gjakovë,No country found for: XK,,791646
Zinjibār,Yemen,,69426
Zabīd,Yemen,,69500
Yarīm,Yemen,,69559
Taiz,Yemen,,70225
Sayyān,Yemen,,70979
Sanaa,Yemen,,71137
Saḩar,Yemen,,71273
Sa'dah,Yemen,,71334
Ma'rib,Yemen,,72968
Laḩij,Yemen,,73560
Ibb,Yemen,,74477
Ḩajjah,Yemen,,75337
Dhī as Sufāl,Yemen,,76154
Dhamār,Yemen,,76184
Bayt al Faqīh,Yemen,,76991
Bājil,Yemen,,77408
Ataq,Yemen,,77726
‘Amrān,Yemen,,78428
Mukalla,Yemen,,78754
Al Ḩudaydah,Yemen,,79415
Al Ḩazm,Yemen,,79455
Al Bayda,Yemen,,79836
Aden,Yemen,,415189
Mamoudzou,Mayotte,,921815
Dzaoudzi,Mayotte,,921900
Koungou,Mayotte,,1090225
Kaouéni,Mayotte,,1090239
Mtsapéré,Mayotte,,1090242
Labattoir,Mayotte,,1090275
Roodepoort,South Africa,,936374
Zeerust,South Africa,,937136
Zastron,South Africa,,937246
Wolmaransstad,South Africa,,938457
White River,South Africa,,938694
Emalahleni,South Africa,,939270
Winburg,South Africa,,939608
Whittlesea,South Africa,,940186
Westonaria,South Africa,,940316
Wesselsbron,South Africa,,940424
Wembesi,South Africa,,940509
Welkom,South Africa,,940909
Warrenton,South Africa,,941931
Bela Bela,South Africa,,941966
Vryheid,South Africa,,942470
Vryburg,South Africa,,942511
Vredefort,South Africa,,942683
Vrede,South Africa,,942701
Volksrust,South Africa,,943032
Virginia,South Africa,,943882
Villiers,South Africa,,943937
Viljoenskroon,South Africa,,943960
Verena,South Africa,,944380
Vereeniging,South Africa,,944385
Ventersdorp,South Africa,,944531
Vanderbijlpark,South Africa,,944986
Vaalwater,South Africa,,945141
Upington,South Africa,,945945
eMuziwezinto,South Africa,,946010
Mthatha,South Africa,,946058
eMkhomazi,South Africa,,946128
Ulundi,South Africa,,946257
Kariega,South Africa,,946877
Ugie,South Africa,,946932
Tzaneen,South Africa,,946973
Trichardt,South Africa,,948130
Tongaat,South Africa,,948468
Tokoza,South Africa,,948542
Thulamahashi,South Africa,,949026
Thohoyandou,South Africa,,949224
Theunissen,South Africa,,949282
Thabazimbi,South Africa,,949683
Thaba Nchu,South Africa,,949703
Thembisa,South Africa,,949880
Swellendam,South Africa,,950709
Stutterheim,South Africa,,951650
Stilfontein,South Africa,,952192
KwaDukuza,South Africa,,952734
Standerton,South Africa,,952747
Springs,South Africa,,952865
Soweto,South Africa,,953781
Soshanguve,South Africa,,954013
Somerset East,South Africa,,954161
Siyabuswa,South Africa,,955313
Shakaskraal,South Africa,,956232
Senekal,South Africa,,956507
Secunda,South Africa,,956767
Scottburgh,South Africa,,956878
Schweizer-Reneke,South Africa,,956907
Sasolburg,South Africa,,957487
Sabie,South Africa,,958441
Rustenburg,South Africa,,958724
Riversdale,South Africa,,961152
Richmond,South Africa,,962330
Richards Bay,South Africa,,962367
Reitz,South Africa,,962847
Randfontein,South Africa,,963230
Randburg,South Africa,,963241
Queenstown,South Africa,,963516
Queensdale,South Africa,,963525
Pretoria,South Africa,,964137
Mokopane,South Africa,,964315
Potchefstroom,South Africa,,964349
Postmasburg,South Africa,,964363
Port Shepstone,South Africa,,964406
Port Elizabeth,South Africa,,964420
Port Alfred,South Africa,,964432
Plettenberg Bay,South Africa,,964712
Pinetown,South Africa,,965154
Piet Retief,South Africa,,965241
Polokwane,South Africa,,965289
Pietermaritzburg,South Africa,,965301
Phuthaditjhaba,South Africa,,965401
Phalaborwa,South Africa,,965528
Mamafubedu,South Africa,,965571
Parys,South Africa,,966166
Pampierstad,South Africa,,966380
Oudtshoorn,South Africa,,967106
Ottosdal,South Africa,,967238
Orkney,South Africa,,967476
Odendaalsrus,South Africa,,968477
Modimolle,South Africa,,968665
Northam,South Africa,,969698
Nkowakowa,South Africa,,970341
Nigel,South Africa,,970566
Newcastle,South Africa,,971421
Mbombela,South Africa,,971534
Mookgophong,South Africa,,972206
Mtubatuba,South Africa,,972803
Mpumalanga,South Africa,,973111
Mpophomeni,South Africa,,973139
Tlokoeng,South Africa,,973527
Mossel Bay,South Africa,,973709
Mooi River,South Africa,,974222
Montagu,South Africa,,974611
Mondlo,South Africa,,974670
Moloto South,South Africa,,974738
Mmabatho,South Africa,,975436
Middelburg,South Africa,,976358
Middelburg,South Africa,,976361
Mdantsane,South Africa,,977432
Matsulu,South Africa,,977975
Marquard,South Africa,,978677
Margate,South Africa,,978895
Makwassie,South Africa,,979910
Mafikeng,South Africa,,980595
Mabopane,South Africa,,980921
Lydenburg,South Africa,,981158
Louis Trichardt,South Africa,,981827
Lichtenburg,South Africa,,982899
Leslie,South Africa,,983065
Leeudoringstad,South Africa,,984012
Ladysmith,South Africa,,984998
Lady Frere,South Africa,,985011
Ladybrand,South Africa,,985015
Kwaggafontein,South Africa,,985885
Kutloanong,South Africa,,986083
Kruisfontein,South Africa,,986717
Krugersdorp,South Africa,,986822
Kroonstad,South Africa,,986846
Kriel,South Africa,,987202
Koster,South Africa,,987648
Koppies,South Africa,,987875
Komatipoort,South Africa,,988290
Kokstad,South Africa,,988356
Knysna,South Africa,,988698
Klerksdorp,South Africa,,989921
Kinross,South Africa,,990825
Qonce,South Africa,,990849
Kimberley,South Africa,,990930
Johannesburg,South Africa,,993800
Jeffreys Bay,South Africa,,993910
Itsoseng,South Africa,,994432
Humansdorp,South Africa,,995094
Howick,South Africa,,995202
Hoopstad,South Africa,,995573
Hennenman,South Africa,,996918
Hendrina,South Africa,,996930
Heilbron,South Africa,,997140
Heidelberg,South Africa,,997151
Hartbeespoort,South Africa,,997678
Hartbeesfontein,South Africa,,997718
Harrismith,South Africa,,997751
Hammanskraal,South Africa,,998082
Groot-Brakrivier,South Africa,,999602
Greytown,South Africa,,1000006
Grahamstown,South Africa,,1000501
Graaff Reinet,South Africa,,1000543
Gonubie,South Africa,,1000937
Glencoe,South Africa,,1001736
Giyani,South Africa,,1001860
George,South Africa,,1002145
Ga-Rankuwa,South Africa,,1002851
Frankfort,South Africa,,1003763
Fouriesburg,South Africa,,1003843
Fort Beaufort,South Africa,,1003953
Fochville,South Africa,,1004109
Ficksburg,South Africa,,1004303
Evaton,South Africa,,1004866
Estcourt,South Africa,,1004962
eSikhaleni,South Africa,,1005029
Eshowe,South Africa,,1005040
Ermelo,South Africa,,1005125
Empangeni,South Africa,,1005544
eMbalenhle,South Africa,,1005646
Khowa,South Africa,,1005781
Edenvale,South Africa,,1006834
East London,South Africa,,1006984
Dysselsdorp,South Africa,,1007061
Dwarsloop,South Africa,,1007140
Durban,South Africa,,1007311
Dundee,South Africa,,1007400
Duiwelskloof,South Africa,,1007514
Driefontein,South Africa,,1008261
Dimbaza,South Africa,,1009863
Deneysville,South Africa,,1010962
Delmas,South Africa,,1011031
De Aar,South Africa,,1011632
Cullinan,South Africa,,1012413
Cradock,South Africa,,1012600
Coligny,South Africa,,1013067
Clydesdale,South Africa,,1013199
Hlohlolwane,South Africa,,1013266
Christiana,South Africa,,1013550
Carolina,South Africa,,1014012
Carletonville,South Africa,,1014073
Cala,South Africa,,1014322
Butterworth,South Africa,,1014489
Burgersdorp,South Africa,,1014653
Bultfontein,South Africa,,1014747
Bronkhorstspruit,South Africa,,1015504
Brits,South Africa,,1015621
Breyten,South Africa,,1015694
Bredasdorp,South Africa,,1015776
Winnie Mandela,South Africa,,1015969
Brakpan,South Africa,,1016181
Botshabelo,South Africa,,1016670
Bothaville,South Africa,,1016698
Boksburg,South Africa,,1017780
Bloemhof,South Africa,,1018673
Bloemfontein,South Africa,,1018725
Bhisho,South Africa,,1019330
Bethlehem,South Africa,,1019704
Bethal,South Africa,,1019760
Benoni,South Africa,,1020098
Belfast,South Africa,,1020340
Beaufort West,South Africa,,1020641
Barberton,South Africa,,1021086
Ballitoville,South Africa,,1021360
Balfour,South Africa,,1021396
Ashton,South Africa,,1022145
Amandelbult,South Africa,,1022982
Allanridge,South Africa,,1023287
Aliwal North,South Africa,,1023309
Alice,South Africa,,1023332
Alexandra,South Africa,,1023374
Alberton,South Africa,,1023441
Ekangala,South Africa,,1105726
Somaroboro,South Africa,,1105728
Midrand,South Africa,,1105776
Centurion,South Africa,,1105777
Worcester,South Africa,,3359041
Wellington,South Africa,,3359510
Vredendal,South Africa,,3359736
Vredenburg,South Africa,,3359741
Stellenbosch,South Africa,,3361025
Saldanha,South Africa,,3361934
Robertson,South Africa,,3362349
Paarl,South Africa,,3363094
Moorreesburg,South Africa,,3363957
Malmesbury,South Africa,,3364346
Lansdowne,South Africa,,3364682
Kraaifontein,South Africa,,3365083
Hermanus,South Africa,,3366880
Grabouw,South Africa,,3367513
Gansbaai,South Africa,,3367804
Ceres,South Africa,,3369129
Cape Town,South Africa,,3369157
Caledon,South Africa,,3369179
Atlantis,South Africa,,3370352
Athlone,South Africa,,3370356
Somerset West,South Africa,,6951112
Rondebosch,South Africa,,7302802
Lephalale,South Africa,,7730334
Musina,South Africa,,8030223
Midstream,South Africa,,8030233
Mandeni,South Africa,,8063456
Retreat,South Africa,,8604596
Hartbeestfontein-A,South Africa,,8604906
Marapong,South Africa,,8629684
Diepsloot,South Africa,,8764562
Etwatwa,South Africa,,11204106
Marikana,South Africa,,11204123
Ga-Malakhe,South Africa,,11204214
Ivory Park,South Africa,,11204237
Lukwatini,South Africa,,11204240
Mankweng,South Africa,,11204446
Mkhuhlu,South Africa,,11204552
Kamaqhekeza,South Africa,,11204695
Phola,South Africa,,11205133
Ntuzuma,South Africa,,11205667
Ncotshane,South Africa,,11205753
Malamulele,South Africa,,11282157
Folweni,South Africa,,11288103
Lebohang,South Africa,,11428880
Ndevana,South Africa,,12718754
Tshiame,South Africa,,12718756
Phomolong,South Africa,,12718757
Bagale,South Africa,,12718768
Frischgewaagd,South Africa,,12718789
Tshitereke,South Africa,,12718811
Praktiseer,South Africa,,12718812
Lebowakgomo,South Africa,,12718813
Empuluzu,South Africa,,12718832
Daggakraal,South Africa,,12718833
Thubelihle,South Africa,,12718834
Tekwane,South Africa,,12718835
Vaalbank,South Africa,,12718836
Redhill,South Africa,,12718837
Letlhabile,South Africa,,12718846
Le Roux,South Africa,,12718868
Nhlazatje,South Africa,,12750584
Fernie,South Africa,,12750601
Nchelenge,Zambia,,175499
Nakonde,Zambia,,175555
Mpulungu,Zambia,,175961
Mporokoso,Zambia,,175967
Mbala,Zambia,,176146
Kawambwa,Zambia,,176555
Kaputa,Zambia,,176758
Chiengi,Zambia,,177748
Zambezi,Zambia,,895953
Solwezi,Zambia,,897045
Sinda,Zambia,,897454
Sinazongwe,Zambia,,897456
Siavonga,Zambia,,898188
Sesheke,Zambia,,898905
Serenje,Zambia,,898912
Senanga,Zambia,,898947
Samfya,Zambia,,899274
Petauke,Zambia,,899825
Nyimba,Zambia,,900056
Ndola,Zambia,,901344
Namwala,Zambia,,901766
Mwinilunga,Zambia,,902620
Mumbwa,Zambia,,904422
Mufulira,Zambia,,905395
Mpongwe,Zambia,,905789
Mpika,Zambia,,905846
Monze,Zambia,,906044
Mongu,Zambia,,906054
Mkushi,Zambia,,906221
Mazabuka,Zambia,,907111
Manyinga,Zambia,,907705
Mansa,Zambia,,907770
Maamba,Zambia,,908718
Luwingu,Zambia,,908913
Lusaka,Zambia,,909137
Lundazi,Zambia,,909299
Lukulu,Zambia,,909488
Luanshya,Zambia,,909863
Livingstone,Zambia,,910111
Kitwe,Zambia,,911148
Katete,Zambia,,912072
Kasempa,Zambia,,912628
Kasama,Zambia,,912764
Kapiri Mposhi,Zambia,,913029
Kaoma,Zambia,,913323
Kansanshi,Zambia,,913613
Kalulushi,Zambia,,914959
Kalomo,Zambia,,915086
Kalabo,Zambia,,915471
Kafue,Zambia,,915883
Kabwe,Zambia,,916095
Kabompo,Zambia,,916246
Isoka,Zambia,,916668
Chongwe,Zambia,,917688
Choma,Zambia,,917748
Chisasa,Zambia,,918398
Chirundu,Zambia,,918488
Chipata,Zambia,,918702
Chinsali,Zambia,,918905
Chingola,Zambia,,919009
Chililabombwe,Zambia,,919544
Chavuma,Zambia,,920470
Chambishi,Zambia,,920820
Itezhi-Tezhi,Zambia,,6695527
Chilanga Township,Zambia,,7932530
Nampundwe,Zambia,,8298600
Chisankane,Zambia,,13132724
Chunga,Zambia,,13132725
Lusaka West,Zambia,,13132726
Madido,Zambia,,13132727
Manyama,Zambia,,13132728
Mapalo,Zambia,,13132729
Mufumbwe,Zambia,,13132730
Mwansabombwe,Zambia,,13132731
Namalombwe,Zambia,,13132732
Ntandabale,Zambia,,13132733
Palabana,Zambia,,13132734
Zvishavane,Zimbabwe,,878549
Victoria Falls,Zimbabwe,,879431
Shurugwi,Zimbabwe,,881164
Ruwa,Zimbabwe,,882009
Rusape,Zimbabwe,,882100
Redcliff,Zimbabwe,,882599
Norton,Zimbabwe,,884141
Mvurwi,Zimbabwe,,884798
Mutare,Zimbabwe,,884979
Masvingo,Zimbabwe,,886763
Marondera,Zimbabwe,,886990
Kwekwe,Zimbabwe,,888710
Karoi,Zimbabwe,,889191
Kariba,Zimbabwe,,889215
Kadoma,Zimbabwe,,889453
Hwange,Zimbabwe,,889942
Harare,Zimbabwe,,890299
Gweru,Zimbabwe,,890422
Gwanda,Zimbabwe,,890516
Gokwe,Zimbabwe,,890983
Chiredzi,Zimbabwe,,893485
Chipinge,Zimbabwe,,893549
Chinhoyi,Zimbabwe,,893697
Chegutu,Zimbabwe,,894239
Bulawayo,Zimbabwe,,894701
Bindura,Zimbabwe,,895061
Beitbridge,Zimbabwe,,895269
Epworth,Zimbabwe,,1085510
Chitungwiza,Zimbabwe,,1106542
Harare Western Suburbs,Zimbabwe,,13132735
